canonical_smiles,Compound,smiles,activity_pchembl,activity_class,true_class_strict3_desc,emb_000,emb_001,emb_002,emb_003,emb_004,emb_005,emb_006,emb_007,emb_008,emb_009,emb_010,emb_011,emb_012,emb_013,emb_014,emb_015,emb_016,emb_017,emb_018,emb_019,emb_020,emb_021,emb_022,emb_023,emb_024,emb_025,emb_026,emb_027,emb_028,emb_029,emb_030,emb_031,emb_032,emb_033,emb_034,emb_035,emb_036,emb_037,emb_038,emb_039,emb_040,emb_041,emb_042,emb_043,emb_044,emb_045,emb_046,emb_047,emb_048,emb_049,emb_050,emb_051,emb_052,emb_053,emb_054,emb_055,emb_056,emb_057,emb_058,emb_059,emb_060,emb_061,emb_062,emb_063,emb_064,emb_065,emb_066,emb_067,emb_068,emb_069,emb_070,emb_071,emb_072,emb_073,emb_074,emb_075,emb_076,emb_077,emb_078,emb_079,emb_080,emb_081,emb_082,emb_083,emb_084,emb_085,emb_086,emb_087,emb_088,emb_089,emb_090,emb_091,emb_092,emb_093,emb_094,emb_095,emb_096,emb_097,emb_098,emb_099,emb_100,emb_101,emb_102,emb_103,emb_104,emb_105,emb_106,emb_107,emb_108,emb_109,emb_110,emb_111,emb_112,emb_113,emb_114,emb_115,emb_116,emb_117,emb_118,emb_119,emb_120,emb_121,emb_122,emb_123,emb_124,emb_125,emb_126,emb_127,projection_x,projection_y,grid_x,grid_y
C#CCNc1nc(Nc2ccc(S(N)(=O)=O)cc2)ncc1Br,CHEMBL549757,C#CCNc1nc(Nc2ccc(S(N)(=O)=O)cc2)ncc1Br,6.48,medium,Medium,1.0319848,0.0,0.0,0.0,0.0,0.0,0.0,0.0,0.0,0.0,0.0,0.0,0.0,0.0,0.0,0.0,0.0,0.0,0.0,0.0,0.0,0.0,1.6623098,0.0,0.0,1.6132702,0.0,0.0,0.0,0.0,0.0,0.0,0.45611092,0.0,0.0,1.1680695,0.0,0.0,0.0,0.0,0.0,0.87828296,0.0,0.0,1.9881518,1.5646424,0.0,0.0,1.2448136,0.0,1.071452,0.0,0.0,0.0,0.04178887,0.0,0.0,1.4583812,0.0,0.0,0.0,0.0,0.0,0.0,1.1399994,0.0,1.7582884,0.0,0.0,0.0,0.012076758,0.0,0.0,0.0,0.0,0.0,0.0,0.0,0.0,0.0,0.0,0.29206884,0.0,0.0,0.0,0.0,0.0,1.2250978,0.0,0.0,0.8289876,0.0,0.0,1.7008605,0.0,1.0394427,0.0,0.0,0.0,0.0,0.0,0.0,0.0,0.0,0.0,1.3361708,0.0,0.0,0.0,0.0,1.6245158,1.1762131,1.4194993,0.0,0.0,0.0,0.0,1.9198297,0.0,0.0,0.0,0.0,0.0,0.0,0.0,0.0,0.0,0.0,0.5721772930692107,0.5858584981289788,0.5652173913043478,0.5869565217391304
C/C=C/C(=O)Oc1ccc2sc(S(N)(=O)=O)nc2c1,CHEMBL79324,C/C=C/C(=O)Oc1ccc2sc(S(N)(=O)=O)nc2c1,8.68,active,Active,1.1026952,0.0,0.0,0.0,0.0,0.0,0.0,0.0,0.0,0.0,0.0,0.0,0.0,0.0,0.0,0.0,0.0,0.0,0.0,0.0,0.0,0.0,2.1947227,0.0,0.0,1.9766519,0.0,0.0,0.0,0.0,0.0,0.0,0.6207201,0.0,0.0,1.5027206,0.0,0.0,0.0,0.0,0.0,1.4752727,0.0,0.0,2.2807894,1.4020748,0.0,0.0,1.7248933,0.0,1.8398165,0.0,0.0,0.0,0.05417358,0.0,0.0,1.9261023,0.0,0.0,0.0,0.0,0.0,0.0,1.6158025,0.0,2.459844,0.0,0.0,0.0,0.29767436,0.0,0.0,0.0,0.0,0.0,0.0,0.0,0.0,0.0,0.0,0.0,0.0,0.0,0.0,0.0,0.0,1.79559,0.0,0.0,1.4373056,0.0,0.0,2.4622073,0.0,1.7424885,0.0,0.0,0.0,0.0,0.0,0.0,0.0,0.0,0.0,1.5347836,0.0,0.0,0.0,0.0,1.8791274,1.1065507,1.9668982,0.0,0.0,0.0,0.0,2.3482568,0.0,0.0,0.0,0.0,0.0,0.0,0.0,0.0,0.0,0.0,0.7840109947005938,0.634601159558651,0.7608695652173912,0.6739130434782609
CC(=O)/N=c1/sc(S(N)(=O)=O)nn1C,CHEMBL19,CC(=O)/N=c1/sc(S(N)(=O)=O)nn1C,7.85,active,Active,1.176172,0.0,0.0,0.0,0.0,0.0,0.0,0.0,0.0,0.0,0.0,0.0,0.0,0.0,0.0,0.0,0.0,0.0,0.0,0.0,0.0,0.0,2.0724204,0.0,0.0,1.4238597,0.0,0.0,0.0,0.0,0.0,0.0,0.83498424,0.0,0.0,1.6402442,0.0,0.0,0.0,0.0,0.0,1.7495849,0.0,0.0,2.7489183,1.872916,0.0,0.0,1.6282393,0.0,1.9243275,0.0,0.0,0.0,0.17305768,0.0,0.0,1.85912,0.0,0.0,0.0,0.0,0.0,0.0,2.120748,0.0,2.333744,0.0,0.0,0.0,1.7256869,0.0,0.0,0.0,0.15295789,0.0,0.0,0.0,0.0,0.0,0.0,0.0,0.0,0.0,0.0,0.0,0.0,1.7729292,0.0,0.0,1.6097851,0.0,0.0,2.66225,0.0,1.8840379,0.0,0.0,0.0,0.0,0.0,0.0,0.0,0.0,0.0,1.3774811,0.0,0.0,0.0,0.0,1.9140785,0.90615153,2.1766062,0.0,0.0,0.0,0.0,1.9907256,0.0,0.118858136,0.0,0.0,0.0,0.0,0.0,0.0,0.0,0.0,0.8614644619972063,0.8249687250919733,0.8478260869565217,0.8260869565217391
CC(=O)C(/N=N/c1cccc(-n2nc(C(=O)Nc3nnc(S(N)(=O)=O)s3)c(C(=O)c3ccccc3)c2-c2ccccc2)c1)C(=O)OC(C)(C)C,CHEMBL507085,CC(=O)C(/N=N/c1cccc(-n2nc(C(=O)Nc3nnc(S(N)(=O)=O)s3)c(C(=O)c3ccccc3)c2-c2ccccc2)c1)C(=O)OC(C)(C)C,6.824999999999999,medium,Medium,0.6538836,0.0,0.0,0.0,0.0,0.0,0.24717069,0.0,0.0,0.0,0.0,0.0,0.0,0.0,0.0,0.0,0.0,0.0,0.0,0.42733088,0.0,0.0,1.570815,0.0,0.0,1.6956917,0.0,0.0,0.0,0.0,0.0,0.0,0.24585307,0.0,0.0,1.1762537,0.0,0.0,0.0,0.0,0.38082343,0.82218426,0.0,0.0,1.5367355,0.6861138,0.0,0.0,1.1349535,0.0,1.18049,0.0,0.0,0.0,0.0,0.0,0.0,1.4148654,0.0,0.0,0.0,0.0,0.0,0.20814863,0.8489699,0.0,1.6202667,0.0,0.0,0.0,0.0,0.0,0.0,0.0,0.0,0.0,0.0,0.0,0.0,0.0,0.0,0.0,0.0,0.0,0.0,0.0,0.0,1.0553612,0.0,0.0,1.0526499,0.0,0.0,1.6078967,0.0,1.1907347,0.0,0.0,0.0,0.0,0.0,0.0,0.0,0.0,0.0,1.2246184,0.0,0.0,0.0,0.0,1.1892692,0.7549459,1.3562936,0.0,0.0,0.0,0.0,1.7115035,0.0,0.0,0.0,0.0,0.0,0.0,0.0,0.0,0.0,0.0,0.5183276756084314,0.428765538937557,0.5,0.41304347826086957
CC(=O)C(/N=N/c1cccc(-n2nc(C(=O)Nc3nnc(S(N)(=O)=O)s3)c(C(=O)c3ccccc3)c2-c2ccccc2)c1)C(=O)c1ccccc1,CHEMBL444683,CC(=O)C(/N=N/c1cccc(-n2nc(C(=O)Nc3nnc(S(N)(=O)=O)s3)c(C(=O)c3ccccc3)c2-c2ccccc2)c1)C(=O)c1ccccc1,6.245,medium,Medium,0.56061065,0.0,0.0,0.0,0.0,0.0,0.31030256,0.0,0.0,0.0,0.0,0.0,0.0,0.0,0.0,0.0,0.0,0.0,0.0,0.44594458,0.0,0.0,1.5746052,0.0,0.316784,1.6974406,0.0,0.0,0.0,0.0,0.0,0.0,0.21730351,0.0,0.0,1.1921386,0.0,0.0,0.104784474,0.0,0.5020437,0.73410535,0.010143999,0.0,1.381408,0.5580851,0.0,0.0,1.1268666,0.0,1.1550182,0.0,0.045594223,0.0,0.0,0.0,0.0,1.4034153,0.0,0.0,0.0,0.0,0.0,0.45170513,0.7317927,0.0,1.5554246,0.0,0.14981748,0.0,0.0,0.0,0.0,0.0,0.0,0.0,0.0,0.0,0.0,0.0,0.0,0.0,0.0,0.0,0.0,0.0,0.0,0.9865616,0.0,0.0,0.93809754,0.0,0.0,1.5768965,0.0,1.1171904,0.0,0.0,0.0,0.0,0.0,0.0,0.0,0.0,0.30140218,1.166695,0.0,0.0,0.0,0.0,1.0844647,0.7198899,1.2436148,0.0,0.0,0.04312443,0.0,1.6921154,0.0,0.0,0.0,0.0,0.0,0.0,0.0,0.0,0.0,0.0,0.5155953149952134,0.39773914296963814,0.5,0.3913043478260869
CC(=O)C(/N=N/c1cccc(-n2nc(C(=O)Nc3nnc(S(N)(=O)=O)s3)c(C(=O)c3ccccc3)c2-c2ccccc2)c1)C(C)=O,CHEMBL453931,CC(=O)C(/N=N/c1cccc(-n2nc(C(=O)Nc3nnc(S(N)(=O)=O)s3)c(C(=O)c3ccccc3)c2-c2ccccc2)c1)C(C)=O,6.91,medium,Medium,0.64712894,0.0,0.0,0.0,0.0,0.0,0.20247278,0.0,0.0,0.0,0.0,0.0,0.0,0.0,0.0,0.0,0.0,0.0,0.0,0.4029755,0.0,0.0,1.6713789,0.0,0.0,1.7334424,0.0,0.0,0.0,0.0,0.0,0.0,0.28421634,0.0,0.0,1.278365,0.0,0.0,0.0,0.0,0.31718475,0.87599856,0.0,0.0,1.525597,0.69677913,0.0,0.0,1.2097988,0.0,1.279956,0.0,0.0,0.0,0.0,0.0,0.0,1.4903861,0.0,0.0,0.0,0.0,0.0,0.23657113,0.89789283,0.0,1.6919534,0.0,0.0,0.0,0.0,0.0,0.0,0.0,0.0,0.0,0.0,0.0,0.0,0.0,0.0,0.0,0.0,0.0,0.0,0.0,0.0,1.1005065,0.0,0.0,1.0514917,0.0,0.0,1.7283096,0.0,1.2473071,0.0,0.0,0.0,0.0,0.0,0.0,0.0,0.0,0.02260072,1.2263643,0.0,0.0,0.0,0.0,1.2001692,0.7583278,1.3918859,0.0,0.0,0.0,0.0,1.7950741,0.0,0.0,0.0,0.0,0.0,0.0,0.0,0.0,0.0,0.0,0.5246115893780823,0.4294149468655375,0.5217391304347826,0.41304347826086957
CC(=O)Cn1c(C)cc2c(-n3nc(C(=O)Nc4nnc(S(N)(=O)=O)s4)c(C(=O)c4ccccc4)c3-c3ccccc3)cccc21,CHEMBL443431,CC(=O)Cn1c(C)cc2c(-n3nc(C(=O)Nc4nnc(S(N)(=O)=O)s4)c(C(=O)c4ccccc4)c3-c3ccccc3)cccc21,6.75,medium,Medium,0.8449919,0.0,0.0,0.0,0.0,0.0,0.57919884,0.0,0.0,0.0,0.0,0.0,0.0,0.0,0.0,0.0,0.0,0.0,0.0,0.7630337,0.0,0.0,1.9639443,0.0,0.6417603,2.1408708,0.0,0.0,0.0,0.0,0.0,0.0,0.3699275,0.0,0.0,1.4802434,0.0,0.0,0.45572382,0.0,0.6600524,1.0313658,0.0,0.0,1.6093174,0.7471701,0.0,0.0,1.4857041,0.0,1.5454984,0.0,0.0,0.0,0.0,0.0,0.0,1.7435604,0.0,0.0,0.0,0.0,0.0,0.15065809,1.0021119,0.0,2.0462053,0.0,0.41361833,0.0,0.0,0.0,0.0,0.18201803,0.0,0.0,0.0,0.0,0.0,0.0,0.0,0.0,0.0,0.0,0.0,0.0,0.0,1.3618702,0.0,0.0,1.2280337,0.0,0.0,2.0382562,0.0,1.4820969,0.0,0.0,0.0,0.0,0.0,0.0,0.0,0.0,0.66760784,1.4627498,0.0,0.0,0.0,0.0,1.428128,0.98731506,1.6418511,0.0,0.0,0.0,0.0,2.2398908,0.0,0.0,0.0,0.0,0.0,0.0,0.0,0.0,0.0,0.0,0.5300986973026776,0.3245405321229733,0.5217391304347826,0.30434782608695654
CC(=O)NO,CHEMBL734,CC(=O)NO,4.33,inactive,Inactive,0.48987475,0.0,0.0,3.072148,0.0,0.0,0.0,0.0,0.0,0.0,0.0,0.0,0.0,0.0,0.0,0.0,0.0,0.0,0.0,0.13137761,0.0,0.0,0.5395673,0.91072655,0.0,0.6640101,0.0,0.0,0.0,0.42237112,0.0,0.0,0.0,0.0,0.0,0.40623075,0.0,0.0,0.0,0.0,0.48850518,0.2668455,0.0,0.0,1.4475982,0.7265092,0.0,0.0,0.14110443,0.0,0.09988494,0.0,0.0,0.0,0.0,0.0,0.0,0.62977517,0.0,0.0,0.0,1.6201408,0.0,0.0,0.7102699,0.0,0.605576,0.0,0.0,0.0,0.0,0.0,0.0,0.0,0.0,0.0,0.0,0.0,0.0,0.0,0.0,0.0,0.0,0.0,0.0,0.0,0.0,0.0,0.0,0.0,0.88478327,0.0,0.0,0.5641847,0.0,0.54552984,0.0,0.0,0.0,0.0,0.0,2.1241515,0.0,0.0,0.0,0.87649065,0.0,0.0,0.0,0.0,0.66468066,0.36238712,1.0627196,0.0,0.0,0.0,0.0,0.69951075,0.0,0.0,0.0,0.0,0.0,3.5555334,0.0,0.0,0.0,0.0,0.7180652482789082,0.15478858324618183,0.717391304347826,0.17391304347826086
CC(=O)N[C@@H]1O[C@H](CO)[C@@H](O)[C@H](O)[C@H]1NC(=O)c1ccc(S(N)(=O)=O)cc1,CHEMBL5074657,CC(=O)N[C@@H]1O[C@H](CO)[C@@H](O)[C@H](O)[C@H]1NC(=O)c1ccc(S(N)(=O)=O)cc1,7.44,active,Active,1.8449788,0.0,0.0,0.0,0.0,0.0,0.0,0.0,0.0,0.0,0.0,0.0,0.0,0.0,0.0,0.0,0.0,0.0,0.0,0.0,0.0,0.0,1.8307698,0.0,0.0,2.3041213,0.0,0.0,0.0,0.3661835,0.0,0.0034730285,0.39912093,0.0,0.0,1.7309701,0.0,0.0,0.0,0.0,0.0,1.038999,0.0,0.0,2.1918955,1.9929838,0.0,0.0,1.225498,0.0,0.8380899,0.0,0.0,0.0,0.03919225,0.0,0.0,1.9040483,0.0,0.0,0.0,0.0,0.0,0.0,1.192571,0.0,1.974615,0.0,0.0,0.0,0.0,0.0,0.0,0.0,0.0,0.0,0.0,0.0,0.0,0.0,0.0,0.0,0.0,0.0,0.0,0.0,0.0,1.2217329,0.0,0.0,1.247186,0.0,0.0,1.5831084,0.0,1.0067353,0.0,0.0,0.0,0.0,0.0,0.0,0.0,0.0,0.0,1.9136354,0.0,0.0,0.0,0.0,2.0308123,2.0325828,2.128065,0.0,0.0,0.0,0.13185933,2.5483966,0.0,0.14949769,0.0,0.0,0.0,0.0,0.0,0.0,0.0,0.0,0.7651417272415404,0.114727944700146,0.7608695652173912,0.10869565217391304
CC(=O)Nc1ccc2cc(S(N)(=O)=O)sc2c1,CHEMBL87444,CC(=O)Nc1ccc2cc(S(N)(=O)=O)sc2c1,8.32,active,Active,1.042675,0.0,0.0,0.0,0.0,0.0,0.0,0.0,0.0,0.0,0.0,0.0,0.0,0.0,0.0,0.0,0.0,0.0,0.0,0.0,0.0,0.0,2.2325177,0.0,0.0,1.9399164,0.0,0.0,0.0,0.0,0.0,0.0,0.6915877,0.0,0.0,1.556002,0.0,0.0,0.0,0.0,0.0,1.460631,0.0,0.0,2.1974072,1.3777517,0.0,0.0,1.760064,0.0,1.8938471,0.0,0.0,0.0,0.09627854,0.0,0.0,1.9364864,0.0,0.0,0.0,0.0,0.0,0.0,1.5843604,0.0,2.4568338,0.0,0.0,0.0,0.2982691,0.0,0.0,0.0,0.0,0.0,0.0,0.0,0.0,0.0,0.0,0.0,0.0,0.0,0.0,0.0,0.0,1.8101798,0.0,0.0,1.3745464,0.0,0.0,2.5606015,0.0,1.7468661,0.0,0.0,0.0,0.0,0.0,0.0,0.0,0.0,0.0,1.4834449,0.0,0.0,0.0,0.0,1.8352139,1.0563651,1.9140879,0.0,0.0,0.0,0.0,2.3580115,0.0,0.0,0.0,0.0,0.0,0.0,0.0,0.0,0.0,0.0,0.8063360977406905,0.6415353889986254,0.8043478260869565,0.6304347826086957
CC(=O)Nc1nnc(S(N)(=O)=O)s1,CHEMBL20,CC(=O)Nc1nnc(S(N)(=O)=O)s1,7.32,active,Active,1.4728409,0.0,0.0,0.0,0.0,0.0,0.0,0.0,0.0,0.0,0.0,0.0,0.0,0.0,0.0,0.0,0.0,0.0,0.0,0.0,0.0,0.0,2.4648504,0.0,0.0,1.7824087,0.0,0.0,0.0,0.0,0.0,0.0,0.9643048,0.0,0.0,1.9176962,0.0,0.0,0.0,0.0,0.0,2.0514176,0.0,0.0,2.9418604,2.15061,0.0,0.0,1.9922187,0.0,2.2726545,0.0,0.0,0.0,0.23049605,0.0,0.0,2.2161665,0.0,0.0,0.0,0.0,0.0,0.0,2.4480245,0.0,2.7977889,0.0,0.0,0.0,1.6882054,0.0,0.0,0.0,0.0,0.0,0.0,0.0,0.0,0.0,0.0,0.0,0.0,0.0,0.0,0.0,0.0,2.1527016,0.0,0.0,1.7898607,0.0,0.0,3.077075,0.0,2.110904,0.0,0.0,0.0,0.0,0.0,0.0,0.0,0.0,0.0,1.6562669,0.0,0.0,0.0,0.0,2.2636073,1.3004223,2.490288,0.0,0.0,0.0,0.0,2.4897602,0.0,0.1575521,0.0,0.0,0.0,0.0,0.0,0.0,0.0,0.0,0.9474174358425267,0.8243830396246917,0.9130434782608695,0.8260869565217391
CC(=O)OC1C=CC(=O)N1S(=O)(=O)c1ccc(C)cc1,CHEMBL1164744,CC(=O)OC1C=CC(=O)N1S(=O)(=O)c1ccc(C)cc1,5.1,inactive,Inactive,0.0,0.0,0.0,0.0,0.37917352,0.0,0.0,0.0,0.0,0.0,0.0,0.0,0.0,0.0,0.0,0.0,0.0,0.0,0.0,0.0,0.0,0.0,0.0,0.0,0.0,0.0,0.0,0.0,0.0,0.0,0.83713996,0.0,0.0,0.731648,0.0,0.0,0.4543983,0.46539757,0.0,0.0,0.0,0.0,0.3559931,0.0,0.7339237,0.36441728,0.0,0.0,0.0,0.0,0.0,0.0,0.0,0.0,0.0,0.0,0.0,0.0,0.0,0.0,0.0,0.0,0.11610609,0.666507,0.0,0.0,0.0,0.0,0.0,0.0,0.06634142,0.0,0.0,0.0,0.0,0.0,0.0,0.0,0.0,0.0,0.0,1.0558777,0.0,0.0,0.0,0.0,0.0,0.0,0.0,0.0,0.0,0.0,0.5744773,0.0,0.0,0.0,0.0,0.0,0.0,0.0,0.0,0.0,0.0,0.0,0.0,0.0,0.0,0.6461292,0.0,0.26006967,0.0,0.0,0.0,0.0,0.0,0.52315605,0.0,0.0,0.0,0.0,0.0,0.21262322,0.0,0.0,0.7951235,0.0,0.0,0.0,0.23466628815442173,0.8686927443330182,0.19565217391304346,0.8478260869565217
CC(=O)OCCCS(=O)(=O)c1ccc(S(N)(=O)=O)s1,CHEMBL104666,CC(=O)OCCCS(=O)(=O)c1ccc(S(N)(=O)=O)s1,8.3,active,Active,0.51082695,0.0,0.0,0.0,0.0,0.0,0.0,0.0,0.0,0.0,0.0,0.0,0.0,0.0,0.0,0.0,0.0,0.0,0.0,0.0,0.0,0.0,1.1923292,0.0,0.0,0.35971454,0.0,0.0,0.0,0.0,0.0,0.0,0.38584954,0.0,0.0,0.8166679,0.0,0.0,0.0,0.0,0.0,0.935342,0.0,0.0,2.0742779,1.5672557,0.0,0.0,0.7754454,0.0,0.83688366,0.0,0.0,0.0,0.018236436,0.0,0.0,1.0725158,0.0,0.0,0.0,0.0,0.0,0.0,1.4738114,0.0,1.3324227,0.0,0.0,0.0,1.4415002,0.0,0.0,0.0,0.7793251,0.0,0.0,0.0,0.0,0.0,0.0,0.0,0.0,0.0,0.0,0.0,0.0,0.9186235,0.0,0.0,0.572843,0.0,0.0,1.4422632,0.0,0.77777904,0.0,0.0,0.0,0.0,0.0,0.0,0.0,0.0,0.0,0.6343321,0.0,0.0,0.0,0.0,1.1908451,0.6067523,1.1011794,0.0,0.0,0.0,0.0,0.7772635,0.0,0.0,0.0,0.0,0.0,0.0,0.0,0.0,0.0,0.0,0.4963034334488829,0.7082434278851648,0.5217391304347826,0.6956521739130435
CC(=O)OCCS(=O)(=O)c1ccc(S(N)(=O)=O)s1,CHEMBL104442,CC(=O)OCCS(=O)(=O)c1ccc(S(N)(=O)=O)s1,8.26,active,Active,0.39665228,0.0,0.0,0.0,0.0,0.0,0.0,0.0,0.0,0.0,0.0,0.0,0.0,0.0,0.0,0.0,0.0,0.0,0.0,0.0,0.0,0.0,1.1109742,0.0,0.0,0.22171967,0.0,0.0,0.0,0.0,0.0,0.0,0.35804373,0.0,0.0,0.75140005,0.0,0.0,0.0,0.0,0.0,0.8443653,0.0,0.0,1.9229292,1.5401012,0.0,0.0,0.7191395,0.0,0.74788195,0.0,0.0,0.0,0.04407286,0.0,0.0,0.9543344,0.0,0.0,0.0,0.0,0.0,0.0,1.3804238,0.0,1.2324798,0.0,0.0,0.0,1.4365015,0.0,0.0,0.0,0.7780307,0.0,0.0,0.0,0.0,0.0,0.0,0.111117944,0.0,0.0,0.0,0.0,0.0,0.83416593,0.0,0.0,0.34289947,0.0,0.0,1.3404002,0.0,0.6501816,0.0,0.0,0.0,0.0,0.0,0.0,0.0,0.0,0.0,0.48129258,0.0,0.0,0.0,0.0,1.0991662,0.56799936,0.9073172,0.0,0.0,0.0,0.0,0.6722508,0.0,0.0,0.0,0.0,0.0,0.0,0.0,0.0,0.0,0.0,0.4774286714572416,0.710680239760004,0.5,0.7391304347826086
CC(=O)OCc1ccc2sc(S(N)(=O)=O)cc2c1,CHEMBL85470,CC(=O)OCc1ccc2sc(S(N)(=O)=O)cc2c1,8.0,active,Active,0.92831194,0.0,0.0,0.0,0.0,0.0,0.0,0.0,0.0,0.0,0.0,0.0,0.0,0.0,0.0,0.0,0.0,0.0,0.0,0.0,0.0,0.0,1.8500153,0.0,0.0,1.5691803,0.0,0.0,0.0,0.0,0.0,0.0,0.5081807,0.0,0.0,1.325009,0.0,0.0,0.0,0.0,0.0,1.1382602,0.0,0.0,2.042877,1.3403282,0.0,0.0,1.3548598,0.0,1.3348234,0.0,0.0,0.0,0.047508843,0.0,0.0,1.6189144,0.0,0.0,0.0,0.0,0.0,0.0,1.262937,0.0,1.9126985,0.0,0.0,0.0,0.2630427,0.0,0.0,0.0,0.0,0.0,0.0,0.0,0.0,0.0,0.0,0.0,0.0,0.0,0.0,0.0,0.0,1.3213186,0.0,0.0,0.99305385,0.0,0.0,1.9542189,0.0,1.3112949,0.0,0.0,0.0,0.0,0.0,0.0,0.0,0.0,0.0,1.2098792,0.0,0.0,0.0,0.0,1.5858111,0.8846409,1.5811446,0.0,0.0,0.0,0.0,1.9630109,0.0,0.0,0.0,0.0,0.0,0.0,0.0,0.0,0.0,0.0,0.6489828845309888,0.5429951382180691,0.6739130434782609,0.5217391304347826
CC(=O)Oc1ccc2[nH]c(S(N)(=O)=O)cc2c1,CHEMBL354062,CC(=O)Oc1ccc2[nH]c(S(N)(=O)=O)cc2c1,7.96,active,Active,0.5603126,0.0,0.0,0.0,0.10803943,0.0,0.0,0.0,0.0,0.0,0.0,0.0,0.0,0.0,0.0,0.0,0.0,0.0,0.0,0.0,0.0,0.0,1.6919837,0.0,0.0,1.3984178,0.0,0.0,0.0,0.0,0.0,0.0,0.35661152,0.21509774,0.0,0.94446963,0.059863456,0.0,0.0,0.0,0.0,0.88059354,0.0,0.0,1.6451013,0.93988997,0.0,0.0,1.2190943,0.0,1.1910932,0.0,0.0,0.0,0.0,0.0,0.0,1.4241831,0.0,0.0,0.0,0.0,0.0,0.1828104,0.9677257,0.0,1.7966089,0.0,0.0,0.0,0.0,0.0,0.0,0.0,0.0,0.0,0.0,0.0,0.0,0.0,0.0,0.0,0.0,0.0,0.0,0.0,0.0,1.2235342,0.0,0.0,0.72041327,0.0,0.0,1.7530127,0.0,1.1022389,0.0,0.0,0.0,0.0,0.0,0.0,0.0,0.0,0.0,0.99155784,0.0,0.0,0.0,0.0,1.3096039,0.6938929,1.1880001,0.0,0.0,0.0,0.0,1.704552,0.0,0.0,0.0,0.0,0.0,0.0,0.0,0.0,0.0,0.0,0.5222040683491677,0.4977654081791415,0.5217391304347826,0.4782608695652174
CC(=O)Oc1ccc2cc(S(N)(=O)=O)[nH]c2c1,CHEMBL164189,CC(=O)Oc1ccc2cc(S(N)(=O)=O)[nH]c2c1,7.5,active,Active,0.56053257,0.0,0.0,0.0,0.10756257,0.0,0.0,0.0,0.0,0.0,0.0,0.0,0.0,0.0,0.0,0.0,0.0,0.0,0.0,0.0,0.0,0.0,1.6919968,0.0,0.0,1.3979949,0.0,0.0,0.0,0.0,0.0,0.0,0.35711205,0.21454965,0.0,0.9438829,0.059121095,0.0,0.0,0.0,0.0,0.8811332,0.0,0.0,1.645043,0.940401,0.0,0.0,1.2193531,0.0,1.1914353,0.0,0.0,0.0,0.0,0.0,0.0,1.4240032,0.0,0.0,0.0,0.0,0.0,0.18088181,0.96873313,0.0,1.7973653,0.0,0.0,0.0,0.0,0.0,0.0,0.0,0.0,0.0,0.0,0.0,0.0,0.0,0.0,0.0,0.0,0.0,0.0,0.0,0.0,1.2236816,0.0,0.0,0.71991444,0.0,0.0,1.753503,0.0,1.1029217,0.0,0.0,0.0,0.0,0.0,0.0,0.0,0.0,0.0,0.9908531,0.0,0.0,0.0,0.0,1.3096431,0.69373274,1.1883029,0.0,0.0,0.0,0.0,1.7051835,0.0,0.0,0.0,0.0,0.0,0.0,0.0,0.0,0.0,0.0,0.5200003522136274,0.4993040139437001,0.5217391304347826,0.5
CC(=O)Oc1ccc2cc(S(N)(=O)=O)oc2c1,CHEMBL424188,CC(=O)Oc1ccc2cc(S(N)(=O)=O)oc2c1,8.26,active,Active,0.64848185,0.0,0.0,0.0,0.0,0.0,0.0,0.0,0.0,0.0,0.0,0.0,0.0,0.0,0.0,0.0,0.0,0.0,0.0,0.0,0.0,0.0,1.7665601,0.0,0.0,1.4099828,0.0,0.0,0.0,0.0,0.0,0.0,0.45150998,0.06429992,0.0,1.0430657,0.0,0.0,0.0,0.0,0.0,1.0101854,0.0,0.0,1.721712,1.049455,0.0,0.0,1.305846,0.0,1.3311955,0.0,0.0,0.0,0.013208821,0.0,0.0,1.4915931,0.0,0.0,0.0,0.0,0.0,0.0,1.1390494,0.0,1.9058208,0.0,0.0,0.0,0.039959185,0.0,0.0,0.0,0.0,0.0,0.0,0.0,0.0,0.0,0.0,0.0,0.0,0.0,0.0,0.0,0.0,1.3203776,0.0,0.0,0.8074022,0.0,0.0,1.9211366,0.0,1.2282925,0.0,0.0,0.0,0.0,0.0,0.0,0.0,0.0,0.0,1.0131083,0.0,0.0,0.0,0.0,1.3933133,0.7311679,1.317958,0.0,0.0,0.0,0.0,1.8210161,0.0,0.0,0.0,0.0,0.0,0.0,0.0,0.0,0.0,0.0,0.5556836079073368,0.49404702169350134,0.5434782608695652,0.4782608695652174
CC(=O)Oc1ccc2cc(S(N)(=O)=O)sc2c1,CHEMBL85636,CC(=O)Oc1ccc2cc(S(N)(=O)=O)sc2c1,8.4,active,Active,0.91255283,0.0,0.0,0.0,0.0,0.0,0.0,0.0,0.0,0.0,0.0,0.0,0.0,0.0,0.0,0.0,0.0,0.0,0.0,0.0,0.0,0.0,2.0935452,0.0,0.0,1.7087721,0.0,0.0,0.0,0.0,0.0,0.0,0.6119346,0.0,0.0,1.4026562,0.0,0.0,0.0,0.0,0.0,1.351255,0.0,0.0,2.0983481,1.2860003,0.0,0.0,1.6031228,0.0,1.7134696,0.0,0.0,0.0,0.07896554,0.0,0.0,1.7911869,0.0,0.0,0.0,0.0,0.0,0.0,1.496975,0.0,2.275792,0.0,0.0,0.0,0.3632874,0.0,0.0,0.0,0.0,0.0,0.0,0.0,0.0,0.0,0.0,0.0,0.0,0.0,0.0,0.0,0.0,1.6134549,0.0,0.0,1.1918375,0.0,0.0,2.3689377,0.0,1.612152,0.0,0.0,0.0,0.0,0.0,0.0,0.0,0.0,0.0,1.2835906,0.0,0.0,0.0,0.0,1.6944224,0.8915945,1.7521275,0.0,0.0,0.0,0.0,2.1829836,0.0,0.0,0.0,0.0,0.0,0.0,0.0,0.0,0.0,0.0,0.7703738184113333,0.611082993585583,0.7826086956521738,0.5869565217391304
CC(=O)Oc1ccc2nc(S(N)(=O)=O)sc2c1,CHEMBL81688,CC(=O)Oc1ccc2nc(S(N)(=O)=O)sc2c1,8.7,active,Active,0.8759328,0.0,0.0,0.0,0.0,0.0,0.0,0.0,0.0,0.0,0.0,0.0,0.0,0.0,0.0,0.0,0.0,0.0,0.0,0.0,0.0,0.0,2.0491161,0.0,0.0,1.6354047,0.0,0.0,0.0,0.0,0.0,0.0,0.6060721,0.0,0.0,1.3589562,0.0,0.0,0.0,0.0,0.0,1.3157988,0.0,0.0,2.0663538,1.2828244,0.0,0.0,1.5735207,0.0,1.663377,0.0,0.0,0.0,0.08615721,0.0,0.0,1.7424484,0.0,0.0,0.0,0.0,0.0,0.0,1.4834182,0.0,2.2278218,0.0,0.0,0.0,0.4013135,0.0,0.0,0.0,0.0,0.0,0.0,0.0,0.0,0.0,0.0,0.0,0.0,0.0,0.0,0.0,0.0,1.5641531,0.0,0.0,1.119891,0.0,0.0,2.3283992,0.0,1.5665865,0.0,0.0,0.0,0.0,0.0,0.0,0.0,0.0,0.0,1.216464,0.0,0.0,0.0,0.0,1.6583173,0.8522224,1.6953346,0.0,0.0,0.0,0.0,2.1352541,0.0,0.0,0.0,0.0,0.0,0.0,0.0,0.0,0.0,0.0,0.7697409327884823,0.6114552125014385,0.7608695652173912,0.6304347826086957
CC(=O)Oc1ccc2oc(S(N)(=O)=O)cc2c1,CHEMBL165124,CC(=O)Oc1ccc2oc(S(N)(=O)=O)cc2c1,8.19,active,Active,0.64809334,0.0,0.0,0.0,0.0,0.0,0.0,0.0,0.0,0.0,0.0,0.0,0.0,0.0,0.0,0.0,0.0,0.0,0.0,0.0,0.0,0.0,1.7681804,0.0,0.0,1.4139684,0.0,0.0,0.0,0.0,0.0,0.0,0.4493322,0.06829252,0.0,1.0469873,0.0,0.0,0.0,0.0,0.0,1.0082998,0.0,0.0,1.7226025,1.0469983,0.0,0.0,1.3060656,0.0,1.3307934,0.0,0.0,0.0,0.01049833,0.0,0.0,1.4938903,0.0,0.0,0.0,0.0,0.0,0.0,1.1341757,0.0,1.9035226,0.0,0.0,0.0,0.032441244,0.0,0.0,0.0,0.0,0.0,0.0,0.0,0.0,0.0,0.0,0.0,0.0,0.0,0.0,0.0,0.0,1.3209774,0.0,0.0,0.8112837,0.0,0.0,1.9200304,0.0,1.225914,0.0,0.0,0.0,0.0,0.0,0.0,0.0,0.0,0.0,1.0179088,0.0,0.0,0.0,0.0,1.394343,0.7325367,1.3174528,0.0,0.0,0.0,0.0,1.8196836,0.0,0.0,0.0,0.0,0.0,0.0,0.0,0.0,0.0,0.0,0.5547894361271153,0.4959111067242951,0.5652173913043478,0.5
CC(=O)c1ccc2cc(S(N)(=O)=O)sc2c1,CHEMBL86176,CC(=O)c1ccc2cc(S(N)(=O)=O)sc2c1,8.22,active,Active,0.99743915,0.0,0.0,0.0,0.0,0.0,0.0,0.0,0.0,0.0,0.0,0.0,0.0,0.0,0.0,0.0,0.0,0.0,0.0,0.0,0.0,0.0,2.253068,0.0,0.0,1.8600513,0.0,0.0,0.0,0.0,0.0,0.0,0.70637274,0.0,0.0,1.5371534,0.0,0.0,0.0,0.0,0.0,1.5067304,0.0,0.0,2.2125654,1.3571901,0.0,0.0,1.7680001,0.0,1.9222496,0.0,0.0,0.0,0.10814404,0.0,0.0,1.941102,0.0,0.0,0.0,0.0,0.0,0.0,1.6011734,0.0,2.4765067,0.0,0.0,0.0,0.41310894,0.0,0.0,0.0,0.0,0.0,0.0,0.0,0.0,0.0,0.0,0.0,0.0,0.0,0.0,0.0,0.0,1.82045,0.0,0.0,1.3297015,0.0,0.0,2.594921,0.0,1.7681363,0.0,0.0,0.0,0.0,0.0,0.0,0.0,0.0,0.0,1.3907624,0.0,0.0,0.0,0.0,1.8225596,0.95038307,1.8896722,0.0,0.0,0.0,0.0,2.332033,0.0,0.0,0.0,0.0,0.0,0.0,0.0,0.0,0.0,0.0,0.8047574480854723,0.6390211576567608,0.8260869565217391,0.6086956521739131
CC(=O)c1csc(S(N)(=O)=O)c1,CHEMBL287738,CC(=O)c1csc(S(N)(=O)=O)c1,7.8,active,Active,1.0790758,0.0,0.0,0.0,0.0,0.0,0.0,0.0,0.0,0.0,0.0,0.0,0.0,0.0,0.0,0.0,0.0,0.0,0.0,0.0,0.0,0.0,2.1025493,0.0,0.0,1.3766462,0.0,0.0,0.0,0.0,0.0,0.0,0.8125741,0.0,0.0,1.4618037,0.0,0.0,0.0,0.0,0.0,1.6806494,0.0,0.0,2.5742843,1.8371454,0.0,0.0,1.6426263,0.0,1.8730175,0.0,0.0,0.0,0.19899434,0.0,0.0,1.8450543,0.0,0.0,0.0,0.0,0.0,0.0,1.9984581,0.0,2.4032955,0.0,0.0,0.0,1.4190947,0.0,0.0,0.0,0.0,0.0,0.0,0.0,0.0,0.0,0.0,0.0,0.0,0.0,0.0,0.0,0.0,1.8437748,0.0,0.0,1.319886,0.0,0.0,2.6146507,0.0,1.7201914,0.0,0.0,0.0,0.0,0.0,0.0,0.0,0.0,0.0,1.2721573,0.0,0.0,0.0,0.0,1.8995206,0.95640135,1.9488397,0.0,0.0,0.0,0.0,1.9905223,0.0,0.020337813,0.0,0.0,0.0,0.0,0.0,0.0,0.0,0.0,0.7948898310994771,0.7290810048061078,0.8043478260869565,0.7391304347826086
CC(C)(C)C(=O)Nc1c(OC(=O)C(C)(C)C)ccc2nc(S(N)(=O)=O)sc12,CHEMBL79472,CC(C)(C)C(=O)Nc1c(OC(=O)C(C)(C)C)ccc2nc(S(N)(=O)=O)sc12,7.5,active,Active,1.0767368,0.0,0.0,0.0,0.0,0.0,0.0,0.0,0.0,0.0,0.0,0.0,0.0,0.0,0.0,0.0,0.0,0.0,0.0,0.40087417,0.0,0.0,1.8814859,0.0,0.0,1.9017705,0.0,0.0,0.0,0.0,0.0,0.0,0.49592885,0.0,0.0,1.3246217,0.0,0.0,0.0,0.0,0.0,1.3156788,0.0,0.0,2.1892626,1.2701743,0.0,0.0,1.4451569,0.0,1.5775574,0.0,0.0,0.0,0.0,0.0,0.0,1.7163051,0.0,0.0,0.0,0.0,0.0,0.0,1.455439,0.0,2.1835175,0.0,0.0,0.0,0.19569957,0.0,0.0,0.0,0.0,0.0,0.0,0.0,0.0,0.0,0.0,0.0,0.0,0.0,0.0,0.0,0.0,1.5662906,0.0,0.0,1.5391868,0.0,0.0,2.095659,0.0,1.6082246,0.0,0.0,0.0,0.0,0.0,0.0,0.0,0.0,0.0,1.5587864,0.0,0.0,0.0,0.0,1.7338686,1.0351464,1.9233949,0.0,0.0,0.0,0.0,2.065337,0.0,0.0,0.0,0.0,0.0,0.0,0.0,0.0,0.0,0.0,0.7158397371641027,0.5729693567417878,0.6956521739130435,0.5652173913043478
CC(C)(C)C(=O)Oc1ccc2cc(S(N)(=O)=O)oc2c1,CHEMBL121086,CC(C)(C)C(=O)Oc1ccc2cc(S(N)(=O)=O)oc2c1,8.335,active,Active,0.7745564,0.0,0.0,0.0,0.0,0.0,0.0,0.0,0.0,0.0,0.0,0.0,0.0,0.0,0.0,0.0,0.0,0.0,0.0,0.0,0.0,0.0,1.7537065,0.0,0.0,1.5863985,0.0,0.0,0.0,0.0,0.0,0.0,0.44942084,0.0,0.0,1.0773076,0.0,0.0,0.0,0.0,0.0,1.0988486,0.0,0.0,1.8480824,1.0754961,0.0,0.0,1.322741,0.0,1.3913611,0.0,0.0,0.0,0.0,0.0,0.0,1.5282916,0.0,0.0,0.0,0.0,0.0,0.0,1.1832093,0.0,1.9788469,0.0,0.0,0.0,0.03417041,0.0,0.0,0.0,0.0,0.0,0.0,0.0,0.0,0.0,0.0,0.0,0.0,0.0,0.0,0.0,0.0,1.4168344,0.0,0.0,1.0630587,0.0,0.0,1.9091678,0.0,1.3364085,0.0,0.0,0.0,0.0,0.0,0.0,0.0,0.0,0.0,1.1917096,0.0,0.0,0.0,0.0,1.4959368,0.812075,1.4879559,0.0,0.0,0.0,0.0,1.8369381,0.0,0.0,0.0,0.0,0.0,0.0,0.0,0.0,0.0,0.0,0.5917000717811373,0.49892814003154723,0.6304347826086957,0.4782608695652174
CC(C)(C)C(=O)Oc1ccc2cc(S(N)(=O)=O)sc2c1,CHEMBL83144,CC(C)(C)C(=O)Oc1ccc2cc(S(N)(=O)=O)sc2c1,8.59,active,Active,0.99901676,0.0,0.0,0.0,0.0,0.0,0.0,0.0,0.0,0.0,0.0,0.0,0.0,0.0,0.0,0.0,0.0,0.0,0.0,0.0,0.0,0.0,2.0316439,0.0,0.0,1.8403693,0.0,0.0,0.0,0.0,0.0,0.0,0.5857819,0.0,0.0,1.3829598,0.0,0.0,0.0,0.0,0.0,1.3887582,0.0,0.0,2.1682231,1.2765596,0.0,0.0,1.5754261,0.0,1.7162944,0.0,0.0,0.0,0.026527785,0.0,0.0,1.7829462,0.0,0.0,0.0,0.0,0.0,0.0,1.4874458,0.0,2.2933218,0.0,0.0,0.0,0.30899942,0.0,0.0,0.0,0.0,0.0,0.0,0.0,0.0,0.0,0.0,0.0,0.0,0.0,0.0,0.0,0.0,1.6659502,0.0,0.0,1.3898286,0.0,0.0,2.2897992,0.0,1.6626889,0.0,0.0,0.0,0.0,0.0,0.0,0.0,0.0,0.0,1.4216193,0.0,0.0,0.0,0.0,1.7518796,0.9484377,1.8570005,0.0,0.0,0.0,0.0,2.144611,0.0,0.0,0.0,0.0,0.0,0.0,0.0,0.0,0.0,0.0,0.7397697790845686,0.5944711461716734,0.7391304347826086,0.6086956521739131
CC(C)(C)C(=O)Oc1ccc2nc(S(N)(=O)=O)sc2c1,CHEMBL312593,CC(C)(C)C(=O)Oc1ccc2nc(S(N)(=O)=O)sc2c1,8.4,active,Active,0.96788955,0.0,0.0,0.0,0.0,0.0,0.0,0.0,0.0,0.0,0.0,0.0,0.0,0.0,0.0,0.0,0.0,0.0,0.0,0.0,0.0,0.0,1.9938787,0.0,0.0,1.7780069,0.0,0.0,0.0,0.0,0.0,0.0,0.5807987,0.0,0.0,1.3458146,0.0,0.0,0.0,0.0,0.0,1.35862,0.0,0.0,2.141028,1.2738602,0.0,0.0,1.5502641,0.0,1.6737155,0.0,0.0,0.0,0.032640822,0.0,0.0,1.7415186,0.0,0.0,0.0,0.0,0.0,0.0,1.4759226,0.0,2.2525475,0.0,0.0,0.0,0.34132156,0.0,0.0,0.0,0.0,0.0,0.0,0.0,0.0,0.0,0.0,0.0,0.0,0.0,0.0,0.0,0.0,1.6240437,0.0,0.0,1.3286741,0.0,0.0,2.2553415,0.0,1.6239581,0.0,0.0,0.0,0.0,0.0,0.0,0.0,0.0,0.0,1.364562,0.0,0.0,0.0,0.0,1.7211903,0.9149711,1.8087261,0.0,0.0,0.0,0.0,2.1040409,0.0,0.0,0.0,0.0,0.0,0.0,0.0,0.0,0.0,0.0,0.7402052278364292,0.5876525475236509,0.7608695652173912,0.5652173913043478
CC(C)(C)C(=O)Oc1ccc2nc(S(N)(=O)=O)sc2c1N,CHEMBL79608,CC(C)(C)C(=O)Oc1ccc2nc(S(N)(=O)=O)sc2c1N,7.6,active,Active,0.92112136,0.0,0.0,0.0,0.0,0.0,0.0,0.0,0.0,0.0,0.0,0.0,0.0,0.0,0.0,0.0,0.0,0.0,0.0,0.0,0.0,0.0,1.8909155,0.0,0.0,1.705375,0.0,0.0,0.0,0.0,0.0,0.0,0.5344404,0.0,0.0,1.3122898,0.0,0.0,0.0,0.0,0.0,1.2664073,0.0,0.0,2.0466805,1.2043108,0.0,0.0,1.4528304,0.0,1.5598869,0.0,0.0,0.0,0.017851077,0.0,0.0,1.6636621,0.0,0.0,0.0,0.0,0.0,0.0,1.3671507,0.0,2.1036437,0.0,0.0,0.0,0.2675232,0.0,0.0,0.0,0.0,0.0,0.0,0.0,0.0,0.0,0.0,0.0,0.0,0.0,0.0,0.0,0.0,1.5210081,0.0,0.0,1.2580199,0.0,0.0,2.116032,0.0,1.5149579,0.0,0.0,0.0,0.0,0.0,0.0,0.0,0.0,0.0,1.3122399,0.0,0.0,0.0,0.0,1.6278448,0.87906533,1.7180368,0.0,0.0,0.0,0.0,1.9779445,0.0,0.0,0.0,0.0,0.0,0.0,0.0,0.0,0.0,0.0,0.6606452694539914,0.5431935786736061,0.6956521739130435,0.5434782608695652
CC(C)(C)C(=O)Oc1ccc2oc(S(N)(=O)=O)cc2c1,CHEMBL352281,CC(C)(C)C(=O)Oc1ccc2oc(S(N)(=O)=O)cc2c1,8.52,active,Active,0.7742262,0.0,0.0,0.0,0.0,0.0,0.0,0.0,0.0,0.0,0.0,0.0,0.0,0.0,0.0,0.0,0.0,0.0,0.0,0.0,0.0,0.0,1.7550837,0.0,0.0,1.5897863,0.0,0.0,0.0,0.0,0.0,0.0,0.44756982,0.0,0.0,1.0806409,0.0,0.0,0.0,0.0,0.0,1.097246,0.0,0.0,1.8488393,1.0734078,0.0,0.0,1.3229276,0.0,1.3910195,0.0,0.0,0.0,0.0,0.0,0.0,1.5302442,0.0,0.0,0.0,0.0,0.0,0.0,1.1790664,0.0,1.9768935,0.0,0.0,0.0,0.027780108,0.0,0.0,0.0,0.0,0.0,0.0,0.0,0.0,0.0,0.0,0.0,0.0,0.0,0.0,0.0,0.0,1.4173445,0.0,0.0,1.066358,0.0,0.0,1.9082279,0.0,1.3343868,0.0,0.0,0.0,0.0,0.0,0.0,0.0,0.0,0.0,1.1957903,0.0,0.0,0.0,0.0,1.496812,0.8132384,1.4875265,0.0,0.0,0.0,0.0,1.8358054,0.0,0.0,0.0,0.0,0.0,0.0,0.0,0.0,0.0,0.0,0.5928910328523739,0.5055154032573567,0.5869565217391304,0.5
CC(C)(C)C(=O)Oc1ccc2sc(S(N)(=O)=O)cc2c1,CHEMBL121137,CC(C)(C)C(=O)Oc1ccc2sc(S(N)(=O)=O)cc2c1,8.59,active,Active,0.99791574,0.0,0.0,0.0,0.0,0.0,0.0,0.0,0.0,0.0,0.0,0.0,0.0,0.0,0.0,0.0,0.0,0.0,0.0,0.0,0.0,0.0,2.0355737,0.0,0.0,1.8483543,0.0,0.0,0.0,0.0,0.0,0.0,0.5813085,0.0,0.0,1.389452,0.0,0.0,0.0,0.0,0.0,1.3856369,0.0,0.0,2.1704178,1.2728678,0.0,0.0,1.5768692,0.0,1.7165462,0.0,0.0,0.0,0.02051831,0.0,0.0,1.7889328,0.0,0.0,0.0,0.0,0.0,0.0,1.4789834,0.0,2.29001,0.0,0.0,0.0,0.29291132,0.0,0.0,0.0,0.0,0.0,0.0,0.0,0.0,0.0,0.0,0.0,0.0,0.0,0.0,0.0,0.0,1.667663,0.0,0.0,1.3969511,0.0,0.0,2.2895207,0.0,1.658197,0.0,0.0,0.0,0.0,0.0,0.0,0.0,0.0,0.0,1.4308627,0.0,0.0,0.0,0.0,1.753151,0.95140445,1.8558569,0.0,0.0,0.0,0.0,2.1416802,0.0,0.0,0.0,0.0,0.0,0.0,0.0,0.0,0.0,0.0,0.7354987802842082,0.5873695991234211,0.7391304347826086,0.5869565217391304
CC(C)(C)N1CC(COc2ccc3cc(S(N)(=O)=O)sc3c2)OC1=O,CHEMBL86259,CC(C)(C)N1CC(COc2ccc3cc(S(N)(=O)=O)sc3c2)OC1=O,8.1,active,Active,1.2265366,0.0,0.0,0.0,0.0,0.0,0.0,0.0,0.0,0.0,0.0,0.0,0.0,0.0,0.0,0.0,0.0,0.0,0.0,0.049166556,0.0,0.0,1.9782364,0.0,0.0,2.0678337,0.0,0.0,0.0,0.0,0.0,0.0,0.51213044,0.0,0.0,1.5084001,0.0,0.0,0.0,0.0,0.0,1.277675,0.0,0.0,2.080667,1.3781593,0.0,0.0,1.4992157,0.0,1.490524,0.0,0.0,0.0,0.040233366,0.0,0.0,1.7883106,0.0,0.0,0.0,0.0,0.0,0.0,1.3463053,0.0,2.228823,0.0,0.0,0.0,0.0,0.0,0.0,0.0,0.0,0.0,0.0,0.0,0.0,0.0,0.0,0.0,0.0,0.0,0.0,0.0,0.0,1.5347091,0.0,0.0,1.3521147,0.0,0.0,2.0855575,0.0,1.5120975,0.0,0.0,0.0,0.0,0.0,0.0,0.0,0.0,0.0,1.5554125,0.0,0.0,0.0,0.0,1.8304275,1.2689651,1.9321206,0.0,0.0,0.0,0.0,2.3234067,0.0,0.017652571,0.0,0.0,0.0,0.0,0.0,0.0,0.0,0.0,0.7235953967087749,0.5675223416032824,0.7391304347826086,0.5434782608695652
CC(C)(C)NCC(O)COc1ccc2cc(S(N)(=O)=O)sc2c1.Cl,CHEMBL540554,CC(C)(C)NCC(O)COc1ccc2cc(S(N)(=O)=O)sc2c1.Cl,7.75,active,Active,1.2568167,0.0,0.0,0.0,0.0,0.0,0.0,0.0,0.0,0.0,0.0,0.0,0.0,0.0,0.0,0.0,0.0,0.0,0.0,0.0,0.0,0.0,1.9837053,0.0,0.0,2.0826278,0.0,0.0,0.0,0.0,0.0,0.0,0.54960364,0.0,0.0,1.4545251,0.0,0.0,0.0,0.0,0.0,1.3238181,0.0,0.0,2.1901312,1.533744,0.0,0.0,1.5539362,0.0,1.5670177,0.0,0.0,0.0,0.01528313,0.0,0.0,1.7945037,0.0,0.0,0.0,0.0,0.0,0.0,1.4379619,0.0,2.304389,0.0,0.0,0.0,0.012445025,0.0,0.0,0.0,0.0,0.0,0.0,0.0,0.0,0.0,0.0,0.0,0.0,0.0,0.0,0.0,0.0,1.633451,0.0,0.0,1.4128078,0.0,0.0,2.1505935,0.0,1.5576296,0.0,0.0,0.0,0.0,0.0,0.0,0.0,0.0,0.0,1.6635277,0.0,0.0,0.0,0.0,1.9088788,1.3014301,1.9563116,0.0,0.0,0.0,0.0,2.3539414,0.0,0.0038384423,0.0,0.0,0.0,0.0,0.0,0.0,0.0,0.0,0.7250035749683184,0.5713285587575221,0.7608695652173912,0.5434782608695652
CC(C)(C)NCc1cc2cc(S(N)(=O)=O)sc2s1.Cl,CHEMBL539259,CC(C)(C)NCc1cc2cc(S(N)(=O)=O)sc2s1.Cl,8.0,active,Active,1.7461704,0.0,0.0,0.0,0.0,0.0,0.0,0.0,0.0,0.0,0.0,0.0,0.0,0.0,0.0,0.0,0.0,0.0,0.0,0.29308486,0.0,0.0,2.7720525,0.0,0.0,2.5130641,0.0,0.0,0.0,0.0,0.0,0.0,1.0790535,0.0,0.0,2.224597,0.0,0.0,0.0,0.0,0.0,2.3027759,0.0,0.0,3.0877223,2.0604916,0.0,0.0,2.3297994,0.0,2.7259457,0.0,0.0,0.0,0.25295606,0.0,0.0,2.4729693,0.0,0.0,0.0,0.0,0.0,0.0,2.4867668,0.0,3.2499175,0.0,0.0,0.0,1.3993455,0.0,0.0,0.0,0.0,0.0,0.0,0.0,0.0,0.0,0.0,0.0,0.0,0.0,0.0,0.0,0.0,2.495445,0.0,0.0,2.3342566,0.0,0.0,3.4550564,0.0,2.6415265,0.0,0.0,0.0,0.0,0.0,0.0,0.0,0.0,0.0,2.0409622,0.0,0.0,0.0,0.0,2.5884302,1.3971586,2.9566905,0.0,0.0,0.0,0.0,3.1066887,0.0,0.2550771,0.0,0.0,0.0,0.0,0.0,0.0,0.0,0.0,0.9934849495594864,0.857842057143412,0.9565217391304348,0.8913043478260869
CC(C)(C)NCc1ccc(S(=O)(=O)c2csc(S(N)(=O)=O)c2)cc1.Cl,CHEMBL541597,CC(C)(C)NCc1ccc(S(=O)(=O)c2csc(S(N)(=O)=O)c2)cc1.Cl,7.44,active,Active,0.9733784,0.0,0.0,0.0,0.0,0.0,0.0,0.0,0.0,0.0,0.0,0.0,0.0,0.0,0.0,0.0,0.0,0.0,0.0,0.0,0.0,0.0,1.7117648,0.0,0.0,1.3045561,0.0,0.0,0.0,0.0,0.0,0.0,0.55377007,0.0,0.0,1.2038498,0.0,0.0,0.0,0.0,0.0,1.280954,0.0,0.0,2.3064978,1.6972375,0.0,0.0,1.3021396,0.0,1.341646,0.0,0.0,0.0,0.06223274,0.0,0.0,1.5418183,0.0,0.0,0.0,0.0,0.0,0.0,1.4831152,0.0,1.9053637,0.0,0.0,0.0,0.8870787,0.0,0.0,0.0,0.0,0.0,0.0,0.0,0.0,0.0,0.0,0.0,0.0,0.0,0.0,0.0,0.0,1.4943283,0.0,0.0,1.041323,0.0,0.0,1.8580024,0.0,1.220858,0.0,0.0,0.0,0.0,0.0,0.0,0.0,0.0,0.0,1.1971108,0.0,0.0,0.0,0.0,1.7049356,0.9749315,1.5489873,0.0,0.0,0.0,0.0,1.5788893,0.0,0.0,0.0,0.0,0.0,0.0,0.0,0.0,0.0,0.0,0.658085690757844,0.6991080046144882,0.6521739130434783,0.6739130434782609
CC(C)(C)OC(=O)Oc1ccc2nc(S(N)(=O)=O)sc2c1,CHEMBL310291,CC(C)(C)OC(=O)Oc1ccc2nc(S(N)(=O)=O)sc2c1,8.0,active,Active,0.8632804,0.0,0.0,0.0,0.0,0.0,0.0,0.0,0.0,0.0,0.0,0.0,0.0,0.0,0.0,0.0,0.0,0.0,0.0,0.0,0.0,0.0,1.8481228,0.0,0.0,1.6498832,0.0,0.0,0.0,0.0,0.0,0.0,0.504398,0.0,0.0,1.2334675,0.0,0.0,0.0,0.0,0.0,1.2035486,0.0,0.0,2.0071824,1.1553488,0.0,0.0,1.4103651,0.0,1.5047997,0.0,0.0,0.0,0.020382203,0.0,0.0,1.5997975,0.0,0.0,0.0,0.0,0.0,0.0,1.3219978,0.0,2.0832593,0.0,0.0,0.0,0.25358662,0.0,0.0,0.0,0.0,0.0,0.0,0.0,0.0,0.0,0.0,0.0,0.0,0.0,0.0,0.0,0.0,1.4727677,0.0,0.0,1.1910744,0.0,0.0,2.0505202,0.0,1.4859093,0.0,0.0,0.0,0.0,0.0,0.0,0.0,0.0,0.0,1.2514315,0.0,0.0,0.0,0.0,1.5866222,0.83996636,1.6436881,0.0,0.0,0.0,0.0,1.9405699,0.0,0.0,0.0,0.0,0.0,0.0,0.0,0.0,0.0,0.0,0.6450748630065096,0.5367374522846463,0.6521739130434783,0.5217391304347826
CC(C)(C)c1cc(C(C)(C)C)c2oc(=O)c(/C=N/c3ccc(S(=O)(=O)NC(=N)N)cc3)c(Cl)c2c1,CHEMBL2408082,CC(C)(C)c1cc(C(C)(C)C)c2oc(=O)c(/C=N/c3ccc(S(=O)(=O)NC(=N)N)cc3)c(Cl)c2c1,6.99,medium,Medium,0.9121492,0.0,0.0,0.0,0.0,0.0,0.3040086,0.0,0.0,0.0,0.0,0.0,0.0,0.0,0.0,0.0,0.0,0.0,0.0,0.5954169,0.0,0.0,1.7690927,0.0,0.0,1.8559719,0.0,0.0,0.0,0.0,0.0,0.0,0.40954313,0.0,0.0,1.1921083,0.0,0.0,0.0,0.0,0.22454363,1.1275799,0.0,0.0,1.9238471,0.989476,0.0,0.0,1.3537629,0.0,1.4421489,0.0,0.0,0.0,0.0,0.0,0.0,1.5966874,0.0,0.0,0.0,0.0,0.0,0.0,1.1853738,0.0,2.0071623,0.0,0.0,0.0,0.0,0.0,0.0,0.0,0.0,0.0,0.0,0.0,0.0,0.0,0.0,0.0,0.0,0.0,0.0,0.0,0.0,1.4034327,0.0,0.0,1.3584605,0.0,0.0,1.9444942,0.0,1.4879497,0.0,0.0,0.0,0.0,0.0,0.0,0.0,0.0,0.0,1.4060761,0.0,0.0,0.0,0.0,1.5452126,0.862873,1.7152159,0.0,0.0,0.0,0.0,2.001881,0.0,0.0,0.0,0.0,0.0,0.0,0.0,0.0,0.0,0.0,0.5897191941633976,0.3980004013665884,0.6086956521739131,0.3913043478260869
CC(C)(C)c1cc(C(C)(C)C)c2oc(=O)c(/C=N/c3ccc(S(=O)(=O)Nc4nccs4)cc3)c(Cl)c2c1,CHEMBL2408081,CC(C)(C)c1cc(C(C)(C)C)c2oc(=O)c(/C=N/c3ccc(S(=O)(=O)Nc4nccs4)cc3)c(Cl)c2c1,6.91,medium,Medium,1.084724,0.0,0.0,0.0,0.0,0.0,0.5680359,0.0,0.0,0.0,0.0,0.0,0.0,0.0,0.0,0.0,0.0,0.0,0.0,0.92018193,0.0,0.0,2.1302695,0.0,0.0,2.1949837,0.0,0.0,0.0,0.0,0.0,0.0,0.59157383,0.0,0.0,1.4864594,0.0,0.0,0.0,0.0,0.26816094,1.418123,0.0,0.0,2.063367,1.0560462,0.0,0.0,1.7042644,0.0,1.8755724,0.0,0.0,0.0,0.0030074418,0.0,0.0,1.8732425,0.0,0.0,0.0,0.0,0.0,0.0,1.4139193,0.0,2.4243248,0.0,0.0,0.0,0.0,0.0,0.0,0.0,0.0,0.0,0.0,0.0,0.0,0.0,0.0,0.0,0.0,0.0,0.0,0.0,0.0,1.7292827,0.0,0.0,1.595751,0.0,0.0,2.4264963,0.0,1.8863273,0.0,0.0,0.0,0.0,0.0,0.0,0.0,0.0,0.0,1.5554209,0.0,0.0,0.0,0.0,1.7888712,0.9456268,2.0325944,0.0,0.0,0.0,0.0,2.476279,0.0,0.0,0.0,0.0,0.0,0.0,0.0,0.0,0.0,0.0,0.597635096820004,0.3658400151080564,0.6304347826086957,0.34782608695652173
CC(C)(C)c1cc(C(C)(C)C)c2oc(=O)c(/C=N/c3ccc(S(N)(=O)=O)cc3)c(Cl)c2c1,CHEMBL2408080,CC(C)(C)c1cc(C(C)(C)C)c2oc(=O)c(/C=N/c3ccc(S(N)(=O)=O)cc3)c(Cl)c2c1,6.95,medium,Medium,0.9882536,0.0,0.0,0.0,0.0,0.0,0.2798665,0.0,0.0,0.0,0.0,0.0,0.0,0.0,0.0,0.0,0.0,0.0,0.0,0.62208396,0.0,0.0,1.9117966,0.0,0.0,1.9758928,0.0,0.0,0.0,0.0,0.0,0.0,0.49655482,0.0,0.0,1.2782487,0.0,0.0,0.0,0.0,0.10368317,1.2668631,0.0,0.0,2.0204809,1.0788993,0.0,0.0,1.5048788,0.0,1.6238054,0.0,0.0,0.0,0.0,0.0,0.0,1.7145555,0.0,0.0,0.0,0.0,0.0,0.0,1.2798342,0.0,2.1858945,0.0,0.0,0.0,0.0,0.0,0.0,0.0,0.0,0.0,0.0,0.0,0.0,0.0,0.0,0.0,0.0,0.0,0.0,0.0,0.0,1.602179,0.0,0.0,1.4510801,0.0,0.0,2.1166267,0.0,1.6124281,0.0,0.0,0.0,0.0,0.0,0.0,0.0,0.0,0.0,1.4871886,0.0,0.0,0.0,0.0,1.6731277,0.92726034,1.8086939,0.0,0.0,0.0,0.0,2.130359,0.0,0.0,0.0,0.0,0.0,0.0,0.0,0.0,0.0,0.0,0.5967269773801365,0.38407711754217966,0.6304347826086957,0.3913043478260869
CC(C)(C)c1ccc(S(=O)(=O)n2cc(/C=C/C(=O)c3ccncc3)c3ccccc32)cc1,CHEMBL4177378,CC(C)(C)c1ccc(S(=O)(=O)n2cc(/C=C/C(=O)c3ccncc3)c3ccccc32)cc1,4.92,inactive,Inactive,0.6405921,0.0,0.0,0.0,0.0,0.0,0.91602075,0.0,0.0,0.0,0.0,0.0,0.0,0.0,0.0,0.0,0.0,0.0,0.0,0.8095648,0.0,0.0,1.8057374,0.0,0.9770034,2.0140793,0.0,0.0,0.0,0.0,0.047947302,0.0,0.260236,0.094355315,0.0,1.2631378,0.050500307,0.0,0.8080175,0.0,1.0130514,0.8486948,0.17549151,0.0,1.4173796,0.5191,0.0,0.0,1.3499978,0.45193782,1.3689178,0.0,0.3541153,0.0,0.0,0.0,0.0,1.5930724,0.0,0.0,0.0,0.0,0.003670469,0.7064086,0.69949776,0.0,1.8575675,0.0,0.7154309,0.0,0.0,0.0,0.0,0.47779208,0.0,0.0,0.0,0.0,0.0,0.0,0.0,0.0,0.0,0.0,0.0,0.0,0.0,1.2850249,0.0,0.0,1.0995901,0.0,0.0,1.7360516,0.0,1.2509857,0.0,0.0,0.0,0.0,0.0,0.0,0.0,0.0,0.79000014,1.3454846,0.0,0.0,0.0,0.0,1.2947608,0.83361363,1.3641571,0.0,0.0,0.26727688,0.0,1.9459287,0.0,0.0,0.11507813,0.0,0.0,0.0,0.0,0.0,0.0,0.0,0.5043795369517883,0.3125647706185702,0.4782608695652174,0.32608695652173914
CC(C)(NC(=O)c1ccc(S(N)(=O)=O)cc1)C(=O)O[C@H]1CC[C@H]2[C@@H]3CCc4cc(O)ccc4[C@H]3CC[C@]12C,CHEMBL4100191,CC(C)(NC(=O)c1ccc(S(N)(=O)=O)cc1)C(=O)O[C@H]1CC[C@H]2[C@@H]3CCc4cc(O)ccc4[C@H]3CC[C@]12C,6.63,medium,Medium,0.56126976,0.0,0.0,0.42319626,0.0,0.0,0.9893418,0.0,0.0,0.0,0.0,0.0,0.0,0.0,0.0,0.0,0.0,0.0,0.0,0.43164387,0.0,0.0,0.92102605,0.0,0.0,1.0200922,0.0,0.0,0.0,0.0,0.0,0.0,0.048650984,0.0,0.0,0.3986814,0.0,0.0,0.0,0.0,1.0282019,0.49987397,0.0,0.0,1.5733036,0.84199184,0.0,0.0,0.6256577,0.0,0.16497067,0.0,0.0,0.0,0.0,0.0,0.0,0.9460585,0.0,0.0,0.0,0.0,0.0,1.0712352,0.4166916,0.0,1.1541016,0.0,0.0,0.0,0.0,0.0,0.0,0.0,0.0,0.0,0.0,0.0,0.0,0.0,0.0,0.0,0.0,0.0,0.0,0.0,0.0,0.65937173,0.0,0.0,0.87137717,0.0,0.0,0.5230297,0.0,0.35428375,0.0,0.0,0.0,0.0,0.0,0.0,0.0,0.0,0.0,0.7276611,0.0,0.0,0.0,0.0,1.3442339,0.763686,1.0725005,0.0,0.0,0.0,0.0,0.9077095,0.0,0.0,0.0,0.0,0.0,0.0,0.0,0.0,0.0,0.0,0.18583337618599133,0.5341704634709749,0.21739130434782608,0.5217391304347826
CC(C)(O)CCS(=O)(=O)c1ccc(S(N)(=O)=O)cc1,CHEMBL319238,CC(C)(O)CCS(=O)(=O)c1ccc(S(N)(=O)=O)cc1,7.6,active,Active,0.25902146,0.0,0.0,0.0,0.0,0.0,0.0,0.0,0.0,0.0,0.0,0.0,0.0,0.0,0.0,0.0,0.0,0.0,0.0,0.0,0.0,0.0,0.98064566,0.0,0.0,0.3898411,0.0,0.0,0.0,0.0,0.0,0.0,0.20262259,0.0,0.0,0.528314,0.0,0.0,0.0,0.0,0.0,0.6296798,0.0,0.0,1.5822376,1.1924435,0.0,0.0,0.5932851,0.0,0.59492046,0.0,0.0,0.0,0.0,0.0,0.0,0.84936035,0.0,0.0,0.0,0.0,0.0,0.22981316,0.8728612,0.0,1.0675709,0.0,0.0,0.0,0.65780896,0.0,0.0,0.0,0.17126745,0.0,0.0,0.0,0.0,0.0,0.0,0.25008863,0.0,0.0,0.0,0.0,0.0,0.81838393,0.0,0.0,0.26759666,0.0,0.0,0.93370354,0.0,0.42530972,0.0,0.0,0.0,0.0,0.0,0.0,0.0,0.0,0.0,0.5306143,0.0,0.0,0.0,0.0,0.9418823,0.53985834,0.60099626,0.0,0.0,0.0,0.0,0.48224354,0.0,0.0,0.0,0.0,0.0,0.0,0.0,0.0,0.0,0.0,0.3780594649311458,0.6589104660938961,0.3913043478260869,0.6956521739130435
CC(C)(O)CCSc1ccc(S(N)(=O)=O)cc1,CHEMBL321889,CC(C)(O)CCSc1ccc(S(N)(=O)=O)cc1,7.7,active,Active,0.33162847,0.0,0.0,0.0,0.0,0.0,0.0,0.0,0.0,0.0,0.0,0.0,0.0,0.0,0.0,0.0,0.0,0.0,0.0,0.0,0.0,0.0,0.9014066,0.0,0.0,0.6315272,0.0,0.0,0.0,0.0,0.0,0.0,0.14043035,0.0,0.0,0.48242468,0.0,0.0,0.0,0.0,0.0,0.48906693,0.0,0.0,1.4009341,0.92849517,0.0,0.0,0.5587711,0.0,0.51650596,0.0,0.0,0.0,0.0,0.0,0.0,0.812567,0.0,0.0,0.0,0.0,0.0,0.22583115,0.6823636,0.0,0.9837164,0.0,0.0,0.0,0.14500463,0.0,0.0,0.0,0.0,0.0,0.0,0.0,0.0,0.0,0.0,0.0,0.0,0.0,0.0,0.0,0.0,0.6813845,0.0,0.0,0.4168636,0.0,0.0,0.8554768,0.0,0.46700013,0.0,0.0,0.0,0.0,0.0,0.0,0.0,0.0,0.0,0.65658695,0.0,0.0,0.0,0.0,0.86501354,0.49858662,0.6621152,0.0,0.0,0.0,0.0,0.65800905,0.0,0.0,0.0,0.0,0.0,0.0,0.0,0.0,0.0,0.0,0.35748071454283026,0.637453053487742,0.3695652173913043,0.6521739130434783
CC(C)C(=O)Oc1ccc2nc(S(N)(=O)=O)sc2c1,CHEMBL82557,CC(C)C(=O)Oc1ccc2nc(S(N)(=O)=O)sc2c1,8.17,active,Active,1.0592633,0.0,0.0,0.0,0.0,0.0,0.0,0.0,0.0,0.0,0.0,0.0,0.0,0.0,0.0,0.0,0.0,0.0,0.0,0.0,0.0,0.0,2.127752,0.0,0.0,1.8682985,0.0,0.0,0.0,0.0,0.0,0.0,0.63978887,0.0,0.0,1.4434979,0.0,0.0,0.0,0.0,0.0,1.4793897,0.0,0.0,2.2975793,1.3942196,0.0,0.0,1.6772865,0.0,1.7769419,0.0,0.0,0.0,0.015837945,0.0,0.0,1.8793595,0.0,0.0,0.0,0.0,0.0,0.0,1.6024733,0.0,2.3842337,0.0,0.0,0.0,0.40424475,0.0,0.0,0.0,0.0,0.0,0.0,0.0,0.0,0.0,0.0,0.0,0.0,0.0,0.0,0.0,0.0,1.7500188,0.0,0.0,1.4477054,0.0,0.0,2.4131267,0.0,1.709481,0.0,0.0,0.0,0.0,0.0,0.0,0.0,0.0,0.0,1.4671254,0.0,0.0,0.0,0.0,1.855665,0.9868467,1.9547452,0.0,0.0,0.0,0.0,2.249824,0.0,0.0,0.0,0.0,0.0,0.0,0.0,0.0,0.0,0.0,0.7408660087785724,0.609343067671435,0.7391304347826086,0.6304347826086957
CC(C)CCNCc1cccc(C(=O)c2csc(S(N)(=O)=O)c2)c1.Cl,CHEMBL544355,CC(C)CCNCc1cccc(C(=O)c2csc(S(N)(=O)=O)c2)c1.Cl,8.05,active,Active,1.078593,0.0,0.0,0.0,0.0,0.0,0.0,0.0,0.0,0.0,0.0,0.0,0.0,0.0,0.0,0.0,0.0,0.0,0.0,0.0,0.0,0.0,1.7092462,0.0,0.0,1.7210032,0.0,0.0,0.0,0.0,0.0,0.0,0.44336638,0.0,0.0,1.2590219,0.0,0.0,0.0,0.0,0.0,1.2004254,0.0,0.0,2.295556,1.40408,0.0,0.0,1.295806,0.0,1.2647818,0.0,0.0,0.0,0.0,0.0,0.0,1.6263709,0.0,0.0,0.0,0.0,0.0,0.0,1.2980975,0.0,1.8786451,0.0,0.0,0.0,0.21446681,0.0,0.0,0.0,0.0,0.0,0.0,0.0,0.0,0.0,0.0,0.0,0.0,0.0,0.0,0.0,0.0,1.3792617,0.0,0.0,1.3703765,0.0,0.0,1.806133,0.0,1.3137716,0.0,0.0,0.0,0.0,0.0,0.0,0.0,0.0,0.0,1.4758033,0.0,0.0,0.0,0.0,1.7332939,0.98380864,1.7742406,0.0,0.0,0.0,0.0,1.8489827,0.0,0.0,0.0,0.0,0.0,0.0,0.0,0.0,0.0,0.0,0.6281288228386587,0.571587952737169,0.6521739130434783,0.6304347826086957
CC(C)CN(C)Cc1cc(C(=O)c2csc(S(N)(=O)=O)c2)ccc1O.Cl,CHEMBL544127,CC(C)CN(C)Cc1cc(C(=O)c2csc(S(N)(=O)=O)c2)ccc1O.Cl,8.05,active,Active,1.1369414,0.0,0.0,0.0,0.0,0.0,0.0,0.0,0.0,0.0,0.0,0.0,0.0,0.0,0.0,0.0,0.0,0.0,0.0,0.17969763,0.0,0.0,1.9085232,0.0,0.0,1.9423624,0.0,0.0,0.0,0.0,0.0,0.0,0.51008844,0.0,0.0,1.3834635,0.0,0.0,0.0,0.0,0.0,1.3056684,0.0,0.0,2.1834838,1.3605816,0.0,0.0,1.4822817,0.0,1.5289265,0.0,0.0,0.0,0.0,0.0,0.0,1.764309,0.0,0.0,0.0,0.0,0.0,0.0,1.4005399,0.0,2.1690068,0.0,0.0,0.0,0.06462633,0.0,0.0,0.0,0.0,0.0,0.0,0.0,0.0,0.0,0.0,0.0,0.0,0.0,0.0,0.0,0.0,1.5888033,0.0,0.0,1.4550303,0.0,0.0,2.0858302,0.0,1.5159568,0.0,0.0,0.0,0.0,0.0,0.0,0.0,0.0,0.0,1.5752708,0.0,0.0,0.0,0.0,1.7919576,1.1227534,1.8995498,0.0,0.0,0.0,0.0,2.131908,0.0,0.0,0.0,0.0,0.0,0.0,0.0,0.0,0.0,0.0,0.7191810328735067,0.5726106871556407,0.717391304347826,0.5652173913043478
CC(C)CN(C)Cc1cc(S(=O)(=O)c2csc(S(N)(=O)=O)c2)ccc1O.Cl,CHEMBL539817,CC(C)CN(C)Cc1cc(S(=O)(=O)c2csc(S(N)(=O)=O)c2)ccc1O.Cl,8.3,active,Active,1.1131738,0.0,0.0,0.0,0.0,0.0,0.0,0.0,0.0,0.0,0.0,0.0,0.0,0.0,0.0,0.0,0.0,0.0,0.0,0.0,0.0,0.0,1.9603673,0.0,0.0,1.6327741,0.0,0.0,0.0,0.0,0.0,0.0,0.64342535,0.0,0.0,1.3971362,0.0,0.0,0.0,0.0,0.0,1.480161,0.0,0.0,2.408751,1.7089257,0.0,0.0,1.5376668,0.0,1.635452,0.0,0.0,0.0,0.064329766,0.0,0.0,1.769714,0.0,0.0,0.0,0.0,0.0,0.0,1.6670673,0.0,2.2491,0.0,0.0,0.0,0.78887254,0.0,0.0,0.0,0.0,0.0,0.0,0.0,0.0,0.0,0.0,0.0,0.0,0.0,0.0,0.0,0.0,1.7395213,0.0,0.0,1.3260027,0.0,0.0,2.223811,0.0,1.5152822,0.0,0.0,0.0,0.0,0.0,0.0,0.0,0.0,0.0,1.4201304,0.0,0.0,0.0,0.0,1.8950335,1.0997903,1.8548812,0.0,0.0,0.0,0.0,1.9517732,0.0,0.0,0.0,0.0,0.0,0.0,0.0,0.0,0.0,0.0,0.7169844878074209,0.6971452346836665,0.717391304347826,0.6739130434782609
CC(C)CNC(=O)CC1Sc2sc(S(N)(=O)=O)cc2NC1=O,CHEMBL541211,CC(C)CNC(=O)CC1Sc2sc(S(N)(=O)=O)cc2NC1=O,8.34,active,Active,1.0192873,0.0,0.0,0.3227299,0.0,0.0,0.0,0.0,0.0,0.0,0.0,0.0,0.0,0.0,0.0,0.0,0.0,0.0,0.0,0.0,0.0,0.0,1.5352995,0.0,0.0,1.2525336,0.0,0.0,0.0,0.0,0.0,0.0,0.5141831,0.0,0.0,1.176447,0.0,0.0,0.0,0.0,0.0,1.2822487,0.0,0.0,2.515274,1.6358719,0.0,0.0,1.1484907,0.0,1.2505707,0.0,0.0,0.0,0.0,0.0,0.0,1.4478922,0.0,0.0,0.0,0.0,0.0,0.0,1.6478584,0.0,1.7643449,0.0,0.0,0.0,1.1532028,0.0,0.0,0.0,0.012654871,0.0,0.0,0.0,0.0,0.0,0.0,0.0,0.0,0.0,0.0,0.0,0.0,1.2427034,0.0,0.0,1.3927228,0.0,0.0,1.909286,0.0,1.3827188,0.0,0.0,0.0,0.0,0.0,0.0,0.0,0.0,0.0,1.2803565,0.0,0.0,0.0,0.0,1.6760833,0.7877627,1.8039134,0.0,0.0,0.0,0.0,1.5842308,0.0,0.051050432,0.0,0.0,0.0,0.54157305,0.0,0.0,0.0,0.0,0.6589457400818404,0.7311566365922926,0.6521739130434783,0.7391304347826086
CC(C)CNC(=O)c1cc(S(N)(=O)=O)ccc1SC(C)C,CHEMBL1096822,CC(C)CNC(=O)c1cc(S(N)(=O)=O)ccc1SC(C)C,7.67,active,Active,1.1766315,0.0,0.0,0.059751503,0.0,0.0,0.0,0.0,0.0,0.0,0.0,0.0,0.0,0.0,0.0,0.0,0.0,0.0,0.0,0.22113925,0.0,0.0,1.7649257,0.0,0.0,1.7870106,0.0,0.0,0.0,0.0,0.0,0.0,0.46883926,0.0,0.0,1.219403,0.0,0.0,0.0,0.0,0.0,1.3725725,0.0,0.0,2.4889462,1.5219456,0.0,0.0,1.3575712,0.0,1.4445449,0.0,0.0,0.0,0.0,0.0,0.0,1.7256665,0.0,0.0,0.0,0.0,0.0,0.0,1.5541344,0.0,2.1146872,0.0,0.0,0.0,0.39146933,0.0,0.0,0.0,0.0,0.0,0.0,0.0,0.0,0.0,0.0,0.0,0.0,0.0,0.0,0.0,0.0,1.6279254,0.0,0.0,1.6656883,0.0,0.0,1.9783833,0.0,1.484119,0.0,0.0,0.0,0.0,0.0,0.0,0.0,0.0,0.0,1.6873418,0.0,0.0,0.0,0.0,1.8487732,1.1322336,1.9890265,0.0,0.0,0.0,0.0,1.8420839,0.0,0.0,0.0,0.0,0.0,0.0,0.0,0.0,0.0,0.0,0.7125875374138926,0.5776007539186706,0.6956521739130435,0.6086956521739131
CC(C)CNCCC1CNc2cc(S(N)(=O)=O)sc2S1(=O)=O,CHEMBL83497,CC(C)CNCCC1CNc2cc(S(N)(=O)=O)sc2S1(=O)=O,8.54,active,Active,1.1639243,0.0,0.0,0.33632332,0.0,0.0,0.0,0.0,0.0,0.0,0.0,0.0,0.0,0.0,0.0,0.0,0.0,0.0,0.0,0.0,0.0,0.0,1.8901298,0.0,0.0,1.3786278,0.0,0.0,0.0,0.0,0.0,0.0,0.6732865,0.0,0.0,1.4398137,0.0,0.0,0.0,0.0,0.0,1.6493949,0.0,0.0,2.8690424,1.9810834,0.0,0.0,1.4521426,0.0,1.5771294,0.0,0.0,0.0,0.0,0.0,0.0,1.781113,0.0,0.0,0.0,0.0,0.0,0.0,1.9810721,0.0,2.2356026,0.0,0.0,0.0,1.5320332,0.0,0.0,0.0,0.32084757,0.0,0.0,0.0,0.0,0.0,0.0,0.0,0.0,0.0,0.0,0.0,0.0,1.6903868,0.0,0.0,1.5890762,0.0,0.0,2.2422163,0.0,1.5422771,0.0,0.0,0.0,0.0,0.0,0.0,0.0,0.0,0.0,1.3980497,0.0,0.0,0.0,0.0,2.0528626,1.0546834,2.1135144,0.0,0.0,0.0,0.0,1.7384255,0.0,0.04713335,0.0,0.0,0.0,0.1770859,0.0,0.0,0.0,0.0,0.7407640358891597,0.7874086540510286,0.717391304347826,0.7826086956521738
CC(C)CNCCCS(=O)(=O)c1ccc(S(N)(=O)=O)s1,CHEMBL104630,CC(C)CNCCCS(=O)(=O)c1ccc(S(N)(=O)=O)s1,7.75,active,Active,0.8121766,0.0,0.0,0.47007793,0.0,0.0,0.0,0.0,0.0,0.0,0.0,0.0,0.0,0.0,0.0,0.0,0.0,0.0,0.0,0.0,0.0,0.0,1.4307067,0.0,0.0,0.80866086,0.0,0.0,0.0,0.0,0.0,0.0,0.48406026,0.0,0.0,1.0107771,0.0,0.0,0.0,0.0,0.0,1.2604703,0.0,0.0,2.58088,1.7965287,0.0,0.0,1.0287588,0.0,1.0893219,0.0,0.0,0.0,0.0,0.0,0.0,1.3741882,0.0,0.0,0.0,0.0,0.0,0.0,1.7003473,0.0,1.7092531,0.0,0.0,0.0,1.4716457,0.0,0.0,0.0,0.7419738,0.0,0.0,0.0,0.0,0.0,0.0,0.0,0.0,0.0,0.0,0.0,0.0,1.2766691,0.0,0.0,1.1086868,0.0,0.0,1.7280428,0.0,1.0715162,0.0,0.0,0.0,0.0,0.0,0.0,0.0,0.0,0.0,1.034265,0.0,0.0,0.0,0.0,1.6282637,0.7719876,1.5730535,0.0,0.0,0.0,0.0,1.0987997,0.0,0.0,0.0,0.0,0.0,0.42536017,0.0,0.0,0.0,0.0,0.5783281827960549,0.7327879094346927,0.5869565217391304,0.7608695652173912
CC(C)CNCc1cc2cc(S(N)(=O)=O)oc2s1,CHEMBL105713,CC(C)CNCc1cc2cc(S(N)(=O)=O)oc2s1,8.22,active,Active,1.371856,0.0,0.0,0.0,0.0,0.0,0.0,0.0,0.0,0.0,0.0,0.0,0.0,0.0,0.0,0.0,0.0,0.0,0.0,0.06927094,0.0,0.0,2.3120468,0.0,0.0,2.0845246,0.0,0.0,0.0,0.0,0.0,0.0,0.8549441,0.0,0.0,1.5935042,0.0,0.0,0.0,0.0,0.0,1.8282436,0.0,0.0,2.582195,1.7621925,0.0,0.0,1.9264966,0.0,2.0973232,0.0,0.0,0.0,0.15489525,0.0,0.0,2.0437849,0.0,0.0,0.0,0.0,0.0,0.0,1.9844291,0.0,2.771796,0.0,0.0,0.0,0.9314736,0.0,0.0,0.0,0.0,0.0,0.0,0.0,0.0,0.0,0.0,0.0,0.0,0.0,0.0,0.0,0.0,2.0797565,0.0,0.0,1.702734,0.0,0.0,2.7856886,0.0,2.0805426,0.0,0.0,0.0,0.0,0.0,0.0,0.0,0.0,0.0,1.6123996,0.0,0.0,0.0,0.0,2.2465572,1.1425542,2.3472087,0.0,0.0,0.0,0.0,2.6788762,0.0,0.08886447,0.0,0.0,0.0,0.0,0.0,0.0,0.0,0.0,0.8851770049584634,0.733614455466053,0.9130434782608695,0.717391304347826
CC(C)CNCc1cc2cc(S(N)(=O)=O)sc2s1.Cl,CHEMBL538245,CC(C)CNCc1cc2cc(S(N)(=O)=O)sc2s1.Cl,8.6,active,Active,1.7966539,0.0,0.0,0.0,0.0,0.0,0.0,0.0,0.0,0.0,0.0,0.0,0.0,0.0,0.0,0.0,0.0,0.0,0.0,0.2820817,0.0,0.0,2.7908998,0.0,0.0,2.548726,0.0,0.0,0.0,0.0,0.0,0.0,1.0871117,0.0,0.0,2.260472,0.0,0.0,0.0,0.0,0.0,2.3431246,0.0,0.0,3.2419615,2.1375017,0.0,0.0,2.3543375,0.0,2.6829267,0.0,0.0,0.0,0.20631355,0.0,0.0,2.516325,0.0,0.0,0.0,0.0,0.0,0.0,2.526538,0.0,3.237209,0.0,0.0,0.0,1.4745997,0.0,0.0,0.0,0.0,0.0,0.0,0.0,0.0,0.0,0.0,0.0,0.0,0.0,0.0,0.0,0.0,2.4822564,0.0,0.0,2.3952684,0.0,0.0,3.4679942,0.0,2.6543143,0.0,0.0,0.0,0.0,0.0,0.0,0.0,0.0,0.0,2.094053,0.0,0.0,0.0,0.0,2.6903732,1.3899901,3.0427606,0.0,0.0,0.0,0.0,3.1445549,0.0,0.2636779,0.0,0.0,0.0,0.0,0.0,0.0,0.0,0.0,0.9928749155567829,0.8595852319431576,0.9565217391304348,0.9130434782608695
CC(C)CNCc1cc2sc(S(N)(=O)=O)cc2s1.Cl,CHEMBL543792,CC(C)CNCc1cc2sc(S(N)(=O)=O)cc2s1.Cl,8.55,active,Active,1.2761887,0.0,0.0,0.0,0.0,0.0,0.0,0.0,0.0,0.0,0.0,0.0,0.0,0.0,0.0,0.0,0.0,0.0,0.0,0.0,0.0,0.0,2.1591363,0.0,0.0,1.9250957,0.0,0.0,0.0,0.0,0.0,0.0,0.7899703,0.0,0.0,1.4090742,0.0,0.0,0.0,0.0,0.0,1.6926055,0.0,0.0,2.537864,1.7092221,0.0,0.0,1.790358,0.0,1.9024988,0.0,0.0,0.0,0.14775568,0.0,0.0,1.8890687,0.0,0.0,0.0,0.0,0.0,0.0,1.878576,0.0,2.6168222,0.0,0.0,0.0,0.8966596,0.0,0.0,0.0,0.0,0.0,0.0,0.0,0.0,0.0,0.0,0.0,0.0,0.0,0.0,0.0,0.0,1.9236826,0.0,0.0,1.5355316,0.0,0.0,2.5997224,0.0,1.9367228,0.0,0.0,0.0,0.0,0.0,0.0,0.0,0.0,0.0,1.4890765,0.0,0.0,0.0,0.0,2.130571,1.0414226,2.180336,0.0,0.0,0.0,0.0,2.4870527,0.0,0.068925045,0.0,0.0,0.0,0.0,0.0,0.0,0.0,0.0,0.8801919141613125,0.7266753526976821,0.8695652173913043,0.7391304347826086
CC(C)CNCc1ccc(C(=O)c2csc(S(N)(=O)=O)c2)cc1.Cl,CHEMBL544827,CC(C)CNCc1ccc(C(=O)c2csc(S(N)(=O)=O)c2)cc1.Cl,8.32,active,Active,1.0579491,0.0,0.0,0.0,0.0,0.0,0.0,0.0,0.0,0.0,0.0,0.0,0.0,0.0,0.0,0.0,0.0,0.0,0.0,0.0,0.0,0.0,1.7067013,0.0,0.0,1.6968997,0.0,0.0,0.0,0.0,0.0,0.0,0.44688192,0.0,0.0,1.2499652,0.0,0.0,0.0,0.0,0.0,1.1652699,0.0,0.0,2.2173936,1.4029351,0.0,0.0,1.2982789,0.0,1.261598,0.0,0.0,0.0,0.0,0.0,0.0,1.600741,0.0,0.0,0.0,0.0,0.0,0.0,1.2683837,0.0,1.8584377,0.0,0.0,0.0,0.19586465,0.0,0.0,0.0,0.0,0.0,0.0,0.0,0.0,0.0,0.0,0.0,0.0,0.0,0.0,0.0,0.0,1.3671826,0.0,0.0,1.2872381,0.0,0.0,1.7852339,0.0,1.2859333,0.0,0.0,0.0,0.0,0.0,0.0,0.0,0.0,0.0,1.4423999,0.0,0.0,0.0,0.0,1.695104,1.0016279,1.7045361,0.0,0.0,0.0,0.0,1.8470335,0.0,0.0,0.0,0.0,0.0,0.0,0.0,0.0,0.0,0.0,0.6280642691250239,0.5710138968035608,0.6521739130434783,0.6086956521739131
CC(C)CNCc1ccc(S(=O)(=O)c2csc(S(N)(=O)=O)c2)cc1.Cl,CHEMBL543415,CC(C)CNCc1ccc(S(=O)(=O)c2csc(S(N)(=O)=O)c2)cc1.Cl,7.89,active,Active,1.0075905,0.0,0.0,0.0,0.0,0.0,0.0,0.0,0.0,0.0,0.0,0.0,0.0,0.0,0.0,0.0,0.0,0.0,0.0,0.0,0.0,0.0,1.730916,0.0,0.0,1.3317772,0.0,0.0,0.0,0.0,0.0,0.0,0.57361823,0.0,0.0,1.2324902,0.0,0.0,0.0,0.0,0.0,1.3193263,0.0,0.0,2.4249551,1.7528335,0.0,0.0,1.3257378,0.0,1.3382578,0.0,0.0,0.0,0.018146522,0.0,0.0,1.5790318,0.0,0.0,0.0,0.0,0.0,0.0,1.5293267,0.0,1.9157479,0.0,0.0,0.0,0.9503151,0.0,0.0,0.0,0.0,0.0,0.0,0.0,0.0,0.0,0.0,0.0,0.0,0.0,0.0,0.0,0.0,1.5031021,0.0,0.0,1.114216,0.0,0.0,1.8971,0.0,1.2488587,0.0,0.0,0.0,0.0,0.0,0.0,0.0,0.0,0.0,1.249025,0.0,0.0,0.0,0.0,1.7769316,0.96792614,1.6221977,0.0,0.0,0.0,0.0,1.6163013,0.0,0.0,0.0,0.0,0.0,0.0,0.0,0.0,0.0,0.0,0.6636704182114169,0.7130031191239993,0.6521739130434783,0.717391304347826
CC(C)CNCc1ccc(S(=O)(=O)c2csc(S(N)(=O)=O)c2)cc1O.Cl,CHEMBL555312,CC(C)CNCc1ccc(S(=O)(=O)c2csc(S(N)(=O)=O)c2)cc1O.Cl,7.85,active,Active,1.0509167,0.0,0.0,0.0,0.0,0.0,0.0,0.0,0.0,0.0,0.0,0.0,0.0,0.0,0.0,0.0,0.0,0.0,0.0,0.0,0.0,0.0,1.8953394,0.0,0.0,1.5221931,0.0,0.0,0.0,0.0,0.0,0.0,0.63762796,0.0,0.0,1.3227403,0.0,0.0,0.0,0.0,0.0,1.4298398,0.0,0.0,2.4084623,1.7126217,0.0,0.0,1.4925029,0.0,1.5788575,0.0,0.0,0.0,0.06626747,0.0,0.0,1.6975306,0.0,0.0,0.0,0.0,0.0,0.0,1.6435275,0.0,2.1667964,0.0,0.0,0.0,0.89746726,0.0,0.0,0.0,0.0,0.0,0.0,0.0,0.0,0.0,0.0,0.0,0.0,0.0,0.0,0.0,0.0,1.6804504,0.0,0.0,1.2572068,0.0,0.0,2.1654427,0.0,1.4658372,0.0,0.0,0.0,0.0,0.0,0.0,0.0,0.0,0.0,1.3436942,0.0,0.0,0.0,0.0,1.8609537,1.0263287,1.78558,0.0,0.0,0.0,0.0,1.8576076,0.0,0.0,0.0,0.0,0.0,0.0,0.0,0.0,0.0,0.0,0.702841927228438,0.699258228654224,0.6956521739130435,0.6739130434782609
CC(C)CNCc1cccc(C(=O)c2csc(S(N)(=O)=O)c2)c1.Cl,CHEMBL555186,CC(C)CNCc1cccc(C(=O)c2csc(S(N)(=O)=O)c2)c1.Cl,7.89,active,Active,1.0559614,0.0,0.0,0.0,0.0,0.0,0.0,0.0,0.0,0.0,0.0,0.0,0.0,0.0,0.0,0.0,0.0,0.0,0.0,0.0,0.0,0.0,1.704241,0.0,0.0,1.6961071,0.0,0.0,0.0,0.0,0.0,0.0,0.44726387,0.0,0.0,1.2516773,0.0,0.0,0.0,0.0,0.0,1.1656493,0.0,0.0,2.2195702,1.4029417,0.0,0.0,1.296375,0.0,1.2642096,0.0,0.0,0.0,0.0,0.0,0.0,1.6011732,0.0,0.0,0.0,0.0,0.0,0.0,1.2722361,0.0,1.8610975,0.0,0.0,0.0,0.1986838,0.0,0.0,0.0,0.0,0.0,0.0,0.0,0.0,0.0,0.0,0.0,0.0,0.0,0.0,0.0,0.0,1.3695153,0.0,0.0,1.2835894,0.0,0.0,1.7943624,0.0,1.2885437,0.0,0.0,0.0,0.0,0.0,0.0,0.0,0.0,0.0,1.4403819,0.0,0.0,0.0,0.0,1.6950855,1.001896,1.7073053,0.0,0.0,0.0,0.0,1.8482829,0.0,0.0,0.0,0.0,0.0,0.0,0.0,0.0,0.0,0.0,0.6225459550730386,0.5661548930390715,0.6304347826086957,0.6086956521739131
CC(C)CNCc1cccc(S(=O)(=O)c2csc(S(N)(=O)=O)c2)c1.Cl,CHEMBL541856,CC(C)CNCc1cccc(S(=O)(=O)c2csc(S(N)(=O)=O)c2)c1.Cl,7.92,active,Active,1.0328972,0.0,0.0,0.0,0.0,0.0,0.0,0.0,0.0,0.0,0.0,0.0,0.0,0.0,0.0,0.0,0.0,0.0,0.0,0.0,0.0,0.0,1.7680293,0.0,0.0,1.3722401,0.0,0.0,0.0,0.0,0.0,0.0,0.5926906,0.0,0.0,1.2729337,0.0,0.0,0.0,0.0,0.0,1.3583407,0.0,0.0,2.461447,1.776246,0.0,0.0,1.3626862,0.0,1.388872,0.0,0.0,0.0,0.02646289,0.0,0.0,1.6135389,0.0,0.0,0.0,0.0,0.0,0.0,1.5629857,0.0,1.9580528,0.0,0.0,0.0,0.9729768,0.0,0.0,0.0,0.0,0.0,0.0,0.0,0.0,0.0,0.0,0.0,0.0,0.0,0.0,0.0,0.0,1.5404295,0.0,0.0,1.1518054,0.0,0.0,1.9537942,0.0,1.2953485,0.0,0.0,0.0,0.0,0.0,0.0,0.0,0.0,0.0,1.2794453,0.0,0.0,0.0,0.0,1.8100642,0.9821363,1.6660299,0.0,0.0,0.0,0.0,1.66363,0.0,0.0,0.0,0.0,0.0,0.0,0.0,0.0,0.0,0.0,0.6707616337922208,0.7125216564299235,0.6739130434782609,0.7391304347826086
CC(C)CNCc1ccccc1S(=O)(=O)c1csc(S(N)(=O)=O)c1.Cl,CHEMBL555588,CC(C)CNCc1ccccc1S(=O)(=O)c1csc(S(N)(=O)=O)c1.Cl,7.75,active,Active,0.9846808,0.0,0.0,0.0,0.0,0.0,0.0,0.0,0.0,0.0,0.0,0.0,0.0,0.0,0.0,0.0,0.0,0.0,0.0,0.0,0.0,0.0,1.764456,0.0,0.0,1.3594985,0.0,0.0,0.0,0.0,0.0,0.0,0.5892033,0.0,0.0,1.2605386,0.0,0.0,0.0,0.0,0.0,1.3567256,0.0,0.0,2.4041233,1.7285134,0.0,0.0,1.3643274,0.0,1.4371588,0.0,0.0,0.0,0.02866254,0.0,0.0,1.6027001,0.0,0.0,0.0,0.0,0.0,0.0,1.5983057,0.0,2.001977,0.0,0.0,0.0,0.96080923,0.0,0.0,0.0,0.0,0.0,0.0,0.0,0.0,0.0,0.0,0.0,0.0,0.0,0.0,0.0,0.0,1.5560026,0.0,0.0,1.1633196,0.0,0.0,2.0083582,0.0,1.324696,0.0,0.0,0.0,0.0,0.0,0.0,0.0,0.0,0.0,1.2683752,0.0,0.0,0.0,0.0,1.7676079,0.9804921,1.6711583,0.0,0.0,0.0,0.0,1.6427575,0.0,0.0,0.0,0.0,0.0,0.0,0.0,0.0,0.0,0.0,0.6665230386455836,0.7093995881280662,0.6739130434782609,0.6956521739130435
CC(C)CN[C@@H]1CCS(=O)(=O)c2sc(S(N)(=O)=O)cc21,CHEMBL9849,CC(C)CN[C@@H]1CCS(=O)(=O)c2sc(S(N)(=O)=O)cc21,7.35,active,Active,1.3497939,0.0,0.0,0.0,0.0,0.0,0.0,0.0,0.0,0.0,0.0,0.0,0.0,0.0,0.0,0.0,0.0,0.0,0.0,0.0,0.0,0.0,2.0657716,0.0,0.0,1.5617495,0.0,0.0,0.0,0.0,0.0,0.0,0.7753334,0.0,0.0,1.5923115,0.0,0.0,0.0,0.0,0.0,1.8207648,0.0,0.0,2.983854,2.1893766,0.0,0.0,1.6433096,0.0,1.760351,0.0,0.0,0.0,0.03274434,0.0,0.0,1.9302238,0.0,0.0,0.0,0.0,0.0,0.0,2.1065001,0.0,2.4760878,0.0,0.0,0.0,1.620052,0.0,0.0,0.0,0.31161243,0.0,0.0,0.0,0.0,0.0,0.0,0.0,0.0,0.0,0.0,0.0,0.0,1.9503053,0.0,0.0,1.6911281,0.0,0.0,2.40244,0.0,1.6648495,0.0,0.0,0.0,0.0,0.0,0.0,0.0,0.0,0.0,1.5204196,0.0,0.0,0.0,0.0,2.2714121,1.2717546,2.2635183,0.0,0.0,0.0,0.0,1.9663152,0.0,0.10332926,0.0,0.0,0.0,0.0,0.0,0.0,0.0,0.0,0.7552080913332202,0.8001338005538482,0.7608695652173912,0.7826086956521738
CC(C)CN[C@@H]1CCS(=O)(=O)c2sc(S(N)(=O)=O)cc21.Cl,CHEMBL2092887,CC(C)CN[C@@H]1CCS(=O)(=O)c2sc(S(N)(=O)=O)cc21.Cl,7.32,active,Active,1.2476625,0.0,0.0,0.0,0.0,0.0,0.0,0.0,0.0,0.0,0.0,0.0,0.0,0.0,0.0,0.0,0.0,0.0,0.0,0.0,0.0,0.0,1.905683,0.0,0.0,1.4018246,0.0,0.0,0.0,0.0,0.0,0.0,0.7181904,0.0,0.0,1.4492897,0.0,0.0,0.0,0.0,0.0,1.6851442,0.0,0.0,2.8585818,2.1094003,0.0,0.0,1.5079736,0.0,1.5984172,0.0,0.0,0.0,0.021797217,0.0,0.0,1.7785938,0.0,0.0,0.0,0.0,0.0,0.0,1.9811585,0.0,2.2828496,0.0,0.0,0.0,1.5830345,0.0,0.0,0.0,0.38258466,0.0,0.0,0.0,0.0,0.0,0.0,0.0,0.0,0.0,0.0,0.0,0.0,1.794405,0.0,0.0,1.5391978,0.0,0.0,2.2239091,0.0,1.5200489,0.0,0.0,0.0,0.0,0.0,0.0,0.0,0.0,0.0,1.3942122,0.0,0.0,0.0,0.0,2.1324048,1.1692634,2.0876536,0.0,0.0,0.0,0.0,1.7841766,0.0,0.083574824,0.0,0.0,0.0,0.0,0.0,0.0,0.0,0.0,0.7516875611530911,0.8046404479076129,0.7391304347826086,0.8043478260869565
CC(C)CN[C@H]1CCS(=O)(=O)c2sc(S(N)(=O)=O)cc21,CHEMBL417975,CC(C)CN[C@H]1CCS(=O)(=O)c2sc(S(N)(=O)=O)cc21,9.27,active,Active,1.3497939,0.0,0.0,0.0,0.0,0.0,0.0,0.0,0.0,0.0,0.0,0.0,0.0,0.0,0.0,0.0,0.0,0.0,0.0,0.0,0.0,0.0,2.0657716,0.0,0.0,1.5617495,0.0,0.0,0.0,0.0,0.0,0.0,0.7753334,0.0,0.0,1.5923115,0.0,0.0,0.0,0.0,0.0,1.8207648,0.0,0.0,2.983854,2.1893766,0.0,0.0,1.6433096,0.0,1.760351,0.0,0.0,0.0,0.03274434,0.0,0.0,1.9302238,0.0,0.0,0.0,0.0,0.0,0.0,2.1065001,0.0,2.4760878,0.0,0.0,0.0,1.620052,0.0,0.0,0.0,0.31161243,0.0,0.0,0.0,0.0,0.0,0.0,0.0,0.0,0.0,0.0,0.0,0.0,1.9503053,0.0,0.0,1.6911281,0.0,0.0,2.40244,0.0,1.6648495,0.0,0.0,0.0,0.0,0.0,0.0,0.0,0.0,0.0,1.5204196,0.0,0.0,0.0,0.0,2.2714121,1.2717546,2.2635183,0.0,0.0,0.0,0.0,1.9663152,0.0,0.10332926,0.0,0.0,0.0,0.0,0.0,0.0,0.0,0.0,0.7552814362989956,0.8022027499730652,0.7826086956521738,0.7826086956521738
CC(C)CN[C@H]1CCS(=O)(=O)c2sc(S(N)(=O)=O)cc21.Cl,CHEMBL1204135,CC(C)CN[C@H]1CCS(=O)(=O)c2sc(S(N)(=O)=O)cc21.Cl,8.575,active,Active,1.2476625,0.0,0.0,0.0,0.0,0.0,0.0,0.0,0.0,0.0,0.0,0.0,0.0,0.0,0.0,0.0,0.0,0.0,0.0,0.0,0.0,0.0,1.905683,0.0,0.0,1.4018246,0.0,0.0,0.0,0.0,0.0,0.0,0.7181904,0.0,0.0,1.4492897,0.0,0.0,0.0,0.0,0.0,1.6851442,0.0,0.0,2.8585818,2.1094003,0.0,0.0,1.5079736,0.0,1.5984172,0.0,0.0,0.0,0.021797217,0.0,0.0,1.7785938,0.0,0.0,0.0,0.0,0.0,0.0,1.9811585,0.0,2.2828496,0.0,0.0,0.0,1.5830345,0.0,0.0,0.0,0.38258466,0.0,0.0,0.0,0.0,0.0,0.0,0.0,0.0,0.0,0.0,0.0,0.0,1.794405,0.0,0.0,1.5391978,0.0,0.0,2.2239091,0.0,1.5200489,0.0,0.0,0.0,0.0,0.0,0.0,0.0,0.0,0.0,1.3942122,0.0,0.0,0.0,0.0,2.1324048,1.1692634,2.0876536,0.0,0.0,0.0,0.0,1.7841766,0.0,0.083574824,0.0,0.0,0.0,0.0,0.0,0.0,0.0,0.0,0.7523016244796924,0.8060156125751181,0.7391304347826086,0.8260869565217391
CC(C)COC(=O)Oc1ccc2cc(S(N)(=O)=O)sc2c1,CHEMBL85925,CC(C)COC(=O)Oc1ccc2cc(S(N)(=O)=O)sc2c1,8.25,active,Active,0.91723907,0.0,0.0,0.0,0.0,0.0,0.0,0.0,0.0,0.0,0.0,0.0,0.0,0.0,0.0,0.0,0.0,0.0,0.0,0.0,0.0,0.0,1.8840469,0.0,0.0,1.6842148,0.0,0.0,0.0,0.0,0.0,0.0,0.5133158,0.0,0.0,1.2506276,0.0,0.0,0.0,0.0,0.0,1.2641908,0.0,0.0,2.1922212,1.2465984,0.0,0.0,1.4106772,0.0,1.4926252,0.0,0.0,0.0,0.0,0.0,0.0,1.6644335,0.0,0.0,0.0,0.0,0.0,0.0,1.4090372,0.0,2.1198184,0.0,0.0,0.0,0.30272982,0.0,0.0,0.0,0.0,0.0,0.0,0.0,0.0,0.0,0.0,0.0,0.0,0.0,0.0,0.0,0.0,1.4696878,0.0,0.0,1.3368789,0.0,0.0,2.1075635,0.0,1.5232366,0.0,0.0,0.0,0.0,0.0,0.0,0.0,0.0,0.0,1.3355262,0.0,0.0,0.0,0.0,1.6797415,0.8271369,1.780732,0.0,0.0,0.0,0.0,1.9812295,0.0,0.0,0.0,0.0,0.0,0.0,0.0,0.0,0.0,0.0,0.653369944765859,0.5543781626966777,0.6739130434782609,0.5869565217391304
CC(C)COC(=O)Oc1ccc2nc(S(N)(=O)=O)sc2c1,CHEMBL79951,CC(C)COC(=O)Oc1ccc2nc(S(N)(=O)=O)sc2c1,8.66,active,Active,0.88759434,0.0,0.0,0.0,0.0,0.0,0.0,0.0,0.0,0.0,0.0,0.0,0.0,0.0,0.0,0.0,0.0,0.0,0.0,0.0,0.0,0.0,1.8480799,0.0,0.0,1.6248223,0.0,0.0,0.0,0.0,0.0,0.0,0.50856996,0.0,0.0,1.215251,0.0,0.0,0.0,0.0,0.0,1.235488,0.0,0.0,2.1663213,1.2440271,0.0,0.0,1.386713,0.0,1.4520742,0.0,0.0,0.0,0.0,0.0,0.0,1.6249787,0.0,0.0,0.0,0.0,0.0,0.0,1.3980627,0.0,2.0809855,0.0,0.0,0.0,0.33351296,0.0,0.0,0.0,0.0,0.0,0.0,0.0,0.0,0.0,0.0,0.0,0.0,0.0,0.0,0.0,0.0,1.4297761,0.0,0.0,1.2786366,0.0,0.0,2.0747468,0.0,1.4863503,0.0,0.0,0.0,0.0,0.0,0.0,0.0,0.0,0.0,1.2811859,0.0,0.0,0.0,0.0,1.6505133,0.7952642,1.7347565,0.0,0.0,0.0,0.0,1.9425912,0.0,0.0,0.0,0.0,0.0,0.0,0.0,0.0,0.0,0.0,0.6491772500991482,0.5518256831107319,0.6521739130434783,0.5434782608695652
CC(C)NCc1cccc(S(=O)(=O)c2csc(S(N)(=O)=O)c2)c1.Cl,CHEMBL554012,CC(C)NCc1cccc(S(=O)(=O)c2csc(S(N)(=O)=O)c2)c1.Cl,7.66,active,Active,1.0201231,0.0,0.0,0.0,0.0,0.0,0.0,0.0,0.0,0.0,0.0,0.0,0.0,0.0,0.0,0.0,0.0,0.0,0.0,0.0,0.0,0.0,1.7943671,0.0,0.0,1.3392057,0.0,0.0,0.0,0.0,0.0,0.0,0.6166656,0.0,0.0,1.2892058,0.0,0.0,0.0,0.0,0.0,1.3739015,0.0,0.0,2.4271815,1.7772254,0.0,0.0,1.386596,0.0,1.4247444,0.0,0.0,0.0,0.061120726,0.0,0.0,1.6255203,0.0,0.0,0.0,0.0,0.0,0.0,1.5734841,0.0,1.9704226,0.0,0.0,0.0,1.0116537,0.0,0.0,0.0,0.0,0.0,0.0,0.0,0.0,0.0,0.0,0.0,0.0,0.0,0.0,0.0,0.0,1.5744866,0.0,0.0,1.1020343,0.0,0.0,1.9819393,0.0,1.2905458,0.0,0.0,0.0,0.0,0.0,0.0,0.0,0.0,0.0,1.2383946,0.0,0.0,0.0,0.0,1.7945672,0.9812166,1.6353441,0.0,0.0,0.0,0.0,1.6562389,0.0,0.0,0.0,0.0,0.0,0.0,0.0,0.0,0.0,0.0,0.6679222002362649,0.7052807764925184,0.6739130434782609,0.6739130434782609
CC(C)O[C@@H]1O[C@H](CO)[C@@H](O)[C@H](O)[C@H]1NC(=O)c1ccc(S(N)(=O)=O)cc1,CHEMBL5082205,CC(C)O[C@@H]1O[C@H](CO)[C@@H](O)[C@H](O)[C@H]1NC(=O)c1ccc(S(N)(=O)=O)cc1,7.5,active,Active,1.7132857,0.0,0.0,0.0,0.0,0.0,0.0,0.0,0.0,0.0,0.0,0.0,0.0,0.0,0.0,0.0,0.0,0.0,0.0,0.0,0.0,0.0,1.7080992,0.0,0.0,2.1787643,0.0,0.0,0.0,0.12617637,0.0,0.0,0.36949626,0.0,0.0,1.5826344,0.0,0.0,0.0,0.0,0.0,0.9920761,0.0,0.0,2.1090405,1.8743424,0.0,0.0,1.1624935,0.0,0.81191367,0.0,0.0,0.0,0.007674776,0.0,0.0,1.7661307,0.0,0.0,0.0,0.0,0.0,0.0,1.1088651,0.0,1.8837075,0.0,0.0,0.0,0.0,0.0,0.0,0.0,0.0,0.0,0.0,0.0,0.0,0.0,0.0,0.0,0.0,0.0,0.0,0.0,0.0,1.1987091,0.0,0.0,1.1924664,0.0,0.0,1.4698757,0.0,0.96582866,0.0,0.0,0.0,0.0,0.0,0.0,0.0,0.0,0.0,1.8110914,0.0,0.0,0.0,0.0,1.933989,1.8842223,1.9802431,0.0,0.0,0.0,0.101420075,2.3551512,0.0,0.117842756,0.0,0.0,0.0,0.0,0.0,0.0,0.0,0.0,0.786586211681799,0.12591757539858173,0.8043478260869565,0.13043478260869565
CC(C)[C@@H]1CC[C@@H](C)C[C@H]1OS(=O)(=O)NC(c1ccccc1)c1ccccc1,CHEMBL4463022,CC(C)[C@@H]1CC[C@@H](C)C[C@H]1OS(=O)(=O)NC(c1ccccc1)c1ccccc1,7.8,active,Active,0.2970201,0.0,0.0,0.74220026,0.0,0.0,0.0,0.0,0.0,0.0,0.0,0.0,0.0,0.0,0.0,0.0,0.0,0.0,0.0,0.0,0.0,0.0,0.43815556,0.0,0.0,0.41233394,0.0,0.0,0.0,0.0,0.0,0.0,0.0,0.0,0.0,0.034588113,0.0,0.0,0.0,0.0,0.0,0.16054216,0.0,0.0,1.7451463,1.0002344,0.0,0.0,0.14040858,0.0,0.0,0.0,0.0,0.0,0.0,0.0,0.0,0.5704795,0.0,0.0,0.0,0.0,0.0,1.5337218,0.15433322,0.0,0.4458221,0.0,0.0,0.0,0.0,0.0,0.0,0.0,0.0,0.0,0.0,0.0,0.0,0.0,0.0,0.0,0.0,0.0,0.0,0.0,0.0,0.23903547,0.0,0.0,0.3011396,0.0,0.0,0.009702504,0.0,0.0,0.0,0.0,0.0,0.0,0.0,0.0,0.0,0.0,0.0,0.45366266,0.0,0.0,0.0,0.0,0.999893,0.43767014,0.47979718,0.0,0.0,0.0,0.0,0.15584216,0.0,0.0,0.0,0.0,0.0,0.0,0.0,0.0,0.0,0.0,0.24077236221931214,0.6271140657797621,0.21739130434782608,0.6304347826086957
CC(C)[C@H](NC(=O)c1ccc(S(N)(=O)=O)cc1)C(=O)O[C@H]1CC[C@H]2[C@@H]3CCc4cc(O)ccc4[C@H]3CC[C@]12C,CHEMBL4086863,CC(C)[C@H](NC(=O)c1ccc(S(N)(=O)=O)cc1)C(=O)O[C@H]1CC[C@H]2[C@@H]3CCc4cc(O)ccc4[C@H]3CC[C@]12C,6.7,medium,Medium,0.65517664,0.0,0.0,0.70541185,0.0,0.0,1.1189835,0.0,0.0,0.0,0.0,0.0,0.0,0.0,0.0,0.0,0.0,0.0,0.0,0.57127357,0.0,0.0,0.99835104,0.0,0.0,1.1480525,0.0,0.0,0.0,0.0,0.0,0.0,0.07301144,0.0,0.0,0.46714008,0.0,0.0,0.0,0.0,1.156733,0.58128005,0.0,0.0,1.7155825,0.9282647,0.0,0.0,0.6899495,0.0,0.2311295,0.0,0.0,0.0,0.0,0.0,0.0,1.0368387,0.0,0.0,0.0,0.0,0.0,1.0111774,0.49734575,0.0,1.2563375,0.0,0.0,0.0,0.0,0.0,0.0,0.0,0.0,0.0,0.0,0.0,0.0,0.0,0.0,0.0,0.0,0.0,0.0,0.0,0.0,0.7480296,0.0,0.0,1.0063758,0.0,0.0,0.6125985,0.0,0.43814498,0.0,0.0,0.0,0.0,0.0,0.0,0.0,0.0,0.0,0.8559378,0.0,0.0,0.0,0.0,1.4601719,0.83177084,1.2047813,0.0,0.0,0.0,0.0,1.0208203,0.0,0.0,0.0,0.0,0.0,0.0,0.0,0.0,0.0,0.0,0.17699467382552606,0.5232424306526523,0.15217391304347827,0.5217391304347826
CC(C=O)N(Cc1cc2cc(S(N)(=O)=O)sc2s1)C(C)C=O.Cl,CHEMBL542122,CC(C=O)N(Cc1cc2cc(S(N)(=O)=O)sc2s1)C(C)C=O.Cl,8.57,active,Active,1.6050825,0.0,0.0,0.0,0.0,0.0,0.0,0.0,0.0,0.0,0.0,0.0,0.0,0.0,0.0,0.0,0.0,0.0,0.0,0.0,0.0,0.0,2.613617,0.0,0.0,2.3569405,0.0,0.0,0.0,0.0,0.0,0.0,0.8921908,0.0,0.0,2.2261972,0.0,0.0,0.0,0.0,0.0,2.0585911,0.0,0.0,2.8039134,2.0025547,0.0,0.0,2.0512521,0.0,2.3685038,0.0,0.0,0.0,0.2752413,0.0,0.0,2.332366,0.0,0.0,0.0,0.0,0.0,0.0,2.2384179,0.0,2.955872,0.0,0.0,0.0,1.1344882,0.0,0.0,0.0,0.0,0.0,0.0,0.0,0.0,0.0,0.0,0.0,0.0,0.0,0.0,0.0,0.0,2.1271164,0.0,0.0,1.9479007,0.0,0.0,3.0740104,0.0,2.3278186,0.0,0.0,0.0,0.0,0.0,0.0,0.0,0.0,0.0,1.8769228,0.0,0.0,0.0,0.0,2.3688452,1.4115143,2.7065096,0.0,0.0,0.0,0.0,2.9358592,0.0,0.18575448,0.0,0.0,0.0,0.0,0.0,0.0,0.0,0.0,0.970983852414037,0.8357459431640877,0.9565217391304348,0.8043478260869565
CC1(C)O[C@@H]2[C@@H](CO[C@@]3(COS(N)(=O)=O)OC(C)(C)O[C@@H]23)O1,CHEMBL220492,CC1(C)O[C@@H]2[C@@H](CO[C@@]3(COS(N)(=O)=O)OC(C)(C)O[C@@H]23)O1,7.300000000000001,active,Active,1.3723302,0.0,0.0,1.2230716,0.0,0.0,0.0,0.0,0.0,0.0,0.0,0.0,0.0,0.0,0.0,0.0,0.0,0.0,0.0,0.0,0.0,0.0,0.94448346,0.0,0.0,0.99650854,0.0,0.0,0.0,0.0,0.0,0.0,0.35095653,0.0,0.0,0.8116514,0.0,0.0,0.0,0.0,0.0,0.72423124,0.0,0.0,2.295174,1.9873875,0.0,0.0,0.61433566,0.0,0.08656014,0.0,0.0,0.0,0.0,0.0,0.0,1.1593066,0.0,0.0,0.0,0.0,0.0,0.0,1.0101507,0.0,1.0801846,0.0,0.0,0.0,0.5184555,0.0,0.0,0.0,0.15694445,0.0,0.0,0.0,0.0,0.0,0.0,0.0,0.0,0.0,0.0,0.0,0.0,0.7096138,0.0,0.0,0.75879276,0.0,0.0,0.9227897,0.0,0.32173264,0.0,0.0,0.0,0.0,0.0,0.0,0.0,0.0,0.0,1.1208774,0.0,0.0,0.0,0.0,1.6194122,1.315573,1.4752537,0.0,0.0,0.0,0.03672931,1.2324896,0.0,0.1228273,0.0,0.0,0.0,1.2082582,0.0,0.0,0.0,0.0,0.5521855066910023,0.6059015010063746,0.5217391304347826,0.6304347826086957
CC1(C)O[C@@H]2[C@@H](O)[C@H]3NC(=O)O[C@H]3C[C@@H]2O1,CHEMBL5286328,CC1(C)O[C@@H]2[C@@H](O)[C@H]3NC(=O)O[C@H]3C[C@@H]2O1,4.61,inactive,Inactive,1.6224027,0.0,0.0,2.196017,0.0,0.0,1.5198239,0.0,0.09482034,0.0,0.0,0.0,0.0,0.0,0.0,0.0,0.0,0.0,0.0,1.2837458,0.0,0.0,1.3359547,1.2483466,0.0,2.0358202,0.0,0.0,0.0,0.43570694,0.0,0.01296822,0.27011767,0.0,0.0,1.317366,0.0,0.0,0.0,0.0,1.9782014,0.9045342,0.0,0.0,1.932896,1.3673756,0.0,0.0,0.9479527,0.0,0.43331695,0.0,0.0,0.0,0.0,0.0,0.0,1.5257596,0.0,0.0,0.0,2.0612671,0.0,0.040071927,0.8204269,0.0,1.5806037,0.0,0.0,0.0,0.0,0.0,0.0,0.0,0.0,0.0,0.0,0.0,0.0,0.0,0.0,0.0,0.0,0.0,0.0,0.0,0.0,0.8793555,0.0,0.0,1.4505634,0.0,0.0,1.091965,0.0,0.82194835,0.0,0.0,0.0,0.0,0.0,0.89721805,0.0,0.0,0.0,1.469134,0.0,0.0,0.0,0.0,1.8549333,1.6162292,2.1141298,0.0,0.0,0.0,0.3640081,2.0302558,0.0,0.24396381,0.0,0.0,0.0,1.4513712,0.0,0.0,0.0,0.0,0.733923878181986,0.13931857144322043,0.7391304347826086,0.15217391304347827
CC1(C)O[C@H]2[C@@H]3OS(=O)(=O)O[C@@H]3CC[C@@]2(COS(N)(=O)=O)O1,CHEMBL120917,CC1(C)O[C@H]2[C@@H]3OS(=O)(=O)O[C@@H]3CC[C@@]2(COS(N)(=O)=O)O1,6.89,medium,Medium,0.5261439,0.0,0.0,0.90631497,0.0,0.0,0.0,0.0,0.0,0.0,0.0,0.0,0.0,0.0,0.0,0.0,0.0,0.0,0.0,0.0,0.0,0.0,0.24212657,0.0,0.0,0.0,0.0,0.0,0.0,0.0,0.0,0.0,0.21373883,0.0,0.0,0.0,0.0,0.0,0.0,0.0,0.0,0.37281913,0.0,0.0,2.2025313,2.095256,0.0,0.0,0.04599025,0.0,0.0,0.0,0.0,0.0,0.0,0.0,0.0,0.39110816,0.0,0.0,0.0,0.0,0.0,0.26633605,0.81236553,0.0,0.41304573,0.0,0.0,0.0,1.5357114,0.0,0.0,0.0,1.9826471,0.0,0.0,0.0,0.0,0.0,0.0,0.50513476,0.0,0.0,0.0,0.0,0.0,0.41260302,0.0,0.0,0.0,0.0,0.0,0.12884961,0.0,0.0,0.0,0.0,0.0,0.0,0.0,0.0,0.0,0.0,0.0,0.16457288,0.0,0.0,0.0,0.0,1.1898288,0.675349,0.34447312,0.0,0.0,0.0,0.0,0.0,0.0,0.0,0.0,0.0,0.0,0.7374413,0.0,0.0,0.0,0.0,0.4046586521629791,0.7068460378866395,0.3913043478260869,0.717391304347826
CC1(C)O[C@H]2[C@@H]3OS(=O)(=O)O[C@@H]3CO[C@@]2(COS(N)(=O)=O)O1,CHEMBL417656,CC1(C)O[C@H]2[C@@H]3OS(=O)(=O)O[C@@H]3CO[C@@]2(COS(N)(=O)=O)O1,7.44,active,Active,0.6248256,0.0,0.0,0.20694244,0.0,0.0,0.0,0.0,0.0,0.0,0.0,0.0,0.0,0.0,0.0,0.0,0.0,0.0,0.0,0.0,0.0,0.0,0.3246432,0.0,0.0,0.0,0.0,0.0,0.0,0.0,0.0,0.0,0.269551,0.0,0.0,0.0,0.0,0.10003516,0.0,0.0,0.0,0.36303422,0.0,0.0,2.124012,2.1319468,0.0,0.0,0.0836109,0.0,0.0,0.0,0.0,0.0,0.0,0.0,0.0,0.4618797,0.0,0.0,0.0,0.0,0.0,0.0,0.8913561,0.0,0.41054812,0.0,0.0,0.0,1.4427702,0.0,0.0,0.0,1.6858268,0.0,0.0,0.0,0.0,0.0,0.0,1.0788028,0.0,0.0,0.0,0.0,0.0,0.37242365,0.0,0.0,0.0,0.0,0.0,0.36460596,0.0,0.0,0.0,0.0,0.0,0.0,0.0,0.0,0.0,0.0,0.0,0.28545254,0.0,0.0,0.0,0.0,1.0838226,0.7391652,0.39495122,0.0,0.0,0.0,0.0,0.0,0.0,0.0,0.0,0.0,0.0,0.35876402,0.0,0.0,0.0,0.0,0.4132075742836151,0.710107254481877,0.3913043478260869,0.7391304347826086
CC1(COc2ccc(CC3SC(=O)NC3=O)cc2)CCCCC1,CHEMBL7002,CC1(COc2ccc(CC3SC(=O)NC3=O)cc2)CCCCC1,7.07,active,Active,0.43804833,0.0,0.0,1.7514147,0.0,0.0,0.5977207,0.0,0.0,0.0,0.0,0.0,0.0,0.0,0.0,0.0,0.0,0.0,0.0,0.15524867,0.0,0.0,0.4587633,0.023482317,0.0,0.72812206,0.0,0.0,0.0,0.0,0.0,0.0,0.0,0.0,0.0,0.1184019,0.0,0.0,0.0,0.0,0.92683655,0.10459485,0.0,0.0,1.4598697,0.7242961,0.0,0.0,0.1680057,0.0,0.0,0.0,0.0,0.0,0.0,0.0,0.0,0.56308365,0.0,0.0,0.0,0.0,0.0,1.1785153,0.024012588,0.0,0.50304925,0.0,0.0,0.0,0.0,0.0,0.0,0.0,0.0,0.0,0.0,0.0,0.0,0.0,0.0,0.0,0.0,0.0,0.0,0.0,0.0,0.08152191,0.0,0.0,0.58543926,0.0,0.0,0.0,0.0,0.0,0.0,0.0,0.0,0.0,0.0,0.0,0.0,0.0,0.0,0.5245468,0.0,0.0,0.0,0.0,1.0798458,0.51742554,0.75294036,0.0,0.0,0.0,0.0,0.55017674,0.0,0.0,0.0,0.0,0.0,0.3940834,0.0,0.0,0.0,0.0,0.22379817313835726,0.5963144826376278,0.19565217391304346,0.5869565217391304
CC1=CCC(C(=O)OCc2ccccc2)C(C(=O)NS(=O)(=O)c2ccc(C)cc2)C1,CHEMBL3402247,CC1=CCC(C(=O)OCc2ccccc2)C(C(=O)NS(=O)(=O)c2ccc(C)cc2)C1,6.88,medium,Medium,0.21305534,0.0,0.0,0.0,0.0,0.0,0.0,0.0,0.0,0.0,0.0,0.0,0.0,0.0,0.0,0.0,0.0,0.0,0.0,0.0,0.0,0.0,0.5057319,0.0,0.0,0.5451617,0.0,0.0,0.0,0.0,0.1299398,0.0,0.0,0.0,0.0,0.3002628,0.0,0.14124931,0.0,0.0,0.0,0.010175504,0.033279516,0.0,1.1292892,0.63603145,0.0,0.0,0.12156514,0.0,0.0,0.0,0.0,0.0,0.0,0.0,0.0,0.4992778,0.0,0.0,0.0,0.0,0.0,0.7889816,0.12804133,0.0,0.41207877,0.0,0.0,0.0,0.0,0.0,0.0,0.0,0.0,0.0,0.0,0.0,0.0,0.0,0.0,0.12329467,0.0,0.0,0.0,0.0,0.0,0.021557234,0.0,0.0,0.121509574,0.0,0.00020420551,0.15174188,0.0,0.0,0.0,0.0,0.0,0.0,0.0,0.0,0.0,0.0,0.0,0.4142642,0.0,0.0,0.0,0.0,0.6251765,0.40674978,0.43142107,0.0,0.0,0.0,0.0,0.45525563,0.0,0.0,0.0,0.0,0.0,0.0,0.016508251,0.0,0.0,0.0,0.26575397666796047,0.7039753890270531,0.30434782608695654,0.7391304347826086
CC1=NN(c2ccc(S(N)(=O)=O)cc2)C(=O)/C1=C\C=C\c1ccccc1,CHEMBL2392428,CC1=NN(c2ccc(S(N)(=O)=O)cc2)C(=O)/C1=C\C=C\c1ccccc1,7.48,active,Active,0.4494764,0.0,0.0,0.0,0.0,0.0,0.0,0.0,0.0,0.0,0.0,0.0,0.0,0.0,0.0,0.0,0.0,0.0,0.0,0.0,0.0,0.0,1.2074268,0.0,0.0,1.2322462,0.0,0.0,0.0,0.0,0.0,0.0,0.07527566,0.0,0.0,0.8648438,0.0,0.0,0.0,0.0,0.0,0.51205134,0.0,0.0,1.3611182,0.7058529,0.0,0.0,0.7789212,0.0,0.7324931,0.0,0.0,0.0,0.0,0.0,0.0,1.1354489,0.0,0.0,0.0,0.0,0.0,0.4384358,0.6191464,0.0,1.161441,0.0,0.0,0.0,0.0,0.0,0.0,0.0,0.0,0.0,0.0,0.0,0.0,0.0,0.0,0.0,0.0,0.0,0.0,0.0,0.0,0.7655989,0.0,0.0,0.67831045,0.0,0.0,1.0802838,0.0,0.6447731,0.0,0.0,0.0,0.0,0.0,0.0,0.0,0.0,0.0,1.0384216,0.0,0.0,0.0,0.0,0.9204445,0.7720946,0.9212939,0.0,0.0,0.0,0.0,1.0992973,0.0,0.0,0.0,0.0,0.0,0.0,0.0,0.0,0.0,0.0,0.3817769388831869,0.5703096639311204,0.3695652173913043,0.5217391304347826
CC1=NN(c2cccc(S(N)(=O)=O)c2)C(=O)C1,CHEMBL2392434,CC1=NN(c2cccc(S(N)(=O)=O)c2)C(=O)C1,6.09,medium,Medium,0.71940315,0.0,0.0,0.0,0.0,0.0,0.0,0.0,0.0,0.0,0.0,0.0,0.0,0.0,0.0,0.0,0.0,0.0,0.0,0.0,0.0,0.0,1.3698841,0.0,0.0,1.172582,0.0,0.0,0.0,0.0,0.0,0.0,0.29444146,0.0,0.0,0.89882576,0.0,0.0,0.0,0.0,0.0,0.86144996,0.0,0.0,1.7848206,1.2333384,0.0,0.0,0.9826797,0.0,0.93016106,0.0,0.0,0.0,0.0,0.0,0.0,1.2769127,0.0,0.0,0.0,0.0,0.0,0.0,1.0322105,0.0,1.4570061,0.0,0.0,0.0,0.14939913,0.0,0.0,0.0,0.0,0.0,0.0,0.0,0.0,0.0,0.0,0.0,0.0,0.0,0.0,0.0,0.0,1.107096,0.0,0.0,0.81393933,0.0,0.0,1.3470905,0.0,0.83056617,0.0,0.0,0.0,0.0,0.0,0.0,0.0,0.0,0.0,1.0887808,0.0,0.0,0.0,0.0,1.2812864,0.9266373,1.1710597,0.0,0.0,0.0,0.0,1.2403326,0.0,0.0,0.0,0.0,0.0,0.0,0.0,0.0,0.0,0.0,0.4993745672175053,0.5714988298981614,0.5,0.5869565217391304
CC1CCN(NC(=S)SCC(=O)NCc2ccc3c(c2)OCO3)CC1,CHEMBL4061017,CC1CCN(NC(=S)SCC(=O)NCc2ccc3c(c2)OCO3)CC1,8.73,active,Active,0.7530155,0.0,0.0,0.67653084,0.0,0.0,0.0,0.0,0.0,0.0,0.0,0.0,0.0,0.0,0.0,0.0,0.0,0.0,0.0,0.0,0.0,0.0,0.5983545,0.0,0.0,0.82393956,0.0,0.0,0.0,0.0,0.0,0.0,0.00048803538,0.0,0.0,0.19374594,0.0,0.0,0.0,0.0,0.0,0.24802005,0.0,0.0,1.7347376,1.1650479,0.0,0.0,0.3455656,0.0,0.0,0.0,0.0,0.0,0.0,0.0,0.0,0.7205031,0.0,0.0,0.0,0.0,0.0,0.6613547,0.27655822,0.0,0.6854087,0.0,0.0,0.0,0.0,0.0,0.0,0.0,0.0,0.0,0.0,0.0,0.0,0.0,0.0,0.0,0.0,0.0,0.0,0.0,0.0,0.36313808,0.0,0.0,0.5986205,0.0,0.0,0.13859968,0.0,0.0068496056,0.0,0.0,0.0,0.0,0.0,0.0,0.0,0.0,0.0,0.75720215,0.0,0.0,0.0,0.0,1.2937471,0.819901,0.86574936,0.0,0.0,0.0,0.0,0.7710077,0.0,0.0,0.0,0.0,0.0,0.0,0.0,0.0,0.0,0.0,0.26400087208094153,0.6147560064303199,0.2608695652173913,0.5869565217391304
CCC(=O)N[C@@H]1O[C@H](CO)[C@@H](O)[C@H](O)[C@H]1NC(=O)c1ccc(S(N)(=O)=O)cc1,CHEMBL5087194,CCC(=O)N[C@@H]1O[C@H](CO)[C@@H](O)[C@H](O)[C@H]1NC(=O)c1ccc(S(N)(=O)=O)cc1,7.62,active,Active,1.8699026,0.0,0.0,0.0,0.0,0.0,0.0,0.0,0.0,0.0,0.0,0.0,0.0,0.0,0.0,0.0,0.0,0.0,0.0,0.0,0.0,0.0,1.8527052,0.0,0.0,2.3482416,0.0,0.0,0.0,0.3081682,0.0,0.0,0.40510577,0.0,0.0,1.730237,0.0,0.0,0.0,0.0,0.0,1.0886912,0.0,0.0,2.2784164,2.0101728,0.0,0.0,1.2531202,0.0,0.8759583,0.0,0.0,0.0,0.0010110885,0.0,0.0,1.9345572,0.0,0.0,0.0,0.0,0.0,0.0,1.2397742,0.0,2.0226212,0.0,0.0,0.0,0.0,0.0,0.0,0.0,0.0,0.0,0.0,0.0,0.0,0.0,0.0,0.0,0.0,0.0,0.0,0.0,0.0,1.2722347,0.0,0.0,1.3496704,0.0,0.0,1.6132914,0.0,1.057351,0.0,0.0,0.0,0.0,0.0,0.0,0.0,0.0,0.0,1.974204,0.0,0.0,0.0,0.0,2.0868897,2.029422,2.1968935,0.0,0.0,0.0,0.15762699,2.5687242,0.0,0.14881817,0.0,0.0,0.0,0.0,0.0,0.0,0.0,0.0,0.764903236350137,0.11521894753449409,0.7391304347826086,0.10869565217391304
CCC(C)NCc1cccc(S(=O)(=O)c2csc(S(N)(=O)=O)c2)c1.Cl,CHEMBL544826,CCC(C)NCc1cccc(S(=O)(=O)c2csc(S(N)(=O)=O)c2)c1.Cl,7.58,active,Active,1.1013867,0.0,0.0,0.0,0.0,0.0,0.0,0.0,0.0,0.0,0.0,0.0,0.0,0.0,0.0,0.0,0.0,0.0,0.0,0.0,0.0,0.0,1.8393435,0.0,0.0,1.4493417,0.0,0.0,0.0,0.0,0.0,0.0,0.62053484,0.0,0.0,1.335642,0.0,0.0,0.0,0.0,0.0,1.4224663,0.0,0.0,2.5207946,1.821511,0.0,0.0,1.4297129,0.0,1.4562482,0.0,0.0,0.0,0.025275268,0.0,0.0,1.6904764,0.0,0.0,0.0,0.0,0.0,0.0,1.6215409,0.0,2.040078,0.0,0.0,0.0,0.9772626,0.0,0.0,0.0,0.0,0.0,0.0,0.0,0.0,0.0,0.0,0.0,0.0,0.0,0.0,0.0,0.0,1.6214491,0.0,0.0,1.2368895,0.0,0.0,2.028024,0.0,1.3477705,0.0,0.0,0.0,0.0,0.0,0.0,0.0,0.0,0.0,1.3554965,0.0,0.0,0.0,0.0,1.8776782,1.0496167,1.7555265,0.0,0.0,0.0,0.0,1.7452089,0.0,0.0,0.0,0.0,0.0,0.0,0.0,0.0,0.0,0.0,0.680568444617577,0.7115384255067867,0.6956521739130435,0.6956521739130435
CCCC(=O)Oc1ccc2nc(S(N)(=O)=O)sc2c1,CHEMBL312635,CCCC(=O)Oc1ccc2nc(S(N)(=O)=O)sc2c1,8.49,active,Active,1.0258775,0.0,0.0,0.0,0.0,0.0,0.0,0.0,0.0,0.0,0.0,0.0,0.0,0.0,0.0,0.0,0.0,0.0,0.0,0.0,0.0,0.0,2.0900602,0.0,0.0,1.8322009,0.0,0.0,0.0,0.0,0.0,0.0,0.60431296,0.0,0.0,1.4138232,0.0,0.0,0.0,0.0,0.0,1.4308777,0.0,0.0,2.3213205,1.3802792,0.0,0.0,1.6145794,0.0,1.6970617,0.0,0.0,0.0,0.0,0.0,0.0,1.8478396,0.0,0.0,0.0,0.0,0.0,0.0,1.5763572,0.0,2.3322642,0.0,0.0,0.0,0.39174092,0.0,0.0,0.0,0.0,0.0,0.0,0.0,0.0,0.0,0.0,0.0,0.0,0.0,0.0,0.0,0.0,1.6600065,0.0,0.0,1.4240421,0.0,0.0,2.3653884,0.0,1.6744417,0.0,0.0,0.0,0.0,0.0,0.0,0.0,0.0,0.0,1.4431348,0.0,0.0,0.0,0.0,1.8322675,0.939522,1.9378108,0.0,0.0,0.0,0.0,2.2205641,0.0,0.0,0.0,0.0,0.0,0.0,0.0,0.0,0.0,0.0,0.7340315991977983,0.6076784937516593,0.717391304347826,0.6304347826086957
CCCC(=O)Oc1ccc2sc(S(N)(=O)=O)nc2c1,CHEMBL82230,CCCC(=O)Oc1ccc2sc(S(N)(=O)=O)nc2c1,8.4,active,Active,1.0244704,0.0,0.0,0.0,0.0,0.0,0.0,0.0,0.0,0.0,0.0,0.0,0.0,0.0,0.0,0.0,0.0,0.0,0.0,0.0,0.0,0.0,2.091462,0.0,0.0,1.8359313,0.0,0.0,0.0,0.0,0.0,0.0,0.6014734,0.0,0.0,1.4152563,0.0,0.0,0.0,0.0,0.0,1.4286005,0.0,0.0,2.3223002,1.3798951,0.0,0.0,1.6152221,0.0,1.696621,0.0,0.0,0.0,0.0,0.0,0.0,1.8515738,0.0,0.0,0.0,0.0,0.0,0.0,1.5712153,0.0,2.3301022,0.0,0.0,0.0,0.38053042,0.0,0.0,0.0,0.0,0.0,0.0,0.0,0.0,0.0,0.0,0.0,0.0,0.0,0.0,0.0,0.0,1.6603048,0.0,0.0,1.4263953,0.0,0.0,2.3651783,0.0,1.67061,0.0,0.0,0.0,0.0,0.0,0.0,0.0,0.0,0.0,1.4474864,0.0,0.0,0.0,0.0,1.8311495,0.94131756,1.9360921,0.0,0.0,0.0,0.0,2.2173653,0.0,0.0,0.0,0.0,0.0,0.0,0.0,0.0,0.0,0.0,0.7348569625237656,0.6027766637679285,0.717391304347826,0.6086956521739131
CCCC(C)NS(=O)(=O)c1ccc(C)cc1,CHEMBL3310984,CCCC(C)NS(=O)(=O)c1ccc(C)cc1,5.09,inactive,Inactive,0.12444036,0.0,0.0,0.65233546,0.0,0.0,0.0,0.0,0.0,0.0,0.0,0.0,0.0,0.0,0.0,0.0,0.0,0.0,0.0,0.0,0.0,0.0,0.49870437,0.0,0.0,0.2183497,0.0,0.0,0.0,0.0,0.0,0.0,0.0,0.0,0.0,0.14061733,0.0,0.0,0.0,0.0,0.0,0.15984339,0.0,0.0,1.7360935,0.9803278,0.0,0.0,0.071454175,0.0,0.0,0.0,0.0,0.0,0.0,0.0,0.0,0.50416344,0.0,0.0,0.0,0.0,0.0,0.5835175,0.45285273,0.0,0.43104815,0.0,0.0,0.0,0.31557044,0.0,0.0,0.0,0.013569824,0.0,0.0,0.0,0.0,0.0,0.0,0.0,0.0,0.0,0.0,0.0,0.0,0.06889199,0.0,0.0,0.21484429,0.0,0.0,0.30114675,0.0,0.053577684,0.0,0.0,0.0,0.0,0.0,0.0,0.0,0.0,0.0,0.4267562,0.0,0.0,0.0,0.0,0.7612895,0.13612545,0.45169625,0.0,0.0,0.0,0.0,0.210973,0.0,0.0,0.0,0.0,0.0,0.0013513267,0.0,0.0,0.0,0.0,0.25522239825076626,0.6652261150999129,0.21739130434782608,0.6739130434782609
CCCC/C(=N\O)c1csc(S(N)(=O)=O)c1,CHEMBL288606,CCCC/C(=N\O)c1csc(S(N)(=O)=O)c1,7.82,active,Active,1.1791273,0.0,0.0,0.0,0.0,0.0,0.0,0.0,0.0,0.0,0.0,0.0,0.0,0.0,0.0,0.0,0.0,0.0,0.0,0.0,0.0,0.0,1.9417692,0.0,0.0,1.5815846,0.0,0.0,0.0,0.0,0.0,0.0,0.65562046,0.0,0.0,1.3559536,0.0,0.0,0.0,0.0,0.0,1.589011,0.0,0.0,2.7637818,1.7542558,0.0,0.0,1.4782301,0.0,1.6182011,0.0,0.0,0.0,0.0,0.0,0.0,1.8119509,0.0,0.0,0.0,0.0,0.0,0.0,1.8833516,0.0,2.2832022,0.0,0.0,0.0,1.0803355,0.0,0.0,0.0,0.0,0.0,0.0,0.0,0.0,0.0,0.0,0.0,0.0,0.0,0.0,0.0,0.0,1.6834804,0.0,0.0,1.6468804,0.0,0.0,2.3458545,0.0,1.6717418,0.0,0.0,0.0,0.0,0.0,0.0,0.0,0.0,0.0,1.5133734,0.0,0.0,0.0,0.0,1.9741704,0.9611291,2.133167,0.0,0.0,0.0,0.0,1.949095,0.0,0.0063646287,0.0,0.0,0.0,0.0,0.0,0.0,0.0,0.0,0.726879521102175,0.7265777384531352,0.7391304347826086,0.717391304347826
CCCCC(=O)c1csc(S(N)(=O)=O)c1,CHEMBL297821,CCCCC(=O)c1csc(S(N)(=O)=O)c1,8.2,active,Active,1.2724997,0.0,0.0,0.0,0.0,0.0,0.0,0.0,0.0,0.0,0.0,0.0,0.0,0.0,0.0,0.0,0.0,0.0,0.0,0.0,0.0,0.0,2.0986683,0.0,0.0,1.7134705,0.0,0.0,0.0,0.0,0.0,0.0,0.7398932,0.0,0.0,1.4811919,0.0,0.0,0.0,0.0,0.0,1.7621906,0.0,0.0,2.8993275,1.878642,0.0,0.0,1.6405246,0.0,1.8105736,0.0,0.0,0.0,0.0,0.0,0.0,1.9526646,0.0,0.0,0.0,0.0,0.0,0.0,2.014971,0.0,2.479064,0.0,0.0,0.0,1.1988808,0.0,0.0,0.0,0.0,0.0,0.0,0.0,0.0,0.0,0.0,0.0,0.0,0.0,0.0,0.0,0.0,1.8900903,0.0,0.0,1.7700428,0.0,0.0,2.5427458,0.0,1.8188845,0.0,0.0,0.0,0.0,0.0,0.0,0.0,0.0,0.0,1.6157848,0.0,0.0,0.0,0.0,2.1226065,1.0452031,2.2704613,0.0,0.0,0.0,0.0,2.1028523,0.0,0.022301525,0.0,0.0,0.0,0.0,0.0,0.0,0.0,0.0,0.7311833180355215,0.7315720878380894,0.7391304347826086,0.7391304347826086
CCCCC(N)c1csc(S(N)(=O)=O)c1,CHEMBL42080,CCCCC(N)c1csc(S(N)(=O)=O)c1,6.2,medium,Medium,1.2561637,0.0,0.0,0.0,0.0,0.0,0.0,0.0,0.0,0.0,0.0,0.0,0.0,0.0,0.0,0.0,0.0,0.0,0.0,0.0,0.0,0.0,1.8145452,0.0,0.0,1.5820074,0.0,0.0,0.0,0.0,0.0,0.0,0.6447664,0.0,0.0,1.2886544,0.0,0.0,0.0,0.0,0.0,1.5056946,0.0,0.0,2.8420258,1.9725455,0.0,0.0,1.4242679,0.0,1.4499698,0.0,0.0,0.0,0.0,0.0,0.0,1.7252599,0.0,0.0,0.0,0.0,0.0,0.0,1.7585475,0.0,2.1439996,0.0,0.0,0.0,1.1203535,0.0,0.0,0.0,0.0,0.0,0.0,0.0,0.0,0.0,0.0,0.0,0.0,0.0,0.0,0.0,0.0,1.6451782,0.0,0.0,1.5073682,0.0,0.0,2.1239767,0.0,1.5025696,0.0,0.0,0.0,0.0,0.0,0.0,0.0,0.0,0.0,1.5316828,0.0,0.0,0.0,0.0,2.0712173,1.0642697,2.0196016,0.0,0.0,0.0,0.0,1.8931627,0.0,0.03453917,0.0,0.0,0.0,0.0,0.0,0.0,0.0,0.0,0.7197585786912164,0.7278927248987753,0.6956521739130435,0.7608695652173912
CCCCC(O[Si](C)(C)C(C)(C)C)c1csc(S(N)(=O)=O)c1,CHEMBL289952,CCCCC(O[Si](C)(C)C(C)(C)C)c1csc(S(N)(=O)=O)c1,6.7,medium,Medium,0.75371957,0.0,0.0,0.1361849,0.0,0.0,0.0,0.0,0.0,0.0,0.0,0.0,0.0,0.0,0.0,0.0,0.0,0.0,0.0,0.0,0.0,0.0,1.2064793,0.0,0.0,1.092243,0.0,0.0,0.0,0.0,0.0,0.0,0.30107477,0.0,0.0,0.82605255,0.0,0.0,0.0,0.0,0.0,0.93051237,0.0,0.0,2.2692118,1.33633,0.0,0.0,0.81622404,0.0,0.8171205,0.0,0.0,0.0,0.0,0.0,0.0,1.1456226,0.0,0.0,0.0,0.0,0.0,0.0,1.1567587,0.0,1.4323224,0.0,0.0,0.0,0.6809477,0.0,0.0,0.0,0.0,0.0,0.0,0.0,0.0,0.0,0.0,0.0,0.0,0.0,0.0,0.0,0.0,0.9392287,0.0,0.0,1.0538921,0.0,0.0,1.4099045,0.0,1.0331563,0.0,0.0,0.0,0.0,0.0,0.0,0.0,0.0,0.0,1.0674355,0.0,0.0,0.0,0.0,1.4284701,0.5682747,1.377153,0.0,0.0,0.0,0.0,1.2295562,0.0,0.0,0.0,0.0,0.0,0.0,0.0,0.0,0.0,0.0,0.48877602242332835,0.6378604932770081,0.5217391304347826,0.6521739130434783
CCCCCC(=O)Oc1ccc2nc(S(N)(=O)=O)sc2c1,CHEMBL442751,CCCCCC(=O)Oc1ccc2nc(S(N)(=O)=O)sc2c1,8.4,active,Active,1.1360103,0.0,0.0,0.0,0.0,0.0,0.0,0.0,0.0,0.0,0.0,0.0,0.0,0.0,0.0,0.0,0.0,0.0,0.0,0.24645647,0.0,0.0,2.093474,0.0,0.0,1.9518778,0.0,0.0,0.0,0.0,0.0,0.0,0.5959422,0.0,0.0,1.4307946,0.0,0.0,0.0,0.0,0.0,1.5007752,0.0,0.0,2.5085335,1.4507014,0.0,0.0,1.6249132,0.0,1.6881162,0.0,0.0,0.0,0.0,0.0,0.0,1.9080317,0.0,0.0,0.0,0.0,0.0,0.0,1.6295527,0.0,2.3783288,0.0,0.0,0.0,0.3886028,0.0,0.0,0.0,0.0,0.0,0.0,0.0,0.0,0.0,0.0,0.0,0.0,0.0,0.0,0.0,0.0,1.7131368,0.0,0.0,1.6388803,0.0,0.0,2.362605,0.0,1.7236607,0.0,0.0,0.0,0.0,0.0,0.0,0.0,0.0,0.0,1.6001744,0.0,0.0,0.0,0.0,1.9557779,0.9891959,2.0980966,0.0,0.0,0.0,0.0,2.257196,0.0,0.0,0.0,0.0,0.0,0.0,0.0,0.0,0.0,0.0,0.7322534839210957,0.618114172725323,0.6956521739130435,0.6304347826086957
CCCCCC/C(=N\N)c1csc(S(N)(=O)=O)c1,CHEMBL42278,CCCCCC/C(=N\N)c1csc(S(N)(=O)=O)c1,8.7,active,Active,1.4812587,0.0,0.0,0.19159052,0.0,0.0,0.0,0.0,0.0,0.0,0.0,0.0,0.0,0.0,0.0,0.0,0.0,0.0,0.0,0.27993038,0.0,0.0,2.189054,0.0,0.0,2.038586,0.0,0.0,0.0,0.0,0.0,0.0,0.72214365,0.0,0.0,1.5903419,0.0,0.0,0.0,0.0,0.0,1.8639343,0.0,0.0,3.094809,1.9398481,0.0,0.0,1.7316095,0.0,1.8865163,0.0,0.0,0.0,0.0,0.0,0.0,2.1136162,0.0,0.0,0.0,0.0,0.0,0.0,2.0894377,0.0,2.627882,0.0,0.0,0.0,0.9822885,0.0,0.0,0.0,0.0,0.0,0.0,0.0,0.0,0.0,0.0,0.0,0.0,0.0,0.0,0.0,0.0,2.020617,0.0,0.0,2.1012995,0.0,0.0,2.608537,0.0,1.9350396,0.0,0.0,0.0,0.0,0.0,0.0,0.0,0.0,0.0,1.9329104,0.0,0.0,0.0,0.0,2.315176,1.2434039,2.545319,0.0,0.0,0.0,0.0,2.3038116,0.0,0.050664775,0.0,0.0,0.0,0.0,0.0,0.0,0.0,0.0,0.7356490205291235,0.7383437622407187,0.7608695652173912,0.7391304347826086
CCCCCC/C(=N\O)c1csc(S(N)(=O)=O)c1,CHEMBL42425,CCCCCC/C(=N\O)c1csc(S(N)(=O)=O)c1,8.24,active,Active,1.3225576,0.0,0.0,0.36617702,0.0,0.0,0.0,0.0,0.0,0.0,0.0,0.0,0.0,0.0,0.0,0.0,0.0,0.0,0.0,0.14450018,0.0,0.0,2.0015054,0.0,0.0,1.7926601,0.0,0.0,0.0,0.0,0.0,0.0,0.65719765,0.0,0.0,1.4198241,0.0,0.0,0.0,0.0,0.0,1.6915216,0.0,0.0,2.959962,1.8137715,0.0,0.0,1.5452279,0.0,1.6648449,0.0,0.0,0.0,0.0,0.0,0.0,1.9270241,0.0,0.0,0.0,0.0,0.0,0.0,1.9436567,0.0,2.3904035,0.0,0.0,0.0,1.0035703,0.0,0.0,0.0,0.0,0.0,0.0,0.0,0.0,0.0,0.0,0.0,0.0,0.0,0.0,0.0,0.0,1.7900363,0.0,0.0,1.9198214,0.0,0.0,2.3915727,0.0,1.7679242,0.0,0.0,0.0,0.0,0.0,0.0,0.0,0.0,0.0,1.7276082,0.0,0.0,0.0,0.0,2.1358883,1.0511377,2.3477497,0.0,0.0,0.0,0.0,2.0663958,0.0,0.022019975,0.0,0.0,0.0,0.09075843,0.0,0.0,0.0,0.0,0.7309435591750594,0.7306497735199081,0.717391304347826,0.7391304347826086
CCCCCC/C(=N\OC)c1csc(S(N)(=O)=O)c1,CHEMBL42675,CCCCCC/C(=N\OC)c1csc(S(N)(=O)=O)c1,8.33,active,Active,1.2535146,0.0,0.0,0.59165066,0.0,0.0,0.0,0.0,0.0,0.0,0.0,0.0,0.0,0.0,0.0,0.0,0.0,0.0,0.0,0.18057096,0.0,0.0,1.9146088,0.0,0.0,1.7212592,0.0,0.0,0.0,0.0,0.0,0.0,0.6089132,0.0,0.0,1.3674252,0.0,0.0,0.0,0.0,0.0,1.6014411,0.0,0.0,2.8699443,1.7329683,0.0,0.0,1.4500247,0.0,1.567361,0.0,0.0,0.0,0.0,0.0,0.0,1.8449141,0.0,0.0,0.0,0.0,0.0,0.0,1.86597,0.0,2.280504,0.0,0.0,0.0,0.9417838,0.0,0.0,0.0,0.0,0.0,0.0,0.0,0.0,0.0,0.0,0.0,0.0,0.0,0.0,0.0,0.0,1.6558638,0.0,0.0,1.85683,0.0,0.0,2.2874486,0.0,1.7050295,0.0,0.0,0.0,0.0,0.0,0.0,0.0,0.0,0.0,1.6646245,0.0,0.0,0.0,0.0,2.0369809,0.98529917,2.2781541,0.0,0.0,0.0,0.0,1.9888166,0.0,0.008574106,0.0,0.0,0.0,0.34691232,0.0,0.0,0.0,0.0,0.7329277053352616,0.7323900317064468,0.7608695652173912,0.717391304347826
CCCCCCC(=O)c1csc(S(N)(=O)=O)c1,CHEMBL44173,CCCCCCC(=O)c1csc(S(N)(=O)=O)c1,8.3,active,Active,1.4133819,0.0,0.0,0.16761698,0.0,0.0,0.0,0.0,0.0,0.0,0.0,0.0,0.0,0.0,0.0,0.0,0.0,0.0,0.0,0.19178191,0.0,0.0,2.1434588,0.0,0.0,1.9214458,0.0,0.0,0.0,0.0,0.0,0.0,0.7316489,0.0,0.0,1.5340848,0.0,0.0,0.0,0.0,0.0,1.8503568,0.0,0.0,3.091101,1.927025,0.0,0.0,1.6923699,0.0,1.8373293,0.0,0.0,0.0,0.0,0.0,0.0,2.0579517,0.0,0.0,0.0,0.0,0.0,0.0,2.063339,0.0,2.5695283,0.0,0.0,0.0,1.1036532,0.0,0.0,0.0,0.0,0.0,0.0,0.0,0.0,0.0,0.0,0.0,0.0,0.0,0.0,0.0,0.0,1.9786073,0.0,0.0,2.0445497,0.0,0.0,2.5679884,0.0,1.903414,0.0,0.0,0.0,0.0,0.0,0.0,0.0,0.0,0.0,1.8305734,0.0,0.0,0.0,0.0,2.2763743,1.1306152,2.4815137,0.0,0.0,0.0,0.0,2.2089643,0.0,0.037002914,0.0,0.0,0.0,0.0,0.0,0.0,0.0,0.0,0.7345544814605313,0.7388900180509745,0.7391304347826086,0.7608695652173912
CCCCCCC(N)c1csc(S(N)(=O)=O)c1,CHEMBL43047,CCCCCCC(N)c1csc(S(N)(=O)=O)c1,6.8,medium,Medium,1.4000521,0.0,0.0,0.39890033,0.0,0.0,0.0,0.0,0.0,0.0,0.0,0.0,0.0,0.0,0.0,0.0,0.0,0.0,0.0,0.0,0.0,0.0,1.8930829,0.0,0.0,1.8060491,0.0,0.0,0.0,0.0,0.0,0.0,0.64790577,0.0,0.0,1.3644787,0.0,0.0,0.0,0.0,0.0,1.6245815,0.0,0.0,3.041469,2.0104969,0.0,0.0,1.5025778,0.0,1.5195512,0.0,0.0,0.0,0.0,0.0,0.0,1.8581582,0.0,0.0,0.0,0.0,0.0,0.0,1.8373337,0.0,2.274277,0.0,0.0,0.0,1.0343447,0.0,0.0,0.0,0.0,0.0,0.0,0.0,0.0,0.0,0.0,0.0,0.0,0.0,0.0,0.0,0.0,1.7637775,0.0,0.0,1.8139981,0.0,0.0,2.199013,0.0,1.6245856,0.0,0.0,0.0,0.0,0.0,0.0,0.0,0.0,0.0,1.7571805,0.0,0.0,0.0,0.0,2.231818,1.148421,2.2610433,0.0,0.0,0.0,0.0,2.0239668,0.0,0.048141815,0.0,0.0,0.0,0.14896628,0.0,0.0,0.0,0.0,0.7324072463022853,0.7356215283822969,0.717391304347826,0.7608695652173912
CCCCCCC(O)c1csc(S(N)(=O)=O)c1,CHEMBL44335,CCCCCCC(O)c1csc(S(N)(=O)=O)c1,7.89,active,Active,1.5773553,0.0,0.0,0.23846188,0.0,0.0,0.0,0.0,0.0,0.0,0.0,0.0,0.0,0.0,0.0,0.0,0.0,0.0,0.0,0.0,0.0,0.0,2.0846367,0.0,0.0,2.0358715,0.0,0.0,0.0,0.0,0.0,0.0,0.72767395,0.0,0.0,1.5524888,0.0,0.0,0.0,0.0,0.0,1.7755984,0.0,0.0,3.1312172,2.1325548,0.0,0.0,1.6726934,0.0,1.7055246,0.0,0.0,0.0,0.0,0.0,0.0,2.0473762,0.0,0.0,0.0,0.0,0.0,0.0,1.9716258,0.0,2.4957762,0.0,0.0,0.0,0.98047066,0.0,0.0,0.0,0.0,0.0,0.0,0.0,0.0,0.0,0.0,0.0,0.0,0.0,0.0,0.0,0.0,1.968614,0.0,0.0,1.9791833,0.0,0.0,2.3990207,0.0,1.7725208,0.0,0.0,0.0,0.0,0.0,0.0,0.0,0.0,0.0,1.9456888,0.0,0.0,0.0,0.0,2.3923085,1.3420061,2.465975,0.0,0.0,0.0,0.0,2.2749553,0.0,0.08027517,0.0,0.0,0.0,0.0,0.0,0.0,0.0,0.0,0.7358583763092661,0.7432459614159946,0.7608695652173912,0.7608695652173912
CCCCCCCC(=O)Oc1ccc2nc(S(N)(=O)=O)sc2c1,CHEMBL83708,CCCCCCCC(=O)Oc1ccc2nc(S(N)(=O)=O)sc2c1,8.8,active,Active,1.2540812,0.0,0.0,0.0,0.0,0.0,0.2685717,0.0,0.0,0.0,0.0,0.0,0.0,0.0,0.0,0.0,0.0,0.0,0.0,0.5995329,0.0,0.0,2.1276436,0.0,0.0,2.086014,0.0,0.0,0.0,0.0,0.0,0.0,0.6027329,0.0,0.0,1.4748056,0.0,0.0,0.0,0.0,0.09976435,1.5897127,0.0,0.0,2.6860316,1.5248514,0.0,0.0,1.6665442,0.0,1.7193093,0.0,0.0,0.0,0.0,0.0,0.0,1.9913707,0.0,0.0,0.0,0.0,0.0,0.0,1.6992955,0.0,2.4547052,0.0,0.0,0.0,0.38863754,0.0,0.0,0.0,0.0,0.0,0.0,0.0,0.0,0.0,0.0,0.0,0.0,0.0,0.0,0.0,0.0,1.7963728,0.0,0.0,1.8555133,0.0,0.0,2.3979335,0.0,1.7949411,0.0,0.0,0.0,0.0,0.0,0.0,0.0,0.0,0.0,1.7618444,0.0,0.0,0.0,0.0,2.0854418,1.0590736,2.2707531,0.0,0.0,0.0,0.0,2.3222487,0.0,0.0,0.0,0.0,0.0,0.0,0.0,0.0,0.0,0.0,0.7298509079715102,0.6319331599382169,0.7391304347826086,0.6521739130434783
CCCCCCCCCCCC(=O)Oc1ccc2nc(S(N)(=O)=O)sc2c1,CHEMBL83165,CCCCCCCCCCCC(=O)Oc1ccc2nc(S(N)(=O)=O)sc2c1,8.51,active,Active,1.4377465,0.0,0.0,0.034953237,0.0,0.0,0.9269959,0.0,0.0,0.0,0.0,0.0,0.0,0.0,0.0,0.0,0.0,0.0,0.0,1.1487622,0.0,0.0,2.1807964,0.0,0.0,2.2946715,0.0,0.0,0.0,0.0,0.0,0.0,0.6132962,0.0,0.0,1.5432678,0.0,0.0,0.0,0.0,0.7358624,1.7280604,0.0,0.0,2.9621396,1.6401954,0.0,0.0,1.7313039,0.0,1.7678314,0.0,0.0,0.0,0.0,0.0,0.0,2.1210108,0.0,0.0,0.0,0.0,0.0,0.0,1.8077846,0.0,2.5735133,0.0,0.0,0.0,0.38869172,0.0,0.0,0.0,0.0,0.0,0.0,0.0,0.0,0.0,0.0,0.0,0.0,0.0,0.0,0.0,0.0,1.9258512,0.0,0.0,2.192498,0.0,0.0,2.4528887,0.0,1.9058222,0.0,0.0,0.0,0.0,0.0,0.0,0.0,0.0,0.0,2.0133317,0.0,0.0,0.0,0.0,2.287141,1.1677729,2.5393305,0.0,0.0,0.0,0.0,2.4234438,0.0,0.004407339,0.0,0.0,0.0,0.0,0.0,0.0,0.0,0.0,0.7272864546387592,0.6618948628685539,0.717391304347826,0.6521739130434783
CCCCCCCCCS(=O)(=O)C(F)S(N)(=O)=O,CHEMBL120422,CCCCCCCCCS(=O)(=O)C(F)S(N)(=O)=O,8.52,active,Active,0.7979686,0.0,0.0,2.3559995,0.0,0.0,0.0,0.0,0.0,0.0,0.0,0.0,0.0,0.0,0.0,0.0,0.0,0.0,0.0,0.0,0.0,0.0,0.7929388,0.0,0.0,0.013516815,0.0,0.0,0.0,0.0,0.0,0.0,0.37522793,0.0,0.0,0.085994795,0.0,0.0,0.0,0.0,0.0,1.0661771,0.0,0.0,3.2799602,2.5222464,0.0,0.0,0.47426218,0.0,0.23491108,0.0,0.0,0.0,0.0,0.0,0.0,0.95958877,0.0,0.0,0.0,0.0,0.0,0.0,1.5302057,0.0,1.1228154,0.0,0.0,0.0,2.0036342,0.0,0.0,0.0,2.3203142,0.0,0.0,0.0,0.0,0.0,0.0,0.0,0.0,0.0,0.0,0.0,0.0,1.1984217,0.0,0.0,0.7683098,0.0,0.0,0.9681227,0.0,0.25594476,0.0,0.0,0.0,0.0,0.0,0.0,0.0,0.0,0.0,0.9295412,0.0,0.0,0.0,0.0,1.7143471,0.72412115,1.02077,0.0,0.0,0.0,0.0,0.08051255,0.0,0.0,0.0,0.0,0.0,2.5029068,0.0,0.0,0.0,0.0,0.6995339086625533,0.1674477529124298,0.6739130434782609,0.15217391304347827
CCCCCCCCS(=O)(=O)C(C)S(N)(=O)=O,CHEMBL69113,CCCCCCCCS(=O)(=O)C(C)S(N)(=O)=O,5.6,inactive,Inactive,0.25157598,0.0,0.0,3.0456157,0.0,0.0,0.0,0.0,0.0,0.0,0.0,0.0,0.0,0.0,0.0,0.0,0.0,0.0,0.0,0.0,0.0,0.0,0.32632324,0.0,0.0,0.0,0.0,0.0,0.0,0.0,0.0,0.0,0.04195049,0.0,0.0,0.0,0.0,0.0,0.0,0.0,0.0,0.44299772,0.0,0.0,2.6543105,1.856805,0.0,0.0,0.0,0.0,0.0,0.0,0.0,0.0,0.0,0.0,0.0,0.44793883,0.0,0.0,0.0,0.0,0.0,0.24596716,0.99503124,0.0,0.46501628,0.0,0.0,0.0,1.6838697,0.0,0.0,0.0,1.9664785,0.0,0.0,0.0,0.0,0.0,0.0,0.0,0.0,0.0,0.0,0.0,0.0,0.34041685,0.0,0.0,0.2404508,0.0,0.0,0.3410632,0.0,0.0,0.0,0.0,0.0,0.0,0.0,0.0,0.0,0.0,0.0,0.36562786,0.0,0.0,0.0,0.0,1.0793958,0.19131231,0.53091276,0.0,0.0,0.0,0.0,0.0,0.0,0.0,0.0,0.0,0.0,3.112318,0.0,0.0,0.0,0.0,0.7009450455165671,0.16636780764913747,0.6956521739130435,0.17391304347826086
CCCCCCCCS(=O)(=O)C(Cl)(Cl)S(N)(=O)=O,CHEMBL68840,CCCCCCCCS(=O)(=O)C(Cl)(Cl)S(N)(=O)=O,6.7,medium,Medium,0.5133283,0.0,0.0,1.2732918,0.0,0.0,0.0,0.0,0.0,0.0,0.0,0.0,0.0,0.0,0.0,0.0,0.0,0.0,0.0,0.0,0.0,0.0,0.11389407,0.0,0.0,0.0,0.0,0.0,0.0,0.0,0.0,0.0,0.36740765,0.0,0.0,0.0,0.0,0.0,0.0,0.0,0.0,0.67548186,0.0,0.0,3.5459688,3.100404,0.0,0.0,0.0,0.0,0.0,0.0,0.0,0.0,0.0,0.0,0.0,0.34276846,0.0,0.0,0.0,0.0,0.0,0.06834938,1.3658715,0.0,0.35268992,0.0,0.0,0.0,2.8373609,0.0,0.0,0.0,3.7444692,0.0,0.0,0.0,0.0,0.0,0.0,0.52796084,0.0,0.0,0.0,0.0,0.0,0.8284494,0.0,0.0,0.0,0.0,0.0,0.36612344,0.0,0.0,0.0,0.0,0.0,0.0,0.0,0.0,0.0,0.0,0.0,0.32922375,0.0,0.0,0.0,0.0,1.4668921,0.4402085,0.10390423,0.0,0.0,0.0,0.0,0.0,0.0,0.0,0.0,0.0,0.0,1.8305335,0.0,0.0,0.0,0.0,0.6934120976927894,0.17537639977936006,0.6739130434782609,0.19565217391304346
CCCCCCCCS(=O)(=O)C(Cl)S(N)(=O)=O,CHEMBL304131,CCCCCCCCS(=O)(=O)C(Cl)S(N)(=O)=O,7.92,active,Active,0.6797353,0.0,0.0,1.8751265,0.0,0.0,0.0,0.0,0.0,0.0,0.0,0.0,0.0,0.0,0.0,0.0,0.0,0.0,0.0,0.0,0.0,0.0,0.591227,0.0,0.0,0.0,0.0,0.0,0.0,0.0,0.0,0.0,0.3792001,0.0,0.0,0.0,0.0,0.0,0.0,0.0,0.0,0.94464415,0.0,0.0,3.3321552,2.7120705,0.0,0.0,0.29472706,0.0,0.0,0.0,0.0,0.0,0.0,0.0,0.0,0.7622397,0.0,0.0,0.0,0.0,0.0,0.0,1.4908265,0.0,0.892457,0.0,0.0,0.0,2.3001099,0.0,0.0,0.0,2.8049247,0.0,0.0,0.0,0.0,0.0,0.0,0.0,0.0,0.0,0.0,0.0,0.0,1.092536,0.0,0.0,0.4199002,0.0,0.0,0.7860462,0.0,0.0,0.0,0.0,0.0,0.0,0.0,0.0,0.0,0.0,0.0,0.70499593,0.0,0.0,0.0,0.0,1.6167827,0.6398859,0.70081896,0.0,0.0,0.0,0.0,0.0,0.0,0.0,0.0,0.0,0.0,2.12524,0.0,0.0,0.0,0.0,0.6991440504426268,0.16841804828680218,0.6956521739130435,0.19565217391304346
CCCCCCCCS(=O)(=O)C(F)S(N)(=O)=O,CHEMBL302780,CCCCCCCCS(=O)(=O)C(F)S(N)(=O)=O,8.52,active,Active,0.6982125,0.0,0.0,2.058682,0.0,0.0,0.0,0.0,0.0,0.0,0.0,0.0,0.0,0.0,0.0,0.0,0.0,0.0,0.0,0.0,0.0,0.0,0.6933219,0.0,0.0,0.0,0.0,0.0,0.0,0.0,0.0,0.0,0.35765088,0.0,0.0,0.0,0.0,0.0,0.0,0.0,0.0,0.98044866,0.0,0.0,3.2052653,2.5351176,0.0,0.0,0.37841448,0.0,0.12832725,0.0,0.0,0.0,0.0,0.0,0.0,0.84742105,0.0,0.0,0.0,0.0,0.0,0.0,1.4771825,0.0,0.9972949,0.0,0.0,0.0,2.0986125,0.0,0.0,0.0,2.4841974,0.0,0.0,0.0,0.0,0.0,0.0,0.0,0.0,0.0,0.0,0.0,0.0,1.111838,0.0,0.0,0.5705538,0.0,0.0,0.86219573,0.0,0.12138927,0.0,0.0,0.0,0.0,0.0,0.0,0.0,0.0,0.0,0.7807268,0.0,0.0,0.0,0.0,1.6124314,0.66125804,0.8406008,0.0,0.0,0.0,0.0,0.0,0.0,0.0,0.0,0.0,0.0,2.232664,0.0,0.0,0.0,0.0,0.6984723367894883,0.16907062664717692,0.6739130434782609,0.17391304347826086
CCCCCCCCS(=O)(=O)CS(N)(=O)=O,CHEMBL421106,CCCCCCCCS(=O)(=O)CS(N)(=O)=O,7.66,active,Active,0.8282237,0.0,0.0,2.4394789,0.0,0.0,0.0,0.0,0.0,0.0,0.0,0.0,0.0,0.0,0.0,0.0,0.0,0.0,0.0,0.0,0.0,0.0,0.9975917,0.0,0.0,0.25659704,0.0,0.0,0.0,0.0,0.0,0.0,0.39478078,0.0,0.0,0.3241946,0.0,0.0,0.0,0.0,0.0,1.1906768,0.0,0.0,3.2004309,2.4231286,0.0,0.0,0.6401726,0.0,0.48831594,0.0,0.0,0.0,0.0,0.0,0.0,1.122796,0.0,0.0,0.0,0.0,0.0,0.0,1.6162561,0.0,1.3550806,0.0,0.0,0.0,1.891179,0.0,0.0,0.0,2.0278583,0.0,0.0,0.0,0.0,0.0,0.0,0.0,0.0,0.0,0.0,0.0,0.0,1.3273941,0.0,0.0,0.928272,0.0,0.0,1.1527501,0.0,0.47279865,0.0,0.0,0.0,0.0,0.0,0.0,0.0,0.0,0.0,1.0375353,0.0,0.0,0.0,0.0,1.7718711,0.81308424,1.2091675,0.0,0.0,0.0,0.0,0.30469194,0.0,0.0,0.0,0.0,0.0,2.4397583,0.0,0.0,0.0,0.0,0.6997424473070802,0.1681859929410761,0.717391304347826,0.19565217391304346
CCCCCCCCSCS(N)(=O)=O,CHEMBL66465,CCCCCCCCSCS(N)(=O)=O,6.32,medium,Medium,0.8722898,0.0,0.0,3.172626,0.0,0.0,0.0,0.0,0.0,0.0,0.0,0.0,0.0,0.0,0.0,0.0,0.0,0.0,0.0,0.0,0.0,0.0,0.774915,0.0,0.0,0.3624519,0.0,0.0,0.0,0.0,0.0,0.0,0.28556532,0.0,0.0,0.17778859,0.0,0.0,0.0,0.0,0.0,0.9920365,0.0,0.0,3.1346674,2.176599,0.0,0.0,0.46652082,0.0,0.22995792,0.0,0.0,0.0,0.0,0.0,0.0,0.983536,0.0,0.0,0.0,0.0,0.0,0.0,1.389561,0.0,1.0937417,0.0,0.0,0.0,1.5073725,0.0,0.0,0.0,1.7351441,0.0,0.0,0.0,0.0,0.0,0.0,0.0,0.0,0.0,0.0,0.0,0.0,1.0336803,0.0,0.0,1.0724123,0.0,0.0,0.94646835,0.0,0.42812288,0.0,0.0,0.0,0.0,0.0,0.0,0.0,0.0,0.0,1.0980473,0.0,0.0,0.0,0.0,1.6602885,0.6463228,1.2423584,0.0,0.0,0.0,0.0,0.3362756,0.0,0.0,0.0,0.0,0.0,3.3841465,0.0,0.0,0.0,0.0,0.7034475937821615,0.16387301424212689,0.6956521739130435,0.15217391304347827
CCCCNC(C)c1csc(S(N)(=O)=O)c1,CHEMBL44238,CCCCNC(C)c1csc(S(N)(=O)=O)c1,6.23,medium,Medium,1.2593017,0.0,0.0,0.0,0.0,0.0,0.0,0.0,0.0,0.0,0.0,0.0,0.0,0.0,0.0,0.0,0.0,0.0,0.0,0.0,0.0,0.0,1.8736271,0.0,0.0,1.6835485,0.0,0.0,0.0,0.0,0.0,0.0,0.64314044,0.0,0.0,1.3346525,0.0,0.0,0.0,0.0,0.0,1.5589874,0.0,0.0,2.815095,1.9057597,0.0,0.0,1.4829642,0.0,1.5544243,0.0,0.0,0.0,0.0,0.0,0.0,1.7773218,0.0,0.0,0.0,0.0,0.0,0.0,1.813403,0.0,2.2388594,0.0,0.0,0.0,1.0307539,0.0,0.0,0.0,0.0,0.0,0.0,0.0,0.0,0.0,0.0,0.0,0.0,0.0,0.0,0.0,0.0,1.7106936,0.0,0.0,1.6535922,0.0,0.0,2.2105243,0.0,1.5929985,0.0,0.0,0.0,0.0,0.0,0.0,0.0,0.0,0.0,1.6240549,0.0,0.0,0.0,0.0,2.0784485,1.0956615,2.0960035,0.0,0.0,0.0,0.0,1.9410052,0.0,0.015575431,0.0,0.0,0.0,0.0,0.0,0.0,0.0,0.0,0.7237408468483573,0.7222721897340328,0.717391304347826,0.717391304347826
CCCCNC1CCS(=O)(=O)c2sc(S(N)(=O)=O)cc21.Cl,CHEMBL554854,CCCCNC1CCS(=O)(=O)c2sc(S(N)(=O)=O)cc21.Cl,8.275,active,Active,1.2268296,0.0,0.0,0.0,0.0,0.0,0.0,0.0,0.0,0.0,0.0,0.0,0.0,0.0,0.0,0.0,0.0,0.0,0.0,0.0,0.0,0.0,1.9146912,0.0,0.0,1.409148,0.0,0.0,0.0,0.0,0.0,0.0,0.71818405,0.0,0.0,1.4423696,0.0,0.0,0.0,0.0,0.0,1.7152479,0.0,0.0,2.9091024,2.0939238,0.0,0.0,1.5282917,0.0,1.6276683,0.0,0.0,0.0,0.0,0.0,0.0,1.787549,0.0,0.0,0.0,0.0,0.0,0.0,2.0039544,0.0,2.2974043,0.0,0.0,0.0,1.6287856,0.0,0.0,0.0,0.4216242,0.0,0.0,0.0,0.0,0.0,0.0,0.0,0.0,0.0,0.0,0.0,0.0,1.8166838,0.0,0.0,1.5955464,0.0,0.0,2.2586763,0.0,1.555261,0.0,0.0,0.0,0.0,0.0,0.0,0.0,0.0,0.0,1.4096081,0.0,0.0,0.0,0.0,2.148974,1.1368787,2.1077318,0.0,0.0,0.0,0.0,1.7632532,0.0,0.07238301,0.0,0.0,0.0,0.0,0.0,0.0,0.0,0.0,0.7506153101628424,0.802725229847811,0.717391304347826,0.8043478260869565
CCCCNCc1ccc(C(=O)c2csc(S(N)(=O)=O)c2)cc1.Cl,CHEMBL541087,CCCCNCc1ccc(C(=O)c2csc(S(N)(=O)=O)c2)cc1.Cl,7.92,active,Active,1.0777569,0.0,0.0,0.0,0.0,0.0,0.0,0.0,0.0,0.0,0.0,0.0,0.0,0.0,0.0,0.0,0.0,0.0,0.0,0.0,0.0,0.0,1.73691,0.0,0.0,1.7183325,0.0,0.0,0.0,0.0,0.0,0.0,0.45406708,0.0,0.0,1.2767798,0.0,0.0,0.0,0.0,0.0,1.2035207,0.0,0.0,2.2827427,1.4128784,0.0,0.0,1.3164972,0.0,1.2789719,0.0,0.0,0.0,0.0,0.0,0.0,1.6392226,0.0,0.0,0.0,0.0,0.0,0.0,1.2992995,0.0,1.8873206,0.0,0.0,0.0,0.21834561,0.0,0.0,0.0,0.0,0.0,0.0,0.0,0.0,0.0,0.0,0.0,0.0,0.0,0.0,0.0,0.0,1.388116,0.0,0.0,1.3436958,0.0,0.0,1.8224857,0.0,1.3119217,0.0,0.0,0.0,0.0,0.0,0.0,0.0,0.0,0.0,1.4670783,0.0,0.0,0.0,0.0,1.730414,0.9924588,1.7596083,0.0,0.0,0.0,0.0,1.8663659,0.0,0.0,0.0,0.0,0.0,0.0,0.0,0.0,0.0,0.0,0.6273262829557485,0.568696739908516,0.6521739130434783,0.5869565217391304
CCCCNCc1ccc(S(=O)(=O)c2csc(S(N)(=O)=O)c2)cc1.Cl,CHEMBL539558,CCCCNCc1ccc(S(=O)(=O)c2csc(S(N)(=O)=O)c2)cc1.Cl,7.54,active,Active,1.026606,0.0,0.0,0.0,0.0,0.0,0.0,0.0,0.0,0.0,0.0,0.0,0.0,0.0,0.0,0.0,0.0,0.0,0.0,0.0,0.0,0.0,1.7599165,0.0,0.0,1.3523527,0.0,0.0,0.0,0.0,0.0,0.0,0.5805161,0.0,0.0,1.258232,0.0,0.0,0.0,0.0,0.0,1.3560469,0.0,0.0,2.4876907,1.7623787,0.0,0.0,1.3432273,0.0,1.3549368,0.0,0.0,0.0,0.0,0.0,0.0,1.6159741,0.0,0.0,0.0,0.0,0.0,0.0,1.5590057,0.0,1.9434752,0.0,0.0,0.0,0.97189677,0.0,0.0,0.0,0.0,0.0,0.0,0.0,0.0,0.0,0.0,0.0,0.0,0.0,0.0,0.0,0.0,1.5231981,0.0,0.0,1.1684152,0.0,0.0,1.9328618,0.0,1.273807,0.0,0.0,0.0,0.0,0.0,0.0,0.0,0.0,0.0,1.2727164,0.0,0.0,0.0,0.0,1.8108292,0.95912355,1.675067,0.0,0.0,0.0,0.0,1.6348599,0.0,0.0,0.0,0.0,0.0,0.0,0.0,0.0,0.0,0.0,0.6668556973724159,0.7109173714894764,0.6739130434782609,0.717391304347826
CCCCOS(=O)(=O)c1ccc2nc(S(N)(=O)=O)sc2c1,CHEMBL311548,CCCCOS(=O)(=O)c1ccc2nc(S(N)(=O)=O)sc2c1,8.74,active,Active,0.83661854,0.0,0.0,0.0,0.0,0.0,0.0,0.0,0.0,0.0,0.0,0.0,0.0,0.0,0.0,0.0,0.0,0.0,0.0,0.0,0.0,0.0,1.7922968,0.0,0.0,1.0387216,0.0,0.0,0.0,0.0,0.0,0.0,0.6612829,0.0,0.0,1.026263,0.0,0.0,0.0,0.0,0.0,1.3819932,0.0,0.0,2.5444636,1.8404971,0.0,0.0,1.3693011,0.0,1.3985454,0.0,0.0,0.0,0.073377155,0.0,0.0,1.5645164,0.0,0.0,0.0,0.0,0.0,0.0,1.6819968,0.0,2.0672853,0.0,0.0,0.0,1.2643044,0.0,0.0,0.0,0.12319542,0.0,0.0,0.0,0.0,0.0,0.0,0.0,0.0,0.0,0.0,0.0,0.0,1.6233915,0.0,0.0,0.92346954,0.0,0.0,2.1293898,0.0,1.2404014,0.0,0.0,0.0,0.0,0.0,0.0,0.0,0.0,0.0,1.023916,0.0,0.0,0.0,0.0,1.7694855,0.79649633,1.4971724,0.0,0.0,0.0,0.0,1.5332655,0.0,0.0,0.0,0.0,0.0,0.0,0.0,0.0,0.0,0.0,0.6540974772346722,0.7111792759716307,0.6304347826086957,0.6956521739130435
CCCC[C@@H](CC)COC(=O)c1ccccc1C(=O)OC[C@@H](CC)CCCC,CHEMBL402794,CCCC[C@@H](CC)COC(=O)c1ccccc1C(=O)OC[C@@H](CC)CCCC,4.17,inactive,Inactive,1.3887585,0.0,0.0,3.3991609,0.0,0.0,2.673075,0.0,0.0,0.0,0.0,0.0,0.0,0.0,0.0,0.0,0.0,0.0,0.0,2.4762478,0.0,0.0,1.7281066,0.953423,0.0,2.3652985,0.0,0.0,0.0,0.0,0.0,0.0,0.27282852,0.0,0.0,1.3397115,0.0,0.0,0.0,0.0,2.8344884,1.3551035,0.0,0.0,2.6688497,1.256372,0.0,0.0,1.2894729,0.0,1.279289,0.0,0.0,0.0,0.0,0.0,0.0,1.8638026,0.0,0.0,0.0,1.8262973,0.0,0.0,1.4110451,0.0,2.0785606,0.0,0.0,0.0,0.0,0.0,0.0,0.0,0.0,0.0,0.0,0.0,0.0,0.0,0.0,0.0,0.0,0.0,0.0,0.0,0.0,1.4554993,0.0,0.0,2.364914,0.0,0.0,1.7655475,0.0,1.5963255,0.0,0.0,0.0,0.0,0.0,1.8877841,0.0,0.0,0.0,2.184926,0.0,0.0,0.0,0.0,1.9900174,1.1827518,2.4617608,0.0,0.0,0.0,0.2740108,2.0849833,0.0,0.0,0.0,0.0,0.0,2.7760286,0.0,0.0,0.0,0.0,0.724341469702936,0.15074423754529784,0.7391304347826086,0.17391304347826086
CCCNC(=O)c1cc(S(N)(=O)=O)cnc1Sc1ccccc1,CHEMBL1099125,CCCNC(=O)c1cc(S(N)(=O)=O)cnc1Sc1ccccc1,7.57,active,Active,0.97950816,0.0,0.0,0.0,0.0,0.0,0.0,0.0,0.0,0.0,0.0,0.0,0.0,0.0,0.0,0.0,0.0,0.0,0.0,0.0,0.0,0.0,1.7833191,0.0,0.0,1.6591625,0.0,0.0,0.0,0.0,0.0,0.0,0.46600094,0.0,0.0,1.2759439,0.0,0.0,0.0,0.0,0.0,1.2474989,0.0,0.0,2.2451978,1.3607509,0.0,0.0,1.3527079,0.0,1.4250898,0.0,0.0,0.0,0.0,0.0,0.0,1.6460624,0.0,0.0,0.0,0.0,0.0,0.0,1.41325,0.0,1.9644365,0.0,0.0,0.0,0.33090988,0.0,0.0,0.0,0.0,0.0,0.0,0.0,0.0,0.0,0.0,0.0,0.0,0.0,0.0,0.0,0.0,1.4481993,0.0,0.0,1.3317585,0.0,0.0,2.0091019,0.0,1.4077542,0.0,0.0,0.0,0.0,0.0,0.0,0.0,0.0,0.0,1.4066405,0.0,0.0,0.0,0.0,1.650706,0.95955074,1.7355331,0.0,0.0,0.0,0.0,1.824877,0.0,0.0,0.0,0.0,0.0,0.0,0.0,0.0,0.0,0.0,0.6362244107994334,0.5614212667233272,0.6739130434782609,0.6086956521739131
CCCNC1CCS(=O)(=O)c2sc(S(N)(=O)=O)cc21.Cl,CHEMBL543604,CCCNC1CCS(=O)(=O)c2sc(S(N)(=O)=O)cc21.Cl,8.43,active,Active,1.1720994,0.0,0.0,0.0,0.0,0.0,0.0,0.0,0.0,0.0,0.0,0.0,0.0,0.0,0.0,0.0,0.0,0.0,0.0,0.0,0.0,0.0,1.8922256,0.0,0.0,1.3133384,0.0,0.0,0.0,0.0,0.0,0.0,0.724984,0.0,0.0,1.4222525,0.0,0.0,0.0,0.0,0.0,1.6825079,0.0,0.0,2.8323715,2.089054,0.0,0.0,1.5079694,0.0,1.6153377,0.0,0.0,0.0,0.038770072,0.0,0.0,1.7412308,0.0,0.0,0.0,0.0,0.0,0.0,1.9876999,0.0,2.2570786,0.0,0.0,0.0,1.6918387,0.0,0.0,0.0,0.46569744,0.0,0.0,0.0,0.0,0.0,0.0,0.0,0.0,0.0,0.0,0.0,0.0,1.7865463,0.0,0.0,1.4775869,0.0,0.0,2.2410831,0.0,1.5119733,0.0,0.0,0.0,0.0,0.0,0.0,0.0,0.0,0.0,1.3157976,0.0,0.0,0.0,0.0,2.092658,1.1120301,2.0157707,0.0,0.0,0.0,0.0,1.7084128,0.0,0.07017019,0.0,0.0,0.0,0.0,0.0,0.0,0.0,0.0,0.7570565084499571,0.8164003061963918,0.7608695652173912,0.8260869565217391
CCCNCc1cc2cc(S(N)(=O)=O)oc2s1,CHEMBL322014,CCCNCc1cc2cc(S(N)(=O)=O)oc2s1,8.1,active,Active,1.3444979,0.0,0.0,0.0,0.0,0.0,0.0,0.0,0.0,0.0,0.0,0.0,0.0,0.0,0.0,0.0,0.0,0.0,0.0,0.0,0.0,0.0,2.3520865,0.0,0.0,2.042157,0.0,0.0,0.0,0.0,0.0,0.0,0.88141733,0.0,0.0,1.6168399,0.0,0.0,0.0,0.0,0.0,1.8509765,0.0,0.0,2.5648975,1.7508771,0.0,0.0,1.9521261,0.0,2.1355302,0.0,0.0,0.0,0.18655905,0.0,0.0,2.0592358,0.0,0.0,0.0,0.0,0.0,0.0,2.0083547,0.0,2.7937272,0.0,0.0,0.0,0.9962938,0.0,0.0,0.0,0.0,0.0,0.0,0.0,0.0,0.0,0.0,0.0,0.0,0.0,0.0,0.0,0.0,2.0900583,0.0,0.0,1.6505129,0.0,0.0,2.8488014,0.0,2.0975099,0.0,0.0,0.0,0.0,0.0,0.0,0.0,0.0,0.0,1.5494974,0.0,0.0,0.0,0.0,2.236328,1.1012292,2.3312535,0.0,0.0,0.0,0.0,2.6961627,0.0,0.08746333,0.0,0.0,0.0,0.0,0.0,0.0,0.0,0.0,0.8835835905079836,0.7335444936682404,0.8695652173913043,0.7608695652173912
CCCO[C@@H]1O[C@H](CNC(=O)c2ccc(S(N)(=O)=O)cc2)[C@@H](O)[C@H](O)[C@@H]1O,CHEMBL5090536,CCCO[C@@H]1O[C@H](CNC(=O)c2ccc(S(N)(=O)=O)cc2)[C@@H](O)[C@H](O)[C@@H]1O,6.8,medium,Medium,1.7937437,0.0,0.0,0.0,0.0,0.0,0.0,0.0,0.0,0.0,0.0,0.0,0.0,0.0,0.0,0.0,0.0,0.0,0.0,0.0,0.0,0.0,1.7933658,0.0,0.0,2.240405,0.0,0.0,0.0,0.0,0.0,0.0,0.42022797,0.0,0.0,1.6252791,0.0,0.0,0.0,0.0,0.0,1.1254467,0.0,0.0,2.2990398,1.965701,0.0,0.0,1.2617972,0.0,0.9341034,0.0,0.0,0.0,0.0,0.0,0.0,1.8757586,0.0,0.0,0.0,0.0,0.0,0.0,1.272805,0.0,2.0057607,0.0,0.0,0.0,0.0,0.0,0.0,0.0,0.0,0.0,0.0,0.0,0.0,0.0,0.0,0.0,0.0,0.0,0.0,0.0,0.0,1.3316864,0.0,0.0,1.4082967,0.0,0.0,1.6090093,0.0,1.0750453,0.0,0.0,0.0,0.0,0.0,0.0,0.0,0.0,0.0,1.9387846,0.0,0.0,0.0,0.0,2.0583894,1.922756,2.1489868,0.0,0.0,0.0,0.14118901,2.4247568,0.0,0.13768467,0.0,0.0,0.0,0.0,0.0,0.0,0.0,0.0,0.7674001210206024,0.1161915480485767,0.7608695652173912,0.13043478260869565
CCCO[C@@H]1O[C@H](CNC(=O)c2ccc(S(N)(=O)=O)cc2)[C@@H](O)[C@H](O)[C@H]1N,CHEMBL5081057,CCCO[C@@H]1O[C@H](CNC(=O)c2ccc(S(N)(=O)=O)cc2)[C@@H](O)[C@H](O)[C@H]1N,7.0,active,Active,1.6959057,0.0,0.0,0.13114884,0.0,0.0,0.0,0.0,0.0,0.0,0.0,0.0,0.0,0.0,0.0,0.0,0.0,0.0,0.0,0.0,0.0,0.0,1.7155384,0.0,0.0,2.1418655,0.0,0.0,0.0,0.0,0.0,0.0,0.4027534,0.0,0.0,1.5071353,0.0,0.0,0.0,0.0,0.0,1.0808257,0.0,0.0,2.2675276,1.8950509,0.0,0.0,1.2229255,0.0,0.92048806,0.0,0.0,0.0,0.0,0.0,0.0,1.7901455,0.0,0.0,0.0,0.0,0.0,0.0,1.2544973,0.0,1.948568,0.0,0.0,0.0,0.0,0.0,0.0,0.0,0.0,0.0,0.0,0.0,0.0,0.0,0.0,0.0,0.0,0.0,0.0,0.0,0.0,1.3071122,0.0,0.0,1.408331,0.0,0.0,1.5594876,0.0,1.0556949,0.0,0.0,0.0,0.0,0.0,0.0,0.0,0.0,0.0,1.8910853,0.0,0.0,0.0,0.0,1.9897785,1.8304219,2.0733685,0.0,0.0,0.0,0.1176466,2.2953186,0.0,0.12545142,0.0,0.0,0.0,0.0,0.0,0.0,0.0,0.0,0.7788343842213931,0.12089553924361679,0.7826086956521738,0.13043478260869565
CCCO[C@@H]1O[C@H](CNC(=O)c2ccc(S(N)(=O)=O)cc2)[C@@H](O)[C@H](O)[C@H]1O,CHEMBL5085498,CCCO[C@@H]1O[C@H](CNC(=O)c2ccc(S(N)(=O)=O)cc2)[C@@H](O)[C@H](O)[C@H]1O,7.05,active,Active,1.7937437,0.0,0.0,0.0,0.0,0.0,0.0,0.0,0.0,0.0,0.0,0.0,0.0,0.0,0.0,0.0,0.0,0.0,0.0,0.0,0.0,0.0,1.7933658,0.0,0.0,2.240405,0.0,0.0,0.0,0.0,0.0,0.0,0.42022797,0.0,0.0,1.6252791,0.0,0.0,0.0,0.0,0.0,1.1254467,0.0,0.0,2.2990398,1.965701,0.0,0.0,1.2617972,0.0,0.9341034,0.0,0.0,0.0,0.0,0.0,0.0,1.8757586,0.0,0.0,0.0,0.0,0.0,0.0,1.272805,0.0,2.0057607,0.0,0.0,0.0,0.0,0.0,0.0,0.0,0.0,0.0,0.0,0.0,0.0,0.0,0.0,0.0,0.0,0.0,0.0,0.0,0.0,1.3316864,0.0,0.0,1.4082967,0.0,0.0,1.6090093,0.0,1.0750453,0.0,0.0,0.0,0.0,0.0,0.0,0.0,0.0,0.0,1.9387846,0.0,0.0,0.0,0.0,2.0583894,1.922756,2.1489868,0.0,0.0,0.0,0.14118901,2.4247568,0.0,0.13768467,0.0,0.0,0.0,0.0,0.0,0.0,0.0,0.0,0.7636859015224786,0.11772183063491541,0.7391304347826086,0.13043478260869565
CCCO[C@@H]1O[C@H](CNC(=O)c2ccc(S(N)(=O)=O)cc2)[C@H](O)[C@H](O)[C@H]1O,CHEMBL5084604,CCCO[C@@H]1O[C@H](CNC(=O)c2ccc(S(N)(=O)=O)cc2)[C@H](O)[C@H](O)[C@H]1O,6.96,medium,Medium,1.7937437,0.0,0.0,0.0,0.0,0.0,0.0,0.0,0.0,0.0,0.0,0.0,0.0,0.0,0.0,0.0,0.0,0.0,0.0,0.0,0.0,0.0,1.7933658,0.0,0.0,2.240405,0.0,0.0,0.0,0.0,0.0,0.0,0.42022797,0.0,0.0,1.6252791,0.0,0.0,0.0,0.0,0.0,1.1254467,0.0,0.0,2.2990398,1.965701,0.0,0.0,1.2617972,0.0,0.9341034,0.0,0.0,0.0,0.0,0.0,0.0,1.8757586,0.0,0.0,0.0,0.0,0.0,0.0,1.272805,0.0,2.0057607,0.0,0.0,0.0,0.0,0.0,0.0,0.0,0.0,0.0,0.0,0.0,0.0,0.0,0.0,0.0,0.0,0.0,0.0,0.0,0.0,1.3316864,0.0,0.0,1.4082967,0.0,0.0,1.6090093,0.0,1.0750453,0.0,0.0,0.0,0.0,0.0,0.0,0.0,0.0,0.0,1.9387846,0.0,0.0,0.0,0.0,2.0583894,1.922756,2.1489868,0.0,0.0,0.0,0.14118901,2.4247568,0.0,0.13768467,0.0,0.0,0.0,0.0,0.0,0.0,0.0,0.0,0.7680310906013202,0.11965690247481368,0.7608695652173912,0.15217391304347827
CCCO[C@@H]1O[C@H](CO)[C@@H](O)[C@H](O)[C@H]1NC(=O)c1ccc(S(N)(=O)=O)cc1,CHEMBL5076082,CCCO[C@@H]1O[C@H](CO)[C@@H](O)[C@H](O)[C@H]1NC(=O)c1ccc(S(N)(=O)=O)cc1,7.38,active,Active,1.8403575,0.0,0.0,0.0,0.0,0.0,0.0,0.0,0.0,0.0,0.0,0.0,0.0,0.0,0.0,0.0,0.0,0.0,0.0,0.0,0.0,0.0,1.8075957,0.0,0.0,2.289266,0.0,0.0,0.0,0.124057114,0.0,0.0,0.42181233,0.0,0.0,1.6790143,0.0,0.0,0.0,0.0,0.0,1.097707,0.0,0.0,2.275985,2.0035145,0.0,0.0,1.2495089,0.0,0.88972306,0.0,0.0,0.0,0.0,0.0,0.0,1.888503,0.0,0.0,0.0,0.0,0.0,0.0,1.2330062,0.0,2.0009577,0.0,0.0,0.0,0.0,0.0,0.0,0.0,0.0,0.0,0.0,0.0,0.0,0.0,0.0,0.0,0.0,0.0,0.0,0.0,0.0,1.2995732,0.0,0.0,1.3493563,0.0,0.0,1.5933945,0.0,1.0510725,0.0,0.0,0.0,0.0,0.0,0.0,0.0,0.0,0.0,1.9426899,0.0,0.0,0.0,0.0,2.0712347,1.9722717,2.154435,0.0,0.0,0.0,0.1510823,2.494683,0.0,0.14615011,0.0,0.0,0.0,0.0,0.0,0.0,0.0,0.0,0.763030868706735,0.11745160701257373,0.717391304347826,0.10869565217391304
CCCS(=O)(=O)Oc1ccc(-c2ccc3occc3c2)cc1,CHEMBL4448898,CCCS(=O)(=O)Oc1ccc(-c2ccc3occc3c2)cc1,5.79,inactive,Inactive,0.42457372,0.0,0.0,0.0,0.4496563,0.0,0.043890916,0.0,0.0,0.0,0.0,0.0,0.0,0.0,0.0,0.0,0.0,0.0,0.0,0.010008831,0.0,0.0,1.5872736,0.0,0.28479335,1.6318675,0.0,0.0,0.0,0.0,0.64204806,0.0,0.1861918,0.67936933,0.0,0.95311767,0.49140063,0.0,0.13358806,0.0,0.2604755,0.61558944,0.5268815,0.0,1.3833958,0.4998521,0.0,0.0,1.1275654,0.0,1.0195394,0.0,0.5965688,0.0,0.0,0.0,0.0,1.3653847,0.0,0.0,0.0,0.0,0.32638192,0.9982518,0.48882598,0.0,1.556008,0.0,0.039902277,0.0,0.0,0.0,0.0,0.0480949,0.0,0.0,0.0,0.0,0.0,0.0,0.0,0.0,0.0,0.0,0.0,0.0,0.0,1.0449381,0.08900745,0.0,0.74107075,0.0,0.15085655,1.4448898,0.0,0.9351938,0.0,0.0,0.0,0.0,0.0,0.0,0.0,0.0,0.07246247,1.0607529,0.0,0.27889377,0.0,0.19532257,1.1333727,0.61784965,1.0077299,0.0,0.0,0.76539737,0.0,1.6130844,0.0,0.0,0.0,0.35793144,0.0,0.0,0.22527325,0.0,0.0,0.0,0.3271643192802444,0.8441516224265515,0.32608695652173914,0.8043478260869565
CCCS(=O)(=O)Oc1ccc(-c2ccc3sccc3c2)cc1,CHEMBL4469527,CCCS(=O)(=O)Oc1ccc(-c2ccc3sccc3c2)cc1,6.51,medium,Medium,0.4492052,0.0,0.0,0.0,0.42756602,0.0,0.028715445,0.0,0.0,0.0,0.0,0.0,0.0,0.0,0.0,0.0,0.0,0.0,0.0,0.03749568,0.0,0.0,1.6069622,0.0,0.22627722,1.6282411,0.0,0.0,0.0,0.0,0.5206971,0.0,0.22174558,0.64762783,0.0,0.9420679,0.4437602,0.0,0.082060166,0.0,0.19274577,0.66255486,0.46598804,0.0,1.3898011,0.52566487,0.0,0.0,1.1598549,0.0,1.063368,0.0,0.51766837,0.0,0.0,0.0,0.0,1.3698539,0.0,0.0,0.0,0.0,0.3346272,0.8726974,0.55683845,0.0,1.620998,0.0,0.0,0.0,0.0,0.0,0.0,0.0044784835,0.0,0.0,0.0,0.0,0.0,0.0,0.0,0.0,0.0,0.0,0.0,0.0,0.0,1.080647,0.060040683,0.0,0.7391115,0.0,0.07328361,1.5025356,0.0,0.99635637,0.0,0.0,0.0,0.0,0.0,0.0,0.0,0.0,0.04344234,1.0367064,0.0,0.19476175,0.0,0.1439274,1.1630135,0.61525434,1.0473092,0.0,0.0,0.7177447,0.0,1.6753722,0.0,0.0,0.0,0.28665593,0.0,0.0,0.13647683,0.0,0.0,0.0,0.328752093029481,0.8439652545345421,0.34782608695652173,0.8260869565217391
CCN(CC)C1CCS(=O)(=O)c2sc(S(N)(=O)=O)cc21.Cl,CHEMBL555182,CCN(CC)C1CCS(=O)(=O)c2sc(S(N)(=O)=O)cc21.Cl,7.535,active,Active,1.2177844,0.0,0.0,0.0,0.0,0.0,0.0,0.0,0.0,0.0,0.0,0.0,0.0,0.0,0.0,0.0,0.0,0.0,0.0,0.0,0.0,0.0,1.921186,0.0,0.0,1.4102697,0.0,0.0,0.0,0.0,0.0,0.0,0.7349122,0.0,0.0,1.4532148,0.0,0.0,0.0,0.0,0.0,1.7140795,0.0,0.0,2.8513494,2.0710084,0.0,0.0,1.5371947,0.0,1.6872866,0.0,0.0,0.0,0.030990161,0.0,0.0,1.7808921,0.0,0.0,0.0,0.0,0.0,0.0,2.0144448,0.0,2.3052819,0.0,0.0,0.0,1.62408,0.0,0.0,0.0,0.40307015,0.0,0.0,0.0,0.0,0.0,0.0,0.0,0.0,0.0,0.0,0.0,0.0,1.839753,0.0,0.0,1.5835071,0.0,0.0,2.2979724,0.0,1.5866824,0.0,0.0,0.0,0.0,0.0,0.0,0.0,0.0,0.0,1.4171424,0.0,0.0,0.0,0.0,2.0964677,1.1328437,2.0801356,0.0,0.0,0.0,0.0,1.770456,0.0,0.076717086,0.0,0.0,0.0,0.0,0.0,0.0,0.0,0.0,0.7542746970434484,0.8071957702684566,0.7608695652173912,0.8043478260869565
CCN(CC)CC1CCC(C(=O)Oc2ccc3nc(S(N)(=O)=O)sc3c2)CC1,CHEMBL86282,CCN(CC)CC1CCC(C(=O)Oc2ccc3nc(S(N)(=O)=O)sc3c2)CC1,8.55,active,Active,1.1764408,0.0,0.0,0.0,0.0,0.0,0.928032,0.0,0.0,0.0,0.0,0.0,0.0,0.0,0.0,0.0,0.0,0.0,0.0,0.7647354,0.0,0.0,1.786998,0.0,0.0,1.786807,0.0,0.0,0.0,0.0,0.0,0.0,0.47944608,0.0,0.0,1.0915141,0.0,0.0,0.0,0.0,0.63898903,1.3582025,0.0,0.0,2.4646187,1.4757525,0.0,0.0,1.4356203,0.0,1.1803628,0.0,0.0,0.0,0.0,0.0,0.0,1.7135117,0.0,0.0,0.0,0.0,0.0,0.1632245,1.3265818,0.0,2.1897473,0.0,0.0,0.0,0.30156735,0.0,0.0,0.0,0.0,0.0,0.0,0.0,0.0,0.0,0.0,0.0,0.0,0.0,0.0,0.0,0.0,1.5700008,0.0,0.0,1.6732371,0.0,0.0,1.709914,0.0,1.3088349,0.0,0.0,0.0,0.0,0.0,0.0,0.0,0.0,0.0,1.413493,0.0,0.0,0.0,0.0,2.1151602,1.1398894,2.047663,0.0,0.0,0.0,0.0,1.9341168,0.0,0.0027420148,0.0,0.0,0.0,0.0,0.0,0.0,0.0,0.0,0.59574500578687,0.3698100794700492,0.5869565217391304,0.3695652173913043
CCN(CC)Cc1cc(C(=O)c2csc(S(N)(=O)=O)c2)ccc1O.Cl,CHEMBL542219,CCN(CC)Cc1cc(C(=O)c2csc(S(N)(=O)=O)c2)ccc1O.Cl,8.15,active,Active,1.1611485,0.0,0.0,0.0,0.0,0.0,0.0,0.0,0.0,0.0,0.0,0.0,0.0,0.0,0.0,0.0,0.0,0.0,0.0,0.090970665,0.0,0.0,1.9429963,0.0,0.0,1.9508779,0.0,0.0,0.0,0.0,0.0,0.0,0.5384952,0.0,0.0,1.4143134,0.0,0.0,0.0,0.0,0.0,1.3234698,0.0,0.0,2.1958601,1.3961215,0.0,0.0,1.5139763,0.0,1.5561677,0.0,0.0,0.0,0.0,0.0,0.0,1.7925134,0.0,0.0,0.0,0.0,0.0,0.0,1.4231073,0.0,2.1904662,0.0,0.0,0.0,0.097513415,0.0,0.0,0.0,0.0,0.0,0.0,0.0,0.0,0.0,0.0,0.0,0.0,0.0,0.0,0.0,0.0,1.6162984,0.0,0.0,1.4484707,0.0,0.0,2.125313,0.0,1.528205,0.0,0.0,0.0,0.0,0.0,0.0,0.0,0.0,0.0,1.5753324,0.0,0.0,0.0,0.0,1.8160226,1.1434357,1.9170355,0.0,0.0,0.0,0.0,2.1693878,0.0,0.0,0.0,0.0,0.0,0.0,0.0,0.0,0.0,0.0,0.7225494349436775,0.5719375032921502,0.717391304347826,0.5434782608695652
CCN(CC)Cc1cc(S(=O)(=O)c2coc(S(N)(=O)=O)c2)ccc1O.Cl,CHEMBL538536,CCN(CC)Cc1cc(S(=O)(=O)c2coc(S(N)(=O)=O)c2)ccc1O.Cl,8.0,active,Active,0.95718336,0.0,0.0,0.0,0.0,0.0,0.0,0.0,0.0,0.0,0.0,0.0,0.0,0.0,0.0,0.0,0.0,0.0,0.0,0.0,0.0,0.0,1.7689757,0.0,0.0,1.418457,0.0,0.0,0.0,0.0,0.0,0.0,0.57119745,0.0,0.0,1.1760294,0.0,0.0,0.0,0.0,0.0,1.2748148,0.0,0.0,2.174615,1.604962,0.0,0.0,1.3671879,0.0,1.4051663,0.0,0.0,0.0,0.050626017,0.0,0.0,1.5899258,0.0,0.0,0.0,0.0,0.0,0.0,1.4627714,0.0,2.0248888,0.0,0.0,0.0,0.6414126,0.0,0.0,0.0,0.0,0.0,0.0,0.0,0.0,0.0,0.0,0.0,0.0,0.0,0.0,0.0,0.0,1.5703131,0.0,0.0,1.04684,0.0,0.0,1.9649799,0.0,1.269,0.0,0.0,0.0,0.0,0.0,0.0,0.0,0.0,0.0,1.2223036,0.0,0.0,0.0,0.0,1.7140391,1.0082796,1.5779634,0.0,0.0,0.0,0.0,1.7355567,0.0,0.0,0.0,0.0,0.0,0.0,0.0,0.0,0.0,0.0,0.6628720203607654,0.6952433075194913,0.6521739130434783,0.6521739130434783
CCN(CC)Cc1cc(S(=O)(=O)c2csc(S(N)(=O)=O)c2)ccc1O.Cl,CHEMBL545057,CCN(CC)Cc1cc(S(=O)(=O)c2csc(S(N)(=O)=O)c2)ccc1O.Cl,8.05,active,Active,1.1355356,0.0,0.0,0.0,0.0,0.0,0.0,0.0,0.0,0.0,0.0,0.0,0.0,0.0,0.0,0.0,0.0,0.0,0.0,0.0,0.0,0.0,1.9955086,0.0,0.0,1.6290551,0.0,0.0,0.0,0.0,0.0,0.0,0.67586744,0.0,0.0,1.4273262,0.0,0.0,0.0,0.0,0.0,1.5039884,0.0,0.0,2.429315,1.7564961,0.0,0.0,1.570273,0.0,1.6657429,0.0,0.0,0.0,0.09309406,0.0,0.0,1.7970415,0.0,0.0,0.0,0.0,0.0,0.0,1.6990175,0.0,2.2728138,0.0,0.0,0.0,0.8483505,0.0,0.0,0.0,0.0,0.0,0.0,0.0,0.0,0.0,0.0,0.0,0.0,0.0,0.0,0.0,0.0,1.7717556,0.0,0.0,1.3147327,0.0,0.0,2.2670825,0.0,1.5270333,0.0,0.0,0.0,0.0,0.0,0.0,0.0,0.0,0.0,1.4142227,0.0,0.0,0.0,0.0,1.9221374,1.1187943,1.869976,0.0,0.0,0.0,0.0,1.9808824,0.0,0.0,0.0,0.0,0.0,0.0,0.0,0.0,0.0,0.0,0.7267765620146056,0.6965738738483381,0.7608695652173912,0.6956521739130435
CCN(CC)Cc1ccc(S(=O)(=O)c2csc(S(N)(=O)=O)c2)cc1O.Cl,CHEMBL545527,CCN(CC)Cc1ccc(S(=O)(=O)c2csc(S(N)(=O)=O)c2)cc1O.Cl,7.8,active,Active,1.1330445,0.0,0.0,0.0,0.0,0.0,0.0,0.0,0.0,0.0,0.0,0.0,0.0,0.0,0.0,0.0,0.0,0.0,0.0,0.0,0.0,0.0,1.9938487,0.0,0.0,1.6308707,0.0,0.0,0.0,0.0,0.0,0.0,0.67241186,0.0,0.0,1.4306295,0.0,0.0,0.0,0.0,0.0,1.499678,0.0,0.0,2.429143,1.7528235,0.0,0.0,1.5670768,0.0,1.662408,0.0,0.0,0.0,0.08980287,0.0,0.0,1.79697,0.0,0.0,0.0,0.0,0.0,0.0,1.692175,0.0,2.2670639,0.0,0.0,0.0,0.83992267,0.0,0.0,0.0,0.0,0.0,0.0,0.0,0.0,0.0,0.0,0.0,0.0,0.0,0.0,0.0,0.0,1.7689557,0.0,0.0,1.3157511,0.0,0.0,2.263075,0.0,1.5219178,0.0,0.0,0.0,0.0,0.0,0.0,0.0,0.0,0.0,1.4171263,0.0,0.0,0.0,0.0,1.9210063,1.1191385,1.8672026,0.0,0.0,0.0,0.0,1.9763223,0.0,0.0,0.0,0.0,0.0,0.0,0.0,0.0,0.0,0.0,0.7247361180281954,0.6922991526232587,0.7391304347826086,0.6739130434782609
CCN1CCCC1CNC(=O)c1cc(S(N)(=O)=O)ccc1OC,CHEMBL26,CCN1CCCC1CNC(=O)c1cc(S(N)(=O)=O)ccc1OC,7.4,active,Active,1.0783616,0.0,0.0,0.53262293,0.0,0.0,0.16979079,0.0,0.0,0.0,0.0,0.0,0.0,0.0,0.0,0.0,0.0,0.0,0.0,0.11636198,0.0,0.0,1.4552543,0.0,0.0,1.5138478,0.0,0.0,0.0,0.0,0.0,0.0,0.29178903,0.0,0.0,0.8225599,0.0,0.0,0.0,0.0,0.21033552,1.035186,0.0,0.0,2.2468688,1.5094846,0.0,0.0,1.0937766,0.0,0.7855305,0.0,0.0,0.0,0.0,0.0,0.0,1.4653132,0.0,0.0,0.0,0.0,0.0,0.08354337,1.1011915,0.0,1.817558,0.0,0.0,0.0,0.05776661,0.0,0.0,0.0,0.0,0.0,0.0,0.0,0.0,0.0,0.0,0.0,0.0,0.0,0.0,0.0,0.0,1.3136123,0.0,0.0,1.3760139,0.0,0.0,1.2323492,0.0,0.86885715,0.0,0.0,0.0,0.0,0.0,0.0,0.0,0.0,0.0,1.3635106,0.0,0.0,0.0,0.0,1.8813609,1.2773997,1.6851486,0.0,0.0,0.0,0.0,1.5232306,0.0,0.0,0.0,0.0,0.0,0.0,0.0,0.0,0.0,0.0,0.5598154400592282,0.5816891441708951,0.5434782608695652,0.6086956521739131
CCN1CCN(NC(=S)SCC(=O)NCc2ccc3c(c2)OCO3)CC1,CHEMBL4072105,CCN1CCN(NC(=S)SCC(=O)NCc2ccc3c(c2)OCO3)CC1,9.1,active,Active,0.6812388,0.0,0.0,0.3922603,0.0,0.0,0.0,0.0,0.0,0.0,0.0,0.0,0.0,0.0,0.0,0.0,0.0,0.0,0.0,0.0,0.0,0.0,0.53328156,0.0,0.0,0.77365,0.0,0.0,0.0,0.0,0.0,0.0,0.0026523285,0.0,0.0,0.20093305,0.0,0.0,0.0,0.0,0.0,0.18077913,0.0,0.0,1.5512297,1.058846,0.0,0.0,0.2917289,0.0,0.0,0.0,0.0,0.0,0.0,0.0,0.0,0.64551306,0.0,0.0,0.0,0.0,0.0,0.5667703,0.26311648,0.0,0.6248249,0.0,0.0,0.0,0.0,0.0,0.0,0.0,0.0,0.0,0.0,0.0,0.0,0.0,0.0,0.0,0.0,0.0,0.0,0.0,0.0,0.29191607,0.0,0.0,0.50406134,0.0,0.0,0.18854876,0.0,0.025868319,0.0,0.0,0.0,0.0,0.0,0.0,0.0,0.0,0.0,0.70325786,0.0,0.0,0.0,0.0,1.1312464,0.76004285,0.77385616,0.0,0.0,0.0,0.0,0.7448013,0.0,0.0,0.0,0.0,0.0,0.0,0.0,0.0,0.0,0.0,0.2658576120056946,0.6260028730670643,0.2608695652173913,0.6086956521739131
CCNC(=O)c1cc(S(N)(=O)=O)cc(F)c1SC(C)C,CHEMBL1099003,CCNC(=O)c1cc(S(N)(=O)=O)cc(F)c1SC(C)C,8.42,active,Active,1.2275594,0.0,0.0,0.0,0.0,0.0,0.0,0.0,0.0,0.0,0.0,0.0,0.0,0.0,0.0,0.0,0.0,0.0,0.0,0.0,0.0,0.0,1.9332886,0.0,0.0,1.7877,0.0,0.0,0.0,0.0,0.0,0.0,0.59626323,0.0,0.0,1.3852391,0.0,0.0,0.0,0.0,0.0,1.5406221,0.0,0.0,2.5766575,1.6210233,0.0,0.0,1.5047047,0.0,1.6807154,0.0,0.0,0.0,0.0,0.0,0.0,1.8166362,0.0,0.0,0.0,0.0,0.0,0.0,1.7704753,0.0,2.2887573,0.0,0.0,0.0,0.7666662,0.0,0.0,0.0,0.0,0.0,0.0,0.0,0.0,0.0,0.0,0.0,0.0,0.0,0.0,0.0,0.0,1.7275084,0.0,0.0,1.6808935,0.0,0.0,2.3143404,0.0,1.7193036,0.0,0.0,0.0,0.0,0.0,0.0,0.0,0.0,0.0,1.6206791,0.0,0.0,0.0,0.0,1.9169632,1.0785924,2.1189885,0.0,0.0,0.0,0.0,2.0387652,0.0,0.016683497,0.0,0.0,0.0,0.0,0.0,0.0,0.0,0.0,0.7242895956798885,0.7107751958254257,0.7391304347826086,0.6956521739130435
CCNC(=O)c1cc(S(N)(=O)=O)cc(F)c1SCC(C)C,CHEMBL1095883,CCNC(=O)c1cc(S(N)(=O)=O)cc(F)c1SCC(C)C,8.55,active,Active,1.0185837,0.0,0.0,0.0,0.0,0.0,0.0,0.0,0.0,0.0,0.0,0.0,0.0,0.0,0.0,0.0,0.0,0.0,0.0,0.0,0.0,0.0,1.5928475,0.0,0.0,1.3733182,0.0,0.0,0.0,0.0,0.0,0.0,0.460362,0.0,0.0,1.0490043,0.0,0.0,0.0,0.0,0.0,1.2732193,0.0,0.0,2.5234222,1.5987722,0.0,0.0,1.172887,0.0,1.226915,0.0,0.0,0.0,0.0,0.0,0.0,1.5070599,0.0,0.0,0.0,0.0,0.0,0.0,1.5558113,0.0,1.8567238,0.0,0.0,0.0,0.8396689,0.0,0.0,0.0,0.0,0.0,0.0,0.0,0.0,0.0,0.0,0.0,0.0,0.0,0.0,0.0,0.0,1.3518164,0.0,0.0,1.3946657,0.0,0.0,1.8875833,0.0,1.353863,0.0,0.0,0.0,0.0,0.0,0.0,0.0,0.0,0.0,1.348209,0.0,0.0,0.0,0.0,1.7140146,0.82883126,1.7870635,0.0,0.0,0.0,0.0,1.6214241,0.0,0.0,0.0,0.0,0.0,0.0,0.0,0.0,0.0,0.0,0.6651344716408154,0.7089684462415992,0.6521739130434783,0.6956521739130435
CCNC(=O)c1cc(S(N)(=O)=O)ccc1SC1CCCC1,CHEMBL1096823,CCNC(=O)c1cc(S(N)(=O)=O)ccc1SC1CCCC1,7.78,active,Active,0.8636527,0.0,0.0,0.64915425,0.0,0.0,0.0,0.0,0.0,0.0,0.0,0.0,0.0,0.0,0.0,0.0,0.0,0.0,0.0,0.0,0.0,0.0,1.2932181,0.0,0.0,1.1468238,0.0,0.0,0.0,0.0,0.0,0.0,0.26229167,0.0,0.0,0.66723704,0.0,0.0,0.0,0.0,0.0,1.0080788,0.0,0.0,2.3131866,1.4418573,0.0,0.0,0.9476232,0.0,0.6569094,0.0,0.0,0.0,0.0,0.0,0.0,1.2854463,0.0,0.0,0.0,0.0,0.0,0.17718533,1.0918876,0.0,1.5766981,0.0,0.0,0.0,0.45769078,0.0,0.0,0.0,0.0,0.0,0.0,0.0,0.0,0.0,0.0,0.0,0.0,0.0,0.0,0.0,0.0,1.1355582,0.0,0.0,1.1952546,0.0,0.0,1.1613271,0.0,0.7965882,0.0,0.0,0.0,0.0,0.0,0.0,0.0,0.0,0.0,1.0875884,0.0,0.0,0.0,0.0,1.724047,0.8810826,1.5005555,0.0,0.0,0.0,0.0,1.2032977,0.0,0.0,0.0,0.0,0.0,0.0,0.0,0.0,0.0,0.0,0.548358747894643,0.5964859351912116,0.5217391304347826,0.6086956521739131
CCNC(=O)c1cc(S(N)(=O)=O)ccc1Sc1ccccc1,CHEMBL1098204,CCNC(=O)c1cc(S(N)(=O)=O)ccc1Sc1ccccc1,7.67,active,Active,0.5634247,0.0,0.0,0.0,0.0,0.0,0.0,0.0,0.0,0.0,0.0,0.0,0.0,0.0,0.0,0.0,0.0,0.0,0.0,0.0,0.0,0.0,1.2967284,0.0,0.0,1.1433967,0.0,0.0,0.0,0.0,0.0,0.0,0.22306305,0.0,0.0,0.82062495,0.0,0.0,0.0,0.0,0.0,0.73322725,0.0,0.0,1.7123408,1.0233631,0.0,0.0,0.895538,0.0,0.8546957,0.0,0.0,0.0,0.0,0.0,0.0,1.1865296,0.0,0.0,0.0,0.0,0.0,0.117303394,0.9017971,0.0,1.350759,0.0,0.0,0.0,0.0,0.0,0.0,0.0,0.0,0.0,0.0,0.0,0.0,0.0,0.0,0.0,0.0,0.0,0.0,0.0,0.0,0.9458687,0.0,0.0,0.7440768,0.0,0.0,1.328435,0.0,0.8206023,0.0,0.0,0.0,0.0,0.0,0.0,0.0,0.0,0.0,0.9873104,0.0,0.0,0.0,0.0,1.1559963,0.69799435,1.0694646,0.0,0.0,0.0,0.0,1.1948719,0.0,0.0,0.0,0.0,0.0,0.0,0.0,0.0,0.0,0.0,0.43700043604047073,0.5883213380077537,0.43478260869565216,0.5869565217391304
CCNC(=O)c1cc(S(N)(=O)=O)cnc1Sc1cccc(F)c1,CHEMBL1098349,CCNC(=O)c1cc(S(N)(=O)=O)cnc1Sc1cccc(F)c1,7.7,active,Active,0.92644143,0.0,0.0,0.0,0.0,0.0,0.0,0.0,0.0,0.0,0.0,0.0,0.0,0.0,0.0,0.0,0.0,0.0,0.0,0.0,0.0,0.0,1.7689006,0.0,0.0,1.5489593,0.0,0.0,0.0,0.0,0.0,0.0,0.5003781,0.0,0.0,1.2085981,0.0,0.0,0.0,0.0,0.0,1.2297566,0.0,0.0,2.1389012,1.3283201,0.0,0.0,1.3613724,0.0,1.4329047,0.0,0.0,0.0,0.0,0.0,0.0,1.5752435,0.0,0.0,0.0,0.0,0.0,0.0,1.3900869,0.0,1.9463277,0.0,0.0,0.0,0.44782513,0.0,0.0,0.0,0.0,0.0,0.0,0.0,0.0,0.0,0.0,0.0,0.0,0.0,0.0,0.0,0.0,1.4099284,0.0,0.0,1.2023576,0.0,0.0,2.0219398,0.0,1.421812,0.0,0.0,0.0,0.0,0.0,0.0,0.0,0.0,0.0,1.2576567,0.0,0.0,0.0,0.0,1.6052619,0.84203124,1.642,0.0,0.0,0.0,0.0,1.8468058,0.0,0.0,0.0,0.0,0.0,0.0,0.0,0.0,0.0,0.0,0.6331227048879503,0.557234006975302,0.6521739130434783,0.5652173913043478
CCNC(=O)c1cc(S(N)(=O)=O)cnc1Sc1ccccc1,CHEMBL1086703,CCNC(=O)c1cc(S(N)(=O)=O)cnc1Sc1ccccc1,7.7,active,Active,0.9045917,0.0,0.0,0.0,0.0,0.0,0.0,0.0,0.0,0.0,0.0,0.0,0.0,0.0,0.0,0.0,0.0,0.0,0.0,0.0,0.0,0.0,1.7447561,0.0,0.0,1.5638921,0.0,0.0,0.0,0.0,0.0,0.0,0.4569349,0.0,0.0,1.2419018,0.0,0.0,0.0,0.0,0.0,1.1865686,0.0,0.0,2.1342778,1.3107431,0.0,0.0,1.3146098,0.0,1.3930435,0.0,0.0,0.0,0.0,0.0,0.0,1.5856851,0.0,0.0,0.0,0.0,0.0,0.0,1.3616071,0.0,1.8966751,0.0,0.0,0.0,0.33291733,0.0,0.0,0.0,0.0,0.0,0.0,0.0,0.0,0.0,0.0,0.0,0.0,0.0,0.0,0.0,0.0,1.387944,0.0,0.0,1.1997391,0.0,0.0,1.9720018,0.0,1.3517681,0.0,0.0,0.0,0.0,0.0,0.0,0.0,0.0,0.0,1.3033336,0.0,0.0,0.0,0.0,1.5605104,0.9109158,1.622734,0.0,0.0,0.0,0.0,1.7604878,0.0,0.0,0.0,0.0,0.0,0.0,0.0,0.0,0.0,0.0,0.6217675066022444,0.5593891626203197,0.6304347826086957,0.5652173913043478
CCNC1CCS(=O)(=O)c2sc(S(N)(=O)=O)cc21.Cl,CHEMBL545239,CCNC1CCS(=O)(=O)c2sc(S(N)(=O)=O)cc21.Cl,8.620000000000001,active,Active,1.0959756,0.0,0.0,0.0,0.0,0.0,0.0,0.0,0.0,0.0,0.0,0.0,0.0,0.0,0.0,0.0,0.0,0.0,0.0,0.0,0.0,0.0,1.8568902,0.0,0.0,1.1858102,0.0,0.0,0.0,0.0,0.0,0.0,0.73347235,0.0,0.0,1.3945079,0.0,0.0,0.0,0.0,0.0,1.6467875,0.0,0.0,2.7464116,2.064932,0.0,0.0,1.4778305,0.0,1.5982842,0.0,0.0,0.0,0.082850225,0.0,0.0,1.6816826,0.0,0.0,0.0,0.0,0.0,0.0,1.9636806,0.0,2.1941972,0.0,0.0,0.0,1.7815212,0.0,0.0,0.0,0.54089755,0.0,0.0,0.0,0.0,0.0,0.0,0.0,0.0,0.0,0.0,0.0,0.0,1.7432779,0.0,0.0,1.3419399,0.0,0.0,2.218009,0.0,1.4598906,0.0,0.0,0.0,0.0,0.0,0.0,0.0,0.0,0.0,1.1886206,0.0,0.0,0.0,0.0,2.0192516,1.0533295,1.9062862,0.0,0.0,0.0,0.0,1.6234536,0.0,0.067418404,0.0,0.0,0.0,0.0,0.0,0.0,0.0,0.0,0.7721707841613759,0.8494751429931926,0.7608695652173912,0.8695652173913043
CCNCc1cc(S(N)(=O)=O)cnc1Sc1ccc(F)c(F)c1,CHEMBL1095856,CCNCc1cc(S(N)(=O)=O)cnc1Sc1ccc(F)c(F)c1,6.49,medium,Medium,0.85236037,0.0,0.0,0.0,0.0,0.0,0.0,0.0,0.0,0.0,0.0,0.0,0.0,0.0,0.0,0.0,0.0,0.0,0.0,0.0,0.0,0.0,1.5792165,0.0,0.0,1.3235632,0.0,0.0,0.0,0.0,0.0,0.0,0.50368345,0.0,0.0,1.0482324,0.0,0.0,0.0,0.0,0.0,1.107562,0.0,0.0,2.0398958,1.3461996,0.0,0.0,1.2223493,0.0,1.2479709,0.0,0.0,0.0,0.051864274,0.0,0.0,1.3691337,0.0,0.0,0.0,0.0,0.0,0.0,1.2748529,0.0,1.7538841,0.0,0.0,0.0,0.64662176,0.0,0.0,0.0,0.0,0.0,0.0,0.0,0.0,0.0,0.0,0.0,0.0,0.0,0.0,0.0,0.0,1.2505693,0.0,0.0,0.9666442,0.0,0.0,1.849778,0.0,1.2960885,0.0,0.0,0.0,0.0,0.0,0.0,0.0,0.0,0.0,1.0218028,0.0,0.0,0.0,0.0,1.5319892,0.67720425,1.467906,0.0,0.0,0.0,0.0,1.6977599,0.0,0.0,0.0,0.0,0.0,0.0,0.0,0.0,0.0,0.0,0.589080137757794,0.5979016001712236,0.6304347826086957,0.6304347826086957
CCNCc1cc2cc(S(N)(=O)=O)oc2s1,CHEMBL103621,CCNCc1cc2cc(S(N)(=O)=O)oc2s1,7.96,active,Active,1.2759541,0.0,0.0,0.0,0.0,0.0,0.0,0.0,0.0,0.0,0.0,0.0,0.0,0.0,0.0,0.0,0.0,0.0,0.0,0.0,0.0,0.0,2.3463004,0.0,0.0,1.9442807,0.0,0.0,0.0,0.0,0.0,0.0,0.9001991,0.0,0.0,1.5989059,0.0,0.0,0.0,0.0,0.0,1.8197888,0.0,0.0,2.4454653,1.7109542,0.0,0.0,1.9464647,0.0,2.147233,0.0,0.0,0.0,0.24713814,0.0,0.0,2.01719,0.0,0.0,0.0,0.0,0.0,0.0,1.9840038,0.0,2.7667472,0.0,0.0,0.0,1.0407046,0.0,0.0,0.0,0.0,0.0,0.0,0.0,0.0,0.0,0.0,0.0,0.0,0.0,0.0,0.0,0.0,2.065987,0.0,0.0,1.5060396,0.0,0.0,2.8600492,0.0,2.070424,0.0,0.0,0.0,0.0,0.0,0.0,0.0,0.0,0.0,1.4267498,0.0,0.0,0.0,0.0,2.1633582,1.0490245,2.2275088,0.0,0.0,0.0,0.0,2.6716924,0.0,0.0835863,0.0,0.0,0.0,0.0,0.0,0.0,0.0,0.0,0.878553416366522,0.7243241932613258,0.8913043478260869,0.717391304347826
CCN[C@@H]1CCS(=O)(=O)c2sc(S(N)(=O)=O)cc21.Cl,CHEMBL2092885,CCN[C@@H]1CCS(=O)(=O)c2sc(S(N)(=O)=O)cc21.Cl,7.92,active,Active,1.0959756,0.0,0.0,0.0,0.0,0.0,0.0,0.0,0.0,0.0,0.0,0.0,0.0,0.0,0.0,0.0,0.0,0.0,0.0,0.0,0.0,0.0,1.8568902,0.0,0.0,1.1858102,0.0,0.0,0.0,0.0,0.0,0.0,0.73347235,0.0,0.0,1.3945079,0.0,0.0,0.0,0.0,0.0,1.6467875,0.0,0.0,2.7464116,2.064932,0.0,0.0,1.4778305,0.0,1.5982842,0.0,0.0,0.0,0.082850225,0.0,0.0,1.6816826,0.0,0.0,0.0,0.0,0.0,0.0,1.9636806,0.0,2.1941972,0.0,0.0,0.0,1.7815212,0.0,0.0,0.0,0.54089755,0.0,0.0,0.0,0.0,0.0,0.0,0.0,0.0,0.0,0.0,0.0,0.0,1.7432779,0.0,0.0,1.3419399,0.0,0.0,2.218009,0.0,1.4598906,0.0,0.0,0.0,0.0,0.0,0.0,0.0,0.0,0.0,1.1886206,0.0,0.0,0.0,0.0,2.0192516,1.0533295,1.9062862,0.0,0.0,0.0,0.0,1.6234536,0.0,0.067418404,0.0,0.0,0.0,0.0,0.0,0.0,0.0,0.0,0.7728433994814007,0.8472004800449986,0.7608695652173912,0.8478260869565217
CCN[C@H]1CCS(=O)(=O)c2sc(S(N)(=O)=O)cc21.Cl,CHEMBL1788291,CCN[C@H]1CCS(=O)(=O)c2sc(S(N)(=O)=O)cc21.Cl,9.07,active,Active,1.0959756,0.0,0.0,0.0,0.0,0.0,0.0,0.0,0.0,0.0,0.0,0.0,0.0,0.0,0.0,0.0,0.0,0.0,0.0,0.0,0.0,0.0,1.8568902,0.0,0.0,1.1858102,0.0,0.0,0.0,0.0,0.0,0.0,0.73347235,0.0,0.0,1.3945079,0.0,0.0,0.0,0.0,0.0,1.6467875,0.0,0.0,2.7464116,2.064932,0.0,0.0,1.4778305,0.0,1.5982842,0.0,0.0,0.0,0.082850225,0.0,0.0,1.6816826,0.0,0.0,0.0,0.0,0.0,0.0,1.9636806,0.0,2.1941972,0.0,0.0,0.0,1.7815212,0.0,0.0,0.0,0.54089755,0.0,0.0,0.0,0.0,0.0,0.0,0.0,0.0,0.0,0.0,0.0,0.0,1.7432779,0.0,0.0,1.3419399,0.0,0.0,2.218009,0.0,1.4598906,0.0,0.0,0.0,0.0,0.0,0.0,0.0,0.0,0.0,1.1886206,0.0,0.0,0.0,0.0,2.0192516,1.0533295,1.9062862,0.0,0.0,0.0,0.0,1.6234536,0.0,0.067418404,0.0,0.0,0.0,0.0,0.0,0.0,0.0,0.0,0.7710587752968633,0.8443085288332551,0.7391304347826086,0.8478260869565217
CCN[C@H]1CN(CCCCOC)S(=O)(=O)c2sc(S(N)(=O)=O)cc21,CHEMBL121031,CCN[C@H]1CN(CCCCOC)S(=O)(=O)c2sc(S(N)(=O)=O)cc21,8.49,active,Active,1.1185882,0.0,0.0,0.10884983,0.0,0.0,0.0,0.0,0.0,0.0,0.0,0.0,0.0,0.0,0.0,0.0,0.0,0.0,0.0,0.0,0.0,0.0,1.64597,0.0,0.0,1.1808028,0.0,0.0,0.0,0.0,0.0,0.0,0.60645044,0.0,0.0,1.2548399,0.0,0.0,0.0,0.0,0.0,1.3919173,0.0,0.0,2.6778884,1.977807,0.0,0.0,1.2143929,0.0,1.2663789,0.0,0.0,0.0,0.013028964,0.0,0.0,1.5515541,0.0,0.0,0.0,0.0,0.0,0.0,1.7741121,0.0,1.9335287,0.0,0.0,0.0,1.4344331,0.0,0.0,0.0,0.31403866,0.0,0.0,0.0,0.0,0.0,0.0,0.0,0.0,0.0,0.0,0.0,0.0,1.42457,0.0,0.0,1.2713927,0.0,0.0,1.960325,0.0,1.2935044,0.0,0.0,0.0,0.0,0.0,0.0,0.0,0.0,0.0,1.2463139,0.0,0.0,0.0,0.0,1.8537799,1.0153248,1.8488305,0.0,0.0,0.0,0.0,1.5826747,0.0,0.05132144,0.0,0.0,0.0,0.14999577,0.0,0.0,0.0,0.0,0.6522726161653375,0.7404719299837833,0.6521739130434783,0.7826086956521738
CCN[C@H]1CN(CCCO)S(=O)(=O)c2sc(S(N)(=O)=O)cc21,CHEMBL3415384,CCN[C@H]1CN(CCCO)S(=O)(=O)c2sc(S(N)(=O)=O)cc21,6.78,medium,Medium,1.0541066,0.0,0.0,0.0,0.0,0.0,0.0,0.0,0.0,0.0,0.0,0.0,0.0,0.0,0.0,0.0,0.0,0.0,0.0,0.0,0.0,0.0,1.6339158,0.0,0.0,1.0322756,0.0,0.0,0.0,0.0,0.0,0.0,0.6234145,0.0,0.0,1.250396,0.0,0.0,0.0,0.0,0.0,1.3749796,0.0,0.0,2.6736884,2.009109,0.0,0.0,1.1802772,0.0,1.2218903,0.0,0.0,0.0,0.037142374,0.0,0.0,1.5203719,0.0,0.0,0.0,0.0,0.0,0.0,1.7910042,0.0,1.8823317,0.0,0.0,0.0,1.5805836,0.0,0.0,0.0,0.437494,0.0,0.0,0.0,0.0,0.0,0.0,0.0,0.0,0.0,0.0,0.0,0.0,1.3625232,0.0,0.0,1.1464225,0.0,0.0,1.9647369,0.0,1.2350768,0.0,0.0,0.0,0.0,0.0,0.0,0.0,0.0,0.0,1.1238006,0.0,0.0,0.0,0.0,1.8168435,0.94548833,1.7814845,0.0,0.0,0.0,0.0,1.518769,0.0,0.045925923,0.0,0.0,0.0,0.0,0.0,0.0,0.0,0.0,0.6431178232070741,0.742372675735014,0.6304347826086957,0.7826086956521738
CCN[C@H]1CN(CCCOC)S(=O)(=O)c2sc(S(N)(=O)=O)cc21,CHEMBL220491,CCN[C@H]1CN(CCCOC)S(=O)(=O)c2sc(S(N)(=O)=O)cc21,7.92,active,Active,1.0570321,0.0,0.0,0.0,0.0,0.0,0.0,0.0,0.0,0.0,0.0,0.0,0.0,0.0,0.0,0.0,0.0,0.0,0.0,0.0,0.0,0.0,1.6071738,0.0,0.0,1.076166,0.0,0.0,0.0,0.0,0.0,0.0,0.60148734,0.0,0.0,1.2229064,0.0,0.0,0.0,0.0,0.0,1.3407271,0.0,0.0,2.595317,1.961187,0.0,0.0,1.1727744,0.0,1.2280278,0.0,0.0,0.0,0.0506761,0.0,0.0,1.493048,0.0,0.0,0.0,0.0,0.0,0.0,1.7439339,0.0,1.8734592,0.0,0.0,0.0,1.4777281,0.0,0.0,0.0,0.35184863,0.0,0.0,0.0,0.0,0.0,0.0,0.0,0.0,0.0,0.0,0.0,0.0,1.3665828,0.0,0.0,1.1457227,0.0,0.0,1.9212718,0.0,1.235878,0.0,0.0,0.0,0.0,0.0,0.0,0.0,0.0,0.0,1.1476454,0.0,0.0,0.0,0.0,1.7824092,0.9795965,1.749905,0.0,0.0,0.0,0.0,1.5171638,0.0,0.046286754,0.0,0.0,0.0,0.0,0.0,0.0,0.0,0.0,0.6367397134249042,0.7412888770349688,0.6304347826086957,0.7391304347826086
CCN[C@H]1CN(CCCO[N+](=O)[O-])S(=O)(=O)c2sc(S(N)(=O)=O)cc21,CHEMBL3415383,CCN[C@H]1CN(CCCO[N+](=O)[O-])S(=O)(=O)c2sc(S(N)(=O)=O)cc21,7.51,active,Active,0.91266453,0.0,0.0,0.12002532,0.0,0.0,0.0,0.0,0.0,0.0,0.0,0.0,0.0,0.0,0.0,0.0,0.0,0.0,0.0,0.0,0.0,0.0,1.4271611,0.0,0.0,0.8821876,0.0,0.0,0.0,0.0,0.0,0.0,0.4945461,0.0,0.0,1.0710478,0.0,0.0,0.0,0.0,0.0,1.1477504,0.0,0.0,2.429003,1.7883983,0.0,0.0,0.9816494,0.0,0.99138826,0.0,0.0,0.0,0.006205298,0.0,0.0,1.3315102,0.0,0.0,0.0,0.0,0.0,0.0,1.5880166,0.0,1.6139731,0.0,0.0,0.0,1.3640229,0.0,0.0,0.0,0.36628097,0.0,0.0,0.0,0.0,0.0,0.0,0.0,0.0,0.0,0.0,0.0,0.0,1.1101092,0.0,0.0,0.9909623,0.0,0.0,1.6832757,0.0,1.0618365,0.0,0.0,0.0,0.0,0.0,0.0,0.0,0.0,0.0,0.9954816,0.0,0.0,0.0,0.0,1.5831313,0.83246636,1.5727911,0.0,0.0,0.0,0.0,1.3208766,0.0,0.013195388,0.0,0.0,0.0,0.2058103,0.0,0.0,0.0,0.0,0.5775114980138674,0.7317806810611189,0.5652173913043478,0.7608695652173912
CCN[C@H]1C[C@H](C)S(=O)(=O)c2sc(S(N)(=O)=O)cc21,CHEMBL218490,CCN[C@H]1C[C@H](C)S(=O)(=O)c2sc(S(N)(=O)=O)cc21,8.895,active,Active,1.2890884,0.0,0.0,0.0,0.0,0.0,0.0,0.0,0.0,0.0,0.0,0.0,0.0,0.0,0.0,0.0,0.0,0.0,0.0,0.0,0.0,0.0,2.0696452,0.0,0.0,1.5176996,0.0,0.0,0.0,0.0,0.0,0.0,0.7937218,0.0,0.0,1.6066556,0.0,0.0,0.0,0.0,0.0,1.8184491,0.0,0.0,2.9303417,2.1472902,0.0,0.0,1.6508889,0.0,1.8229543,0.0,0.0,0.0,0.09137208,0.0,0.0,1.9087592,0.0,0.0,0.0,0.0,0.0,0.0,2.1210282,0.0,2.4605627,0.0,0.0,0.0,1.6948013,0.0,0.0,0.0,0.3138507,0.0,0.0,0.0,0.0,0.0,0.0,0.0,0.0,0.0,0.0,0.0,0.0,1.9424163,0.0,0.0,1.6206721,0.0,0.0,2.4831402,0.0,1.7032915,0.0,0.0,0.0,0.0,0.0,0.0,0.0,0.0,0.0,1.4640297,0.0,0.0,0.0,0.0,2.1994689,1.2157595,2.1999717,0.0,0.0,0.0,0.0,1.9404094,0.0,0.097309165,0.0,0.0,0.0,0.0,0.0,0.0,0.0,0.0,0.762294235037789,0.8057418939635179,0.7826086956521738,0.8043478260869565
CCN[C@H]1C[C@H](CCCO)S(=O)(=O)c2sc(S(N)(=O)=O)cc21,CHEMBL3415382,CCN[C@H]1C[C@H](CCCO)S(=O)(=O)c2sc(S(N)(=O)=O)cc21,7.09,active,Active,1.2673771,0.0,0.0,0.19229406,0.0,0.0,0.0,0.0,0.0,0.0,0.0,0.0,0.0,0.0,0.0,0.0,0.0,0.0,0.0,0.0,0.0,0.0,1.9489988,0.0,0.0,1.456634,0.0,0.0,0.0,0.0,0.0,0.0,0.7312319,0.0,0.0,1.5051528,0.0,0.0,0.0,0.0,0.0,1.7104177,0.0,0.0,2.8826518,2.0629275,0.0,0.0,1.532966,0.0,1.6452926,0.0,0.0,0.0,0.0,0.0,0.0,1.8430357,0.0,0.0,0.0,0.0,0.0,0.0,2.0308,0.0,2.3170152,0.0,0.0,0.0,1.5603317,0.0,0.0,0.0,0.30046144,0.0,0.0,0.0,0.0,0.0,0.0,0.0,0.0,0.0,0.0,0.0,0.0,1.7847428,0.0,0.0,1.6450456,0.0,0.0,2.3136303,0.0,1.5952018,0.0,0.0,0.0,0.0,0.0,0.0,0.0,0.0,0.0,1.4646095,0.0,0.0,0.0,0.0,2.122883,1.161417,2.1936677,0.0,0.0,0.0,0.0,1.8529334,0.0,0.08712473,0.0,0.0,0.0,0.06867497,0.0,0.0,0.0,0.0,0.7507588724373817,0.8020585437555159,0.7391304347826086,0.7826086956521738
CCN[C@H]1C[C@H](CCCO[N+](=O)[O-])S(=O)(=O)c2sc(S(N)(=O)=O)cc21,CHEMBL3415379,CCN[C@H]1C[C@H](CCCO[N+](=O)[O-])S(=O)(=O)c2sc(S(N)(=O)=O)cc21,7.51,active,Active,1.0991176,0.0,0.0,0.45143044,0.0,0.0,0.0,0.0,0.0,0.0,0.0,0.0,0.0,0.0,0.0,0.0,0.0,0.0,0.0,0.0,0.0,0.0,1.7038256,0.0,0.0,1.2540519,0.0,0.0,0.0,0.0,0.0,0.0,0.5884433,0.0,0.0,1.294789,0.0,0.0,0.0,0.0,0.0,1.4415146,0.0,0.0,2.6121716,1.8348747,0.0,0.0,1.2904488,0.0,1.362443,0.0,0.0,0.0,0.0,0.0,0.0,1.61469,0.0,0.0,0.0,0.0,0.0,0.0,1.7982073,0.0,1.9953362,0.0,0.0,0.0,1.34543,0.0,0.0,0.0,0.24629506,0.0,0.0,0.0,0.0,0.0,0.0,0.0,0.0,0.0,0.0,0.0,0.0,1.479979,0.0,0.0,1.428677,0.0,0.0,1.9897077,0.0,1.3773592,0.0,0.0,0.0,0.0,0.0,0.0,0.0,0.0,0.0,1.2939545,0.0,0.0,0.0,0.0,1.8506157,1.0209216,1.934648,0.0,0.0,0.0,0.0,1.6134639,0.0,0.048971377,0.0,0.0,0.0,0.3972619,0.0,0.0,0.0,0.0,0.6592898105302013,0.7371963887565927,0.6739130434782609,0.7608695652173912
CCN[C@H]1C[C@H](CCO[N+](=O)[O-])S(=O)(=O)c2sc(S(N)(=O)=O)cc21,CHEMBL3415380,CCN[C@H]1C[C@H](CCO[N+](=O)[O-])S(=O)(=O)c2sc(S(N)(=O)=O)cc21,7.33,active,Active,1.0751365,0.0,0.0,0.17090142,0.0,0.0,0.0,0.0,0.0,0.0,0.0,0.0,0.0,0.0,0.0,0.0,0.0,0.0,0.0,0.0,0.0,0.0,1.6959046,0.0,0.0,1.2011547,0.0,0.0,0.0,0.0,0.0,0.0,0.5849585,0.0,0.0,1.2862828,0.0,0.0,0.0,0.0,0.0,1.4108592,0.0,0.0,2.5571363,1.8494927,0.0,0.0,1.2834196,0.0,1.3454655,0.0,0.0,0.0,0.0,0.0,0.0,1.584505,0.0,0.0,0.0,0.0,0.0,0.0,1.7871373,0.0,1.9755149,0.0,0.0,0.0,1.3745486,0.0,0.0,0.0,0.2531497,0.0,0.0,0.0,0.0,0.0,0.0,0.0,0.0,0.0,0.0,0.0,0.0,1.4560014,0.0,0.0,1.3415722,0.0,0.0,1.9630423,0.0,1.3357978,0.0,0.0,0.0,0.0,0.0,0.0,0.0,0.0,0.0,1.2446369,0.0,0.0,0.0,0.0,1.8272402,1.0392588,1.8738714,0.0,0.0,0.0,0.0,1.5970194,0.0,0.050240405,0.0,0.0,0.0,0.12582564,0.0,0.0,0.0,0.0,0.6563218894429601,0.7394994056154569,0.6521739130434783,0.7608695652173912
CCN[C@H]1C[C@H](CO[N+](=O)[O-])S(=O)(=O)c2sc(S(N)(=O)=O)cc21,CHEMBL3415381,CCN[C@H]1C[C@H](CO[N+](=O)[O-])S(=O)(=O)c2sc(S(N)(=O)=O)cc21,6.81,medium,Medium,1.079069,0.0,0.0,0.0,0.0,0.0,0.0,0.0,0.0,0.0,0.0,0.0,0.0,0.0,0.0,0.0,0.0,0.0,0.0,0.0,0.0,0.0,1.6895336,0.0,0.0,1.1849583,0.0,0.0,0.0,0.0,0.0,0.0,0.58398384,0.0,0.0,1.3221562,0.0,0.0,0.0,0.0,0.0,1.3635491,0.0,0.0,2.5236924,1.9023039,0.0,0.0,1.2509239,0.0,1.2700475,0.0,0.0,0.0,0.035487942,0.0,0.0,1.5614759,0.0,0.0,0.0,0.0,0.0,0.0,1.74427,0.0,1.9421079,0.0,0.0,0.0,1.3448465,0.0,0.0,0.0,0.17588672,0.0,0.0,0.0,0.0,0.0,0.0,0.0,0.0,0.0,0.0,0.0,0.0,1.38975,0.0,0.0,1.2142235,0.0,0.0,1.9357722,0.0,1.2724634,0.0,0.0,0.0,0.0,0.0,0.0,0.0,0.0,0.0,1.1866198,0.0,0.0,0.0,0.0,1.8291827,1.0626804,1.8252475,0.0,0.0,0.0,0.0,1.6247029,0.0,0.051248483,0.0,0.0,0.0,0.0,0.0,0.0,0.0,0.0,0.6496509633394923,0.7414977656112345,0.6304347826086957,0.7608695652173912
CCOC(=O)/C(=N/Nc1cccc(-n2nc(C(=O)Nc3nnc(S(N)(=O)=O)s3)c(C(=O)OCC)c2-c2ccccc2)c1)C(=O)c1ccccc1,CHEMBL1276020,CCOC(=O)/C(=N/Nc1cccc(-n2nc(C(=O)Nc3nnc(S(N)(=O)=O)s3)c(C(=O)OCC)c2-c2ccccc2)c1)C(=O)c1ccccc1,5.9350000000000005,inactive,Inactive,0.88190436,0.0,0.0,0.0,0.0,0.0,0.68525386,0.0,0.0,0.0,0.0,0.0,0.0,0.0,0.0,0.0,0.0,0.0,0.0,0.8090092,0.0,0.0,1.7847604,0.0,0.15158735,1.9616241,0.0,0.0,0.0,0.0,0.0,0.0,0.3104086,0.0,0.0,1.3382057,0.0,0.0,0.0,0.0,0.8595014,0.9892804,0.0,0.0,1.7067368,0.8174498,0.0,0.0,1.3325201,0.0,1.3722328,0.0,0.0,0.0,0.0,0.0,0.0,1.6512762,0.0,0.0,0.0,0.0,0.0,0.0,1.061348,0.0,1.8806195,0.0,0.0,0.0,0.0,0.0,0.0,0.0,0.0,0.0,0.0,0.0,0.0,0.0,0.0,0.0,0.0,0.0,0.0,0.0,0.0,1.2715489,0.0,0.0,1.3256627,0.0,0.0,1.8233299,0.0,1.3588135,0.0,0.0,0.0,0.0,0.0,0.0,0.0,0.0,0.37319517,1.4899544,0.0,0.0,0.0,0.0,1.3968877,1.0137917,1.6608257,0.0,0.0,0.0,0.0,1.9973708,0.0,0.0,0.0,0.0,0.0,0.0,0.0,0.0,0.0,0.0,0.5739506182405802,0.3430648840388278,0.5652173913043478,0.34782608695652173
CCOC(=O)/C(=N/Nc1cccc(-n2nc(C(=O)Nc3nnc(S(N)(=O)=O)s3)c(C(=O)OCC)c2-c2ccccc2)c1)C(C)=O,CHEMBL1276021,CCOC(=O)/C(=N/Nc1cccc(-n2nc(C(=O)Nc3nnc(S(N)(=O)=O)s3)c(C(=O)OCC)c2-c2ccccc2)c1)C(C)=O,6.88,medium,Medium,0.98149335,0.0,0.0,0.0,0.0,0.0,0.621851,0.0,0.0,0.0,0.0,0.0,0.0,0.0,0.0,0.0,0.0,0.0,0.0,0.7919154,0.0,0.0,1.8505162,0.0,0.0,1.9736251,0.0,0.0,0.0,0.0,0.0,0.0,0.37057978,0.0,0.0,1.3818859,0.0,0.0,0.0,0.0,0.7400379,1.1137571,0.0,0.0,1.8615259,0.95401114,0.0,0.0,1.3929744,0.0,1.459579,0.0,0.0,0.0,0.0,0.0,0.0,1.7202753,0.0,0.0,0.0,0.0,0.0,0.0,1.2295148,0.0,1.9965217,0.0,0.0,0.0,0.0,0.0,0.0,0.0,0.0,0.0,0.0,0.0,0.0,0.0,0.0,0.0,0.0,0.0,0.0,0.0,0.0,1.3609593,0.0,0.0,1.4501603,0.0,0.0,1.9501083,0.0,1.4703591,0.0,0.0,0.0,0.0,0.0,0.0,0.0,0.0,0.11213933,1.55163,0.0,0.0,0.0,0.0,1.5094973,1.0512199,1.8149372,0.0,0.0,0.0,0.0,2.085568,0.0,0.0,0.0,0.0,0.0,0.0,0.0,0.0,0.0,0.0,0.5905357380601342,0.35791912126357506,0.5652173913043478,0.3695652173913043
CCOC(=O)C(/N=N/c1cccc(-n2nc(C(=O)Nc3nnc(S(N)(=O)=O)s3)c(C(=O)c3ccccc3)c2-c2ccccc2)c1)C(=O)OCC,CHEMBL499578,CCOC(=O)C(/N=N/c1cccc(-n2nc(C(=O)Nc3nnc(S(N)(=O)=O)s3)c(C(=O)c3ccccc3)c2-c2ccccc2)c1)C(=O)OCC,6.59,medium,Medium,0.6731802,0.0,0.0,0.0,0.0,0.0,0.25689608,0.0,0.0,0.0,0.0,0.0,0.0,0.0,0.0,0.0,0.0,0.0,0.0,0.4365809,0.0,0.0,1.5483264,0.0,0.0,1.6581427,0.0,0.0,0.0,0.0,0.0,0.0,0.2433123,0.0,0.0,1.1251259,0.0,0.0,0.0,0.0,0.42261374,0.81079,0.0,0.0,1.5512879,0.7091585,0.0,0.0,1.1199824,0.0,1.1389596,0.0,0.0,0.0,0.0,0.0,0.0,1.4083636,0.0,0.0,0.0,0.0,0.0,0.16810638,0.8693757,0.0,1.5986692,0.0,0.0,0.0,0.0,0.0,0.0,0.0,0.0,0.0,0.0,0.0,0.0,0.0,0.0,0.0,0.0,0.0,0.0,0.0,0.0,1.0384445,0.0,0.0,1.0516834,0.0,0.0,1.5824263,0.0,1.1552352,0.0,0.0,0.0,0.0,0.0,0.0,0.0,0.0,0.0,1.2190678,0.0,0.0,0.0,0.0,1.1910605,0.7695423,1.3630497,0.0,0.0,0.0,0.0,1.6946739,0.0,0.0,0.0,0.0,0.0,0.0,0.0,0.0,0.0,0.0,0.5171296420875561,0.4262259072173837,0.5217391304347826,0.3913043478260869
CCOC(=O)C(/N=N/c1cccc(-n2nc(C(=O)Nc3nnc(S(N)(=O)=O)s3)c(C(=O)c3ccccc3)c2-c2ccccc2)c1)C(=O)c1ccccc1,CHEMBL445982,CCOC(=O)C(/N=N/c1cccc(-n2nc(C(=O)Nc3nnc(S(N)(=O)=O)s3)c(C(=O)c3ccccc3)c2-c2ccccc2)c1)C(=O)c1ccccc1,6.8100000000000005,medium,Medium,0.58339477,0.0,0.0,0.0,0.0,0.0,0.34024987,0.0,0.0,0.0,0.0,0.0,0.0,0.0,0.0,0.0,0.0,0.0,0.0,0.46767285,0.0,0.0,1.5250194,0.0,0.24666046,1.6701865,0.0,0.0,0.0,0.0,0.0,0.0,0.20405301,0.0,0.0,1.129323,0.0,0.0,0.017711107,0.0,0.5497855,0.7137991,0.0,0.0,1.40253,0.5733128,0.0,0.0,1.0935227,0.0,1.0975518,0.0,0.0,0.0,0.0,0.0,0.0,1.3745403,0.0,0.0,0.0,0.0,0.0,0.4106966,0.7272782,0.0,1.5215225,0.0,0.06733303,0.0,0.0,0.0,0.0,0.0,0.0,0.0,0.0,0.0,0.0,0.0,0.0,0.0,0.0,0.0,0.0,0.0,0.0,0.9682284,0.0,0.0,0.94733554,0.0,0.0,1.5193886,0.0,1.0829655,0.0,0.0,0.0,0.0,0.0,0.0,0.0,0.0,0.28274268,1.1705645,0.0,0.0,0.0,0.0,1.0901186,0.73123413,1.2422279,0.0,0.0,0.0,0.0,1.6548201,0.0,0.0,0.0,0.0,0.0,0.0,0.0,0.0,0.0,0.0,0.5143300509371348,0.41559741795924704,0.4782608695652174,0.3913043478260869
CCOC(=O)C(=NNc1cccc(-n2nc(C(=O)Nc3nnc(S(N)(=O)=O)s3)c(C(=O)OCC)c2-c2ccccc2)c1)C(=O)OCC,CHEMBL1276022,CCOC(=O)C(=NNc1cccc(-n2nc(C(=O)Nc3nnc(S(N)(=O)=O)s3)c(C(=O)OCC)c2-c2ccccc2)c1)C(=O)OCC,7.035,active,Active,0.9898013,0.0,0.0,0.0,0.0,0.0,0.6606434,0.0,0.0,0.0,0.0,0.0,0.0,0.0,0.0,0.0,0.0,0.0,0.0,0.8268372,0.0,0.0,1.8224664,0.0,0.0,1.9671414,0.0,0.0,0.0,0.0,0.0,0.0,0.3602272,0.0,0.0,1.3497492,0.0,0.0,0.0,0.0,0.7876839,1.1059645,0.0,0.0,1.8744142,0.9636935,0.0,0.0,1.3749994,0.0,1.4338726,0.0,0.0,0.0,0.0,0.0,0.0,1.7010283,0.0,0.0,0.0,0.0,0.0,0.0,1.2254927,0.0,1.9785733,0.0,0.0,0.0,0.0,0.0,0.0,0.0,0.0,0.0,0.0,0.0,0.0,0.0,0.0,0.0,0.0,0.0,0.0,0.0,0.0,1.3592181,0.0,0.0,1.462549,0.0,0.0,1.9062912,0.0,1.4558318,0.0,0.0,0.0,0.0,0.0,0.0,0.0,0.0,0.10103595,1.5575562,0.0,0.0,0.0,0.0,1.517827,1.0605885,1.8131355,0.0,0.0,0.0,0.0,2.0558257,0.0,0.0,0.0,0.0,0.0,0.0,0.0,0.0,0.0,0.0,0.5847080395578169,0.3464759739418331,0.5869565217391304,0.32608695652173914
CCOC(=O)Oc1ccc2nc(S(N)(=O)=O)sc2c1,CHEMBL80028,CCOC(=O)Oc1ccc2nc(S(N)(=O)=O)sc2c1,8.17,active,Active,0.84966207,0.0,0.0,0.0,0.0,0.0,0.0,0.0,0.0,0.0,0.0,0.0,0.0,0.0,0.0,0.0,0.0,0.0,0.0,0.0,0.0,0.0,1.9082613,0.0,0.0,1.5859879,0.0,0.0,0.0,0.0,0.0,0.0,0.5480403,0.0,0.0,1.2477301,0.0,0.0,0.0,0.0,0.0,1.2354089,0.0,0.0,2.0425243,1.2253602,0.0,0.0,1.4542679,0.0,1.5371624,0.0,0.0,0.0,0.047917373,0.0,0.0,1.6362764,0.0,0.0,0.0,0.0,0.0,0.0,1.400273,0.0,2.1147177,0.0,0.0,0.0,0.35677993,0.0,0.0,0.0,0.0,0.0,0.0,0.0,0.0,0.0,0.0,0.0,0.0,0.0,0.0,0.0,0.0,1.4770778,0.0,0.0,1.1446403,0.0,0.0,2.1459801,0.0,1.4925654,0.0,0.0,0.0,0.0,0.0,0.0,0.0,0.0,0.0,1.1999605,0.0,0.0,0.0,0.0,1.6046317,0.8198047,1.6527448,0.0,0.0,0.0,0.0,1.9801039,0.0,0.0,0.0,0.0,0.0,0.0,0.0,0.0,0.0,0.0,0.6569146227122844,0.5496615191920118,0.6739130434782609,0.5434782608695652
CCOC(=O)c1c(C(=O)Nc2nnc(S(N)(=O)=O)s2)nn(-c2ccc(N)cc2)c1-c1ccccc1,CHEMBL513122,CCOC(=O)c1c(C(=O)Nc2nnc(S(N)(=O)=O)s2)nn(-c2ccc(N)cc2)c1-c1ccccc1,7.46,active,Active,0.8732896,0.0,0.0,0.0,0.0,0.0,0.2411786,0.0,0.0,0.0,0.0,0.0,0.0,0.0,0.0,0.0,0.0,0.0,0.0,0.49452022,0.0,0.0,1.8894271,0.0,0.004860686,1.9372472,0.0,0.0,0.0,0.0,0.0,0.0,0.4070839,0.0,0.0,1.426191,0.0,0.0,0.0,0.0,0.27709168,1.0742749,0.0,0.0,1.7051429,0.8685432,0.0,0.0,1.4394101,0.0,1.4904116,0.0,0.0,0.0,0.0,0.0,0.0,1.7003137,0.0,0.0,0.0,0.0,0.0,0.040878326,1.0910734,0.0,1.9611044,0.0,0.0,0.0,0.0,0.0,0.0,0.0,0.0,0.0,0.0,0.0,0.0,0.0,0.0,0.0,0.0,0.0,0.0,0.0,0.0,1.3673321,0.0,0.0,1.2204973,0.0,0.0,1.9716501,0.0,1.4109625,0.0,0.0,0.0,0.0,0.0,0.0,0.0,0.0,0.091526076,1.3891454,0.0,0.0,0.0,0.0,1.4357092,0.9525448,1.6338737,0.0,0.0,0.0,0.0,2.067318,0.0,0.0,0.0,0.0,0.0,0.0,0.0,0.0,0.0,0.0,0.5851822318086944,0.4059917184983138,0.5869565217391304,0.3913043478260869
CCOC(=O)c1c(C(=O)Nc2nnc(S(N)(=O)=O)s2)nn(-c2cccc(/N=N/c3c(O)ccc4ccccc34)c2)c1-c1ccccc1,CHEMBL1276015,CCOC(=O)c1c(C(=O)Nc2nnc(S(N)(=O)=O)s2)nn(-c2cccc(/N=N/c3c(O)ccc4ccccc34)c2)c1-c1ccccc1,6.71,medium,Medium,0.7816937,0.0,0.0,0.0,0.0,0.0,0.7940649,0.0,0.0,0.0,0.0,0.0,0.0,0.0,0.0,0.0,0.0,0.0,0.0,0.83839184,0.0,0.0,1.8983895,0.0,0.78782576,2.0766537,0.0,0.0,0.0,0.0,0.0,0.0,0.35280684,0.0,0.0,1.3979301,0.0,0.0,0.6350048,0.0,0.8618188,0.9733378,0.0,0.0,1.5304766,0.64046896,0.0,0.0,1.4533565,0.13501242,1.4984806,0.0,0.0,0.0,0.0,0.0,0.0,1.6881934,0.0,0.0,0.0,0.0,0.0,0.30800173,0.9185156,0.0,1.9654756,0.0,0.56862295,0.0,0.0,0.0,0.0,0.32529834,0.0,0.0,0.0,0.0,0.0,0.0,0.0,0.0,0.0,0.0,0.0,0.0,0.0,1.3442647,0.0,0.0,1.2092566,0.0,0.0,1.9491038,0.0,1.4151242,0.0,0.0,0.0,0.0,0.0,0.0,0.0,0.0,0.77377284,1.4102526,0.0,0.0,0.0,0.0,1.368535,0.921508,1.5592085,0.0,0.0,0.05668372,0.0,2.1334946,0.0,0.0,0.03461913,0.0,0.0,0.0,0.0,0.0,0.0,0.0,0.5228040713077622,0.3173369036124774,0.5217391304347826,0.2826086956521739
CCOC(=O)c1c(C(=O)Nc2nnc(S(N)(=O)=O)s2)nn(-c2cccc(/N=N/c3ccc(O)cc3)c2)c1-c1ccccc1,CHEMBL1276016,CCOC(=O)c1c(C(=O)Nc2nnc(S(N)(=O)=O)s2)nn(-c2cccc(/N=N/c3ccc(O)cc3)c2)c1-c1ccccc1,6.34,medium,Medium,0.81462145,0.0,0.0,0.0,0.0,0.0,0.63093233,0.0,0.0,0.0,0.0,0.0,0.0,0.0,0.0,0.0,0.0,0.0,0.0,0.7296486,0.0,0.0,1.8780434,0.0,0.4814973,2.0119326,0.0,0.0,0.0,0.0,0.0,0.0,0.3687135,0.0,0.0,1.3884901,0.0,0.0,0.2694932,0.0,0.694312,1.0062726,0.0,0.0,1.5911967,0.72482085,0.0,0.0,1.4405081,0.0,1.4921339,0.0,0.0,0.0,0.0,0.0,0.0,1.6791863,0.0,0.0,0.0,0.0,0.0,0.16211286,0.98992413,0.0,1.956208,0.0,0.27954912,0.0,0.0,0.0,0.0,0.050653256,0.0,0.0,0.0,0.0,0.0,0.0,0.0,0.0,0.0,0.0,0.0,0.0,0.0,1.3500519,0.0,0.0,1.2357247,0.0,0.0,1.9392335,0.0,1.4132198,0.0,0.0,0.0,0.0,0.0,0.0,0.0,0.0,0.52640307,1.4120572,0.0,0.0,0.0,0.0,1.3900377,0.93765473,1.5869213,0.0,0.0,0.0,0.0,2.0908744,0.0,0.0,0.0,0.0,0.0,0.0,0.0,0.0,0.0,0.0,0.5346932677182826,0.32991590564213563,0.5434782608695652,0.34782608695652173
CCOC(=O)c1c(C(=O)Nc2nnc(S(N)(=O)=O)s2)nn(-c2cccc(I)c2)c1-c1ccccc1,CHEMBL1276394,CCOC(=O)c1c(C(=O)Nc2nnc(S(N)(=O)=O)s2)nn(-c2cccc(I)c2)c1-c1ccccc1,7.095,active,Active,0.44916412,0.0,0.0,0.0,0.0,0.0,0.0,0.0,0.0,0.0,0.0,0.0,0.0,0.0,0.0,0.0,0.0,0.0,0.0,0.0,0.0,0.0,1.2555063,0.0,0.0,1.0712258,0.0,0.0,0.0,0.0,0.0,0.0,0.23708636,0.09700515,0.0,0.85085356,0.0,0.0,0.0,0.0,0.0,0.6336128,0.0,0.0,1.7232558,0.9285585,0.0,0.0,0.85353374,0.0,0.7775704,0.0,0.0,0.0,0.0,0.0,0.0,1.0675987,0.0,0.0,0.0,0.0,0.0,0.0,0.89875335,0.0,1.2613131,0.0,0.0,0.0,0.08231556,0.0,0.0,0.0,0.0,0.0,0.0,0.0,0.0,0.0,0.0,0.0,0.0,0.0,0.0,0.0,0.0,0.6817982,0.0,0.0,0.57196164,0.0,0.0,1.4609318,0.0,0.8736048,0.0,0.0,0.0,0.0,0.0,0.0,0.0,0.0,0.0,0.79770464,0.0,0.0,0.0,0.0,1.0614141,0.4125409,1.0050495,0.0,0.0,0.0,0.0,1.282115,0.0,0.0,0.0,0.0,0.0,0.0,0.0,0.0,0.0,0.0,0.43509815841582766,0.5990050767806272,0.43478260869565216,0.6304347826086957
CCOC(=O)c1c(C(=O)Nc2nnc(S(N)(=O)=O)s2)nn(-c2cccc(N)c2)c1-c1ccccc1,CHEMBL467098,CCOC(=O)c1c(C(=O)Nc2nnc(S(N)(=O)=O)s2)nn(-c2cccc(N)c2)c1-c1ccccc1,7.574999999999999,active,Active,0.87350833,0.0,0.0,0.0,0.0,0.0,0.24237129,0.0,0.0,0.0,0.0,0.0,0.0,0.0,0.0,0.0,0.0,0.0,0.0,0.49127662,0.0,0.0,1.8898028,0.0,0.007423142,1.9382915,0.0,0.0,0.0,0.0,0.0,0.0,0.40712076,0.0,0.0,1.4275049,0.0,0.0,0.0,0.0,0.27716002,1.0747815,0.0,0.0,1.7060103,0.8675223,0.0,0.0,1.4388281,0.0,1.4921657,0.0,0.0,0.0,0.0,0.0,0.0,1.7016141,0.0,0.0,0.0,0.0,0.0,0.0404824,1.0920813,0.0,1.963073,0.0,0.0,0.0,0.0,0.0,0.0,0.0,0.0,0.0,0.0,0.0,0.0,0.0,0.0,0.0,0.0,0.0,0.0,0.0,0.0,1.3693478,0.0,0.0,1.2209314,0.0,0.0,1.9756236,0.0,1.4124889,0.0,0.0,0.0,0.0,0.0,0.0,0.0,0.0,0.092443585,1.3890098,0.0,0.0,0.0,0.0,1.4364879,0.95302296,1.6355331,0.0,0.0,0.0,0.0,2.0684857,0.0,0.0,0.0,0.0,0.0,0.0,0.0,0.0,0.0,0.0,0.5828536488979588,0.3988061434543774,0.5652173913043478,0.3913043478260869
CCOC(=O)c1c(C(=O)Nc2nnc(S(N)(=O)=O)s2)nn(-c2cccc(N/N=C(/C(C)=O)C(=O)OC(C)(C)C)c2)c1-c1ccccc1,CHEMBL1276023,CCOC(=O)c1c(C(=O)Nc2nnc(S(N)(=O)=O)s2)nn(-c2cccc(N/N=C(/C(C)=O)C(=O)OC(C)(C)C)c2)c1-c1ccccc1,7.1,active,Active,0.98146665,0.0,0.0,0.0,0.0,0.0,0.66981614,0.0,0.0,0.0,0.0,0.0,0.0,0.0,0.0,0.0,0.0,0.0,0.0,0.82863265,0.0,0.0,1.825419,0.0,0.0,1.9883827,0.0,0.0,0.0,0.0,0.0,0.0,0.3585163,0.0,0.0,1.3716581,0.0,0.0,0.0,0.0,0.77284026,1.1028088,0.0,0.0,1.8560188,0.93433297,0.0,0.0,1.3761069,0.0,1.447145,0.0,0.0,0.0,0.0,0.0,0.0,1.6996735,0.0,0.0,0.0,0.0,0.0,0.0,1.199042,0.0,1.9854165,0.0,0.0,0.0,0.0,0.0,0.0,0.0,0.0,0.0,0.0,0.0,0.0,0.0,0.0,0.0,0.0,0.0,0.0,0.0,0.0,1.3621491,0.0,0.0,1.4591588,0.0,0.0,1.9153516,0.0,1.4693997,0.0,0.0,0.0,0.0,0.0,0.0,0.0,0.0,0.1233647,1.5612935,0.0,0.0,0.0,0.0,1.5065565,1.0491306,1.803552,0.0,0.0,0.0,0.0,2.0635483,0.0,0.0,0.0,0.0,0.0,0.0,0.0,0.0,0.0,0.0,0.5886814037544564,0.35326289595527866,0.6086956521739131,0.32608695652173914
CCOC(=O)c1c(C(=O)Nc2nnc(S(N)(=O)=O)s2)nn(-c2cccc(N/N=C(\C(C)=O)C(=O)c3ccccc3)c2)c1-c1ccccc1,CHEMBL1276018,CCOC(=O)c1c(C(=O)Nc2nnc(S(N)(=O)=O)s2)nn(-c2cccc(N/N=C(\C(C)=O)C(=O)c3ccccc3)c2)c1-c1ccccc1,6.355,medium,Medium,0.87016547,0.0,0.0,0.0,0.0,0.0,0.647538,0.0,0.0,0.0,0.0,0.0,0.0,0.0,0.0,0.0,0.0,0.0,0.0,0.77394843,0.0,0.0,1.8096473,0.0,0.20375946,1.968394,0.0,0.0,0.0,0.0,0.0,0.0,0.31791267,0.0,0.0,1.3678732,0.0,0.0,0.0,0.0,0.81512946,0.99210197,0.0,0.0,1.6873906,0.802801,0.0,0.0,1.3481373,0.0,1.3944054,0.0,0.0,0.0,0.0,0.0,0.0,1.6672747,0.0,0.0,0.0,0.0,0.0,0.0,1.0582616,0.0,1.8936622,0.0,0.0,0.0,0.0,0.0,0.0,0.0,0.0,0.0,0.0,0.0,0.0,0.0,0.0,0.0,0.0,0.0,0.0,0.0,0.0,1.2704374,0.0,0.0,1.307652,0.0,0.0,1.8610345,0.0,1.3685122,0.0,0.0,0.0,0.0,0.0,0.0,0.0,0.0,0.39470297,1.4820054,0.0,0.0,0.0,0.0,1.384637,1.0043656,1.6557618,0.0,0.0,0.0,0.0,2.0244157,0.0,0.0,0.0,0.0,0.0,0.0,0.0,0.0,0.0,0.0,0.5696855084520704,0.3407880059413626,0.5652173913043478,0.32608695652173914
CCOC(=O)c1c(C(=O)Nc2nnc(S(N)(=O)=O)s2)nn(-c2cccc(NN=C(C(=O)c3ccccc3)C(=O)c3ccccc3)c2)c1-c1ccccc1,CHEMBL1276019,CCOC(=O)c1c(C(=O)Nc2nnc(S(N)(=O)=O)s2)nn(-c2cccc(NN=C(C(=O)c3ccccc3)C(=O)c3ccccc3)c2)c1-c1ccccc1,6.52,medium,Medium,0.78500247,0.0,0.0,0.0,0.0,0.0,0.70595443,0.0,0.0,0.0,0.0,0.0,0.0,0.0,0.0,0.0,0.0,0.0,0.0,0.79136956,0.0,0.0,1.7497367,0.0,0.5105317,1.9548059,0.0,0.0,0.0,0.0,0.0,0.0,0.26548257,0.0,0.0,1.3264332,0.0,0.0,0.22320208,0.0,0.9217846,0.88463134,0.0,0.0,1.5562295,0.68651146,0.0,0.0,1.2933981,0.0,1.3160874,0.0,0.0,0.0,0.0,0.0,0.0,1.6056167,0.0,0.0,0.0,0.0,0.0,0.17033064,0.914419,0.0,1.7918476,0.0,0.2635269,0.0,0.0,0.0,0.0,0.04944951,0.0,0.0,0.0,0.0,0.0,0.0,0.0,0.0,0.0,0.0,0.0,0.0,0.0,1.192437,0.0,0.0,1.2019966,0.0,0.0,1.7478998,0.0,1.2710794,0.0,0.0,0.0,0.0,0.0,0.0,0.0,0.0,0.613533,1.4281559,0.0,0.0,0.0,0.0,1.2879903,0.9714012,1.5236499,0.0,0.0,0.0,0.0,1.9442728,0.0,0.0,0.0,0.0,0.0,0.0,0.0,0.0,0.0,0.0,0.5303685070298317,0.32175566491891083,0.5434782608695652,0.2826086956521739
CCOC(=O)c1c(C(=O)Nc2nnc(S(N)(=O)=O)s2)nn(-c2cccc(NN=C(C(C)=O)C(C)=O)c2)c1-c1ccccc1,CHEMBL1276017,CCOC(=O)c1c(C(=O)Nc2nnc(S(N)(=O)=O)s2)nn(-c2cccc(NN=C(C(C)=O)C(C)=O)c2)c1-c1ccccc1,6.515,medium,Medium,0.97488964,0.0,0.0,0.0,0.0,0.0,0.57517195,0.0,0.0,0.0,0.0,0.0,0.0,0.0,0.0,0.0,0.0,0.0,0.0,0.7526209,0.0,0.0,1.8836067,0.0,0.0,1.98526,0.0,0.0,0.0,0.0,0.0,0.0,0.38253683,0.0,0.0,1.4190471,0.0,0.0,0.0,0.0,0.68370986,1.1245563,0.0,0.0,1.8488505,0.9461018,0.0,0.0,1.415431,0.0,1.4910629,0.0,0.0,0.0,0.0,0.0,0.0,1.7431176,0.0,0.0,0.0,0.0,0.0,0.0,1.2356598,0.0,2.0192971,0.0,0.0,0.0,0.0,0.0,0.0,0.0,0.0,0.0,0.0,0.0,0.0,0.0,0.0,0.0,0.0,0.0,0.0,0.0,0.0,1.3663217,0.0,0.0,1.4375724,0.0,0.0,2.0005128,0.0,1.4887339,0.0,0.0,0.0,0.0,0.0,0.0,0.0,0.0,0.12524436,1.5483378,0.0,0.0,0.0,0.0,1.5037163,1.0448657,1.8184731,0.0,0.0,0.0,0.0,2.1235356,0.0,0.0,0.0,0.0,0.0,0.0,0.0,0.0,0.0,0.0,0.5880047309334436,0.35487816434419495,0.5869565217391304,0.34782608695652173
CCOC(=O)c1c(C(=O)Nc2nnc(S(N)(=O)=O)s2)nn(-c2cccc3c2cc(C)n3CC(C)=O)c1-c1ccccc1,CHEMBL1276024,CCOC(=O)c1c(C(=O)Nc2nnc(S(N)(=O)=O)s2)nn(-c2cccc3c2cc(C)n3CC(C)=O)c1-c1ccccc1,6.859999999999999,medium,Medium,0.98355234,0.0,0.0,0.0,0.0,0.0,0.54025096,0.0,0.0,0.0,0.0,0.0,0.0,0.0,0.0,0.0,0.0,0.0,0.0,0.78798276,0.0,0.0,2.0348964,0.0,0.1923461,2.1700091,0.0,0.0,0.0,0.0,0.0,0.0,0.44071448,0.0,0.0,1.5202334,0.0,0.0,0.0,0.0,0.548454,1.1873897,0.0,0.0,1.8071846,0.9268366,0.0,0.0,1.5594392,0.0,1.6483461,0.0,0.0,0.0,0.0,0.0,0.0,1.8232896,0.0,0.0,0.0,0.0,0.0,0.0,1.2118957,0.0,2.19246,0.0,0.0,0.0,0.0,0.0,0.0,0.0,0.0,0.0,0.0,0.0,0.0,0.0,0.0,0.0,0.0,0.0,0.0,0.0,0.0,1.4846452,0.0,0.0,1.3955662,0.0,0.0,2.174295,0.0,1.6200639,0.0,0.0,0.0,0.0,0.0,0.0,0.0,0.0,0.36342958,1.5484896,0.0,0.0,0.0,0.0,1.582359,1.0524648,1.8398976,0.0,0.0,0.0,0.0,2.345708,0.0,0.0,0.0,0.0,0.0,0.0,0.0,0.0,0.0,0.0,0.5927280002085105,0.36106481782432415,0.6304347826086957,0.32608695652173914
CCOC(=O)c1cccc(CSCc2ccc(S(N)(=O)=O)cc2)c1,CHEMBL4250387,CCOC(=O)c1cccc(CSCc2ccc(S(N)(=O)=O)cc2)c1,7.23,active,Active,0.0,0.0,0.0,0.0,0.45953003,0.0,0.0,0.0,0.0,0.0,0.0,0.0,0.0,0.0,0.0,0.0,0.0,0.0,0.0,0.0,0.0,0.0,0.12825817,0.0,0.0,0.0,0.0,0.0,0.0,0.0,1.1233501,0.0,0.0,0.96565133,0.0,0.0,0.57333165,0.41170478,0.0,0.0,0.0,0.0,0.49270386,0.0,1.0650944,0.48352945,0.0,0.0,0.0,0.0,0.0,0.0,0.1807652,0.0,0.0,0.0,0.0,0.115108654,0.0,0.0,0.0,0.0,0.20993692,0.92818785,0.0,0.0,0.0,0.0,0.0,0.0,0.0,0.0,0.0,0.0,0.0,0.0,0.0,0.0,0.0,0.0,0.0,1.013058,0.0,0.0,0.0,0.0,0.0,0.0,0.0,0.0,0.0,0.0,0.6234847,0.0,0.0,0.0,0.0,0.0,0.0,0.0,0.0,0.0,0.0,0.0,0.0,0.0,0.0,0.75575083,0.0,0.32049048,0.19788072,0.0,0.0,0.0,0.0,0.59559095,0.0,0.0,0.0,0.0,0.0,0.35759407,0.0,0.0,0.81921273,0.0,0.0,0.0,0.23564174379558084,0.8758922009790535,0.2391304347826087,0.8695652173913043
CCOC(C)(C)C(=O)Oc1ccc2nc(S(N)(=O)=O)sc2c1,CHEMBL84600,CCOC(C)(C)C(=O)Oc1ccc2nc(S(N)(=O)=O)sc2c1,8.92,active,Active,0.9847348,0.0,0.0,0.0,0.0,0.0,0.0,0.0,0.0,0.0,0.0,0.0,0.0,0.0,0.0,0.0,0.0,0.0,0.0,0.0,0.0,0.0,1.9353809,0.0,0.0,1.7757082,0.0,0.0,0.0,0.0,0.0,0.0,0.53194743,0.0,0.0,1.3408216,0.0,0.0,0.0,0.0,0.0,1.3013506,0.0,0.0,2.1286516,1.2861466,0.0,0.0,1.4817936,0.0,1.5870814,0.0,0.0,0.0,0.0,0.0,0.0,1.7111063,0.0,0.0,0.0,0.0,0.0,0.0,1.468672,0.0,2.188913,0.0,0.0,0.0,0.26271406,0.0,0.0,0.0,0.0,0.0,0.0,0.0,0.0,0.0,0.0,0.0,0.0,0.0,0.0,0.0,0.0,1.5095063,0.0,0.0,1.3581296,0.0,0.0,2.1855855,0.0,1.5853726,0.0,0.0,0.0,0.0,0.0,0.0,0.0,0.0,0.0,1.4167743,0.0,0.0,0.0,0.0,1.6841762,0.9494917,1.836275,0.0,0.0,0.0,0.0,2.1023815,0.0,0.0,0.0,0.0,0.0,0.0,0.0,0.0,0.0,0.0,0.7175379140359244,0.5759454097875244,0.6956521739130435,0.5869565217391304
CCOCCNCc1cc2cc(S(N)(=O)=O)oc2s1,CHEMBL103271,CCOCCNCc1cc2cc(S(N)(=O)=O)oc2s1,8.1,active,Active,1.2032251,0.0,0.0,0.0,0.0,0.0,0.0,0.0,0.0,0.0,0.0,0.0,0.0,0.0,0.0,0.0,0.0,0.0,0.0,0.0,0.0,0.0,2.1161785,0.0,0.0,1.8891803,0.0,0.0,0.0,0.0,0.0,0.0,0.75710416,0.0,0.0,1.4635849,0.0,0.0,0.0,0.0,0.0,1.5953873,0.0,0.0,2.1997247,1.5785176,0.0,0.0,1.7455031,0.0,1.9293507,0.0,0.0,0.0,0.2026976,0.0,0.0,1.8231125,0.0,0.0,0.0,0.0,0.0,0.0,1.7740642,0.0,2.528135,0.0,0.0,0.0,0.76134783,0.0,0.0,0.0,0.0,0.0,0.0,0.0,0.0,0.0,0.0,0.0,0.0,0.0,0.0,0.0,0.0,1.8428471,0.0,0.0,1.4081588,0.0,0.0,2.5375326,0.0,1.8874466,0.0,0.0,0.0,0.0,0.0,0.0,0.0,0.0,0.0,1.422585,0.0,0.0,0.0,0.0,1.9643333,1.0904737,2.0464265,0.0,0.0,0.0,0.0,2.4802015,0.0,0.06475509,0.0,0.0,0.0,0.0,0.0,0.0,0.0,0.0,0.8722656423355145,0.7144546326030488,0.8913043478260869,0.6956521739130435
CCOCCOCCOC(C)(C)C(=O)Oc1ccc2nc(S(N)(=O)=O)sc2c1,CHEMBL311810,CCOCCOCCOC(C)(C)C(=O)Oc1ccc2nc(S(N)(=O)=O)sc2c1,8.49,active,Active,0.9609641,0.0,0.0,0.0,0.0,0.0,0.0,0.0,0.0,0.0,0.0,0.0,0.0,0.0,0.0,0.0,0.0,0.0,0.0,0.04529532,0.0,0.0,1.7143996,0.0,0.0,1.7971631,0.0,0.0,0.0,0.0,0.0,0.0,0.38549283,0.0,0.0,1.3087803,0.0,0.0,0.0,0.0,0.0,1.0712695,0.0,0.0,1.8257704,1.1809689,0.0,0.0,1.2720592,0.0,1.2688816,0.0,0.0,0.0,0.0,0.0,0.0,1.5290796,0.0,0.0,0.0,0.0,0.0,0.0,1.1608381,0.0,1.9471142,0.0,0.0,0.0,0.0,0.0,0.0,0.0,0.0,0.0,0.0,0.0,0.0,0.0,0.0,0.0,0.0,0.0,0.0,0.0,0.0,1.2328827,0.0,0.0,1.1134999,0.0,0.0,1.854739,0.0,1.3419305,0.0,0.0,0.0,0.0,0.0,0.0,0.0,0.0,0.0,1.3697646,0.0,0.0,0.0,0.0,1.5297256,1.0281644,1.6607139,0.0,0.0,0.0,0.0,2.0487397,0.0,0.0,0.0,0.0,0.0,0.0,0.0,0.0,0.0,0.0,0.6030449008976516,0.5216756555731961,0.6086956521739131,0.5
CCOP(=O)(OCC)Oc1ccc([N+](=O)[O-])cc1,CHEMBL23838,CCOP(=O)(OCC)Oc1ccc([N+](=O)[O-])cc1,7.23,active,Active,0.0,0.0,0.0,0.0,0.13801342,0.0,0.0,0.0,0.0,0.0,0.0,0.0,0.0,0.0,0.0,0.0,0.0,0.0,0.0,0.0,0.0,0.0,0.0,0.0,0.0,0.0,0.0,0.0,0.0,0.0,0.6933687,0.0,0.0,0.55012155,0.0,0.0,0.27879605,0.32719508,0.0,0.0,0.0,0.0,0.14161584,0.0,1.06791,0.5961906,0.0,0.0,0.0,0.0,0.0,0.0,0.0,0.0,0.0,0.0,0.0,0.0,0.0,0.0,0.0,0.0,0.012767632,0.81325436,0.0,0.0,0.0,0.0,0.0,0.0,0.1395038,0.0,0.0,0.0,0.28556308,0.0,0.0,0.0,0.0,0.0,0.0,0.8578948,0.0,0.0,0.0,0.0,0.0,0.0,0.0,0.0,0.0,0.0,0.42612657,0.0,0.0,0.0,0.0,0.0,0.0,0.0,0.0,0.0,0.0,0.0,0.0,0.0,0.0,0.36278874,0.0,0.0,0.04906281,0.0,0.0,0.0,0.0,0.24010152,0.0,0.0,0.0,0.0,0.0,0.09699239,0.0,0.0,0.48662114,0.0,0.0,0.0,0.23932837792240452,0.8163799268230976,0.2391304347826087,0.7826086956521738
CCOP(=O)(OCC)Oc1ccc2nc(S(N)(=O)=O)sc2c1,CHEMBL310848,CCOP(=O)(OCC)Oc1ccc2nc(S(N)(=O)=O)sc2c1,8.74,active,Active,0.42895722,0.0,0.0,0.0,0.0,0.0,0.0,0.0,0.0,0.0,0.0,0.0,0.0,0.0,0.0,0.0,0.0,0.0,0.0,0.0,0.0,0.0,1.0371052,0.0,0.0,0.28082025,0.0,0.0,0.0,0.0,0.004710459,0.0,0.41563258,0.2011443,0.0,0.3660866,0.0,0.0,0.0,0.0,0.0,0.70452,0.0,0.0,2.1004572,1.5274413,0.0,0.0,0.69529593,0.0,0.5584504,0.0,0.0,0.0,0.006685637,0.0,0.0,0.8720965,0.0,0.0,0.0,0.0,0.0,0.0,1.0770038,0.0,1.1277263,0.0,0.0,0.0,1.1616082,0.0,0.0,0.0,0.36047876,0.0,0.0,0.0,0.0,0.0,0.0,0.43422508,0.0,0.0,0.0,0.0,0.0,0.8400171,0.0,0.0,0.2090382,0.0,0.0,1.3061965,0.0,0.55711854,0.0,0.0,0.0,0.0,0.0,0.0,0.0,0.0,0.0,0.44140136,0.0,0.0,0.0,0.0,1.1532282,0.34273237,0.7044911,0.0,0.0,0.0,0.0,0.763937,0.0,0.0,0.0,0.0,0.0,0.0,0.0,0.0,0.0,0.0,0.44893382821696076,0.7093483812607491,0.43478260869565216,0.717391304347826
CCO[C@@H]1O[C@H](CNC(=O)c2ccc(S(N)(=O)=O)cc2)[C@@H](O)[C@H](O)[C@@H]1O,CHEMBL5093541,CCO[C@@H]1O[C@H](CNC(=O)c2ccc(S(N)(=O)=O)cc2)[C@@H](O)[C@H](O)[C@@H]1O,7.05,active,Active,1.7321212,0.0,0.0,0.0,0.0,0.0,0.0,0.0,0.0,0.0,0.0,0.0,0.0,0.0,0.0,0.0,0.0,0.0,0.0,0.0,0.0,0.0,1.7453289,0.0,0.0,2.1680608,0.0,0.0,0.0,0.0,0.0,0.0,0.40333143,0.0,0.0,1.5760003,0.0,0.0,0.0,0.0,0.0,1.065104,0.0,0.0,2.1944757,1.9211906,0.0,0.0,1.2319773,0.0,0.902366,0.0,0.0,0.0,0.0,0.0,0.0,1.8126512,0.0,0.0,0.0,0.0,0.0,0.0,1.2220762,0.0,1.9440396,0.0,0.0,0.0,0.0,0.0,0.0,0.0,0.0,0.0,0.0,0.0,0.0,0.0,0.0,0.0,0.0,0.0,0.0,0.0,0.0,1.2839099,0.0,0.0,1.305305,0.0,0.0,1.5564167,0.0,1.0195404,0.0,0.0,0.0,0.0,0.0,0.0,0.0,0.0,0.0,1.8695078,0.0,0.0,0.0,0.0,1.986913,1.9062895,2.0446029,0.0,0.0,0.0,0.10813508,2.3609202,0.0,0.13223794,0.0,0.0,0.0,0.0,0.0,0.0,0.0,0.0,0.7811554156719567,0.12149748702160194,0.8043478260869565,0.08695652173913043
CCO[C@@H]1O[C@H](CNC(=O)c2ccc(S(N)(=O)=O)cc2)[C@@H](O)[C@H](O)[C@H]1N,CHEMBL5094014,CCO[C@@H]1O[C@H](CNC(=O)c2ccc(S(N)(=O)=O)cc2)[C@@H](O)[C@H](O)[C@H]1N,7.05,active,Active,1.6305201,0.0,0.0,0.0,0.0,0.0,0.0,0.0,0.0,0.0,0.0,0.0,0.0,0.0,0.0,0.0,0.0,0.0,0.0,0.0,0.0,0.0,1.6645085,0.0,0.0,2.0657306,0.0,0.0,0.0,0.0,0.0,0.0,0.38518497,0.0,0.0,1.4533122,0.0,0.0,0.0,0.0,0.0,1.0187666,0.0,0.0,2.161751,1.8478223,0.0,0.0,1.1916106,0.0,0.88822675,0.0,0.0,0.0,0.0,0.0,0.0,1.7237448,0.0,0.0,0.0,0.0,0.0,0.0,1.203064,0.0,1.8846471,0.0,0.0,0.0,0.0,0.0,0.0,0.0,0.0,0.0,0.0,0.0,0.0,0.0,0.0,0.0,0.0,0.0,0.0,0.0,0.0,1.2583909,0.0,0.0,1.3053405,0.0,0.0,1.5049907,0.0,0.99944574,0.0,0.0,0.0,0.0,0.0,0.0,0.0,0.0,0.0,1.8199735,0.0,0.0,0.0,0.0,1.9156628,1.8104043,1.9660755,0.0,0.0,0.0,0.08368717,2.2265038,0.0,0.11953423,0.0,0.0,0.0,0.0,0.0,0.0,0.0,0.0,0.813291161621676,0.14675800028617883,0.7826086956521738,0.17391304347826086
CCO[C@@H]1O[C@H](CNC(=O)c2ccc(S(N)(=O)=O)cc2)[C@@H](O)[C@H](O)[C@H]1O,CHEMBL5089923,CCO[C@@H]1O[C@H](CNC(=O)c2ccc(S(N)(=O)=O)cc2)[C@@H](O)[C@H](O)[C@H]1O,7.1,active,Active,1.7321212,0.0,0.0,0.0,0.0,0.0,0.0,0.0,0.0,0.0,0.0,0.0,0.0,0.0,0.0,0.0,0.0,0.0,0.0,0.0,0.0,0.0,1.7453289,0.0,0.0,2.1680608,0.0,0.0,0.0,0.0,0.0,0.0,0.40333143,0.0,0.0,1.5760003,0.0,0.0,0.0,0.0,0.0,1.065104,0.0,0.0,2.1944757,1.9211906,0.0,0.0,1.2319773,0.0,0.902366,0.0,0.0,0.0,0.0,0.0,0.0,1.8126512,0.0,0.0,0.0,0.0,0.0,0.0,1.2220762,0.0,1.9440396,0.0,0.0,0.0,0.0,0.0,0.0,0.0,0.0,0.0,0.0,0.0,0.0,0.0,0.0,0.0,0.0,0.0,0.0,0.0,0.0,1.2839099,0.0,0.0,1.305305,0.0,0.0,1.5564167,0.0,1.0195404,0.0,0.0,0.0,0.0,0.0,0.0,0.0,0.0,0.0,1.8695078,0.0,0.0,0.0,0.0,1.986913,1.9062895,2.0446029,0.0,0.0,0.0,0.10813508,2.3609202,0.0,0.13223794,0.0,0.0,0.0,0.0,0.0,0.0,0.0,0.0,0.7823633111744,0.12358086490789413,0.8043478260869565,0.10869565217391304
CCO[C@@H]1O[C@H](CNC(=O)c2ccc(S(N)(=O)=O)cc2)[C@H](O)[C@H](O)[C@H]1O,CHEMBL5083451,CCO[C@@H]1O[C@H](CNC(=O)c2ccc(S(N)(=O)=O)cc2)[C@H](O)[C@H](O)[C@H]1O,6.82,medium,Medium,1.7321212,0.0,0.0,0.0,0.0,0.0,0.0,0.0,0.0,0.0,0.0,0.0,0.0,0.0,0.0,0.0,0.0,0.0,0.0,0.0,0.0,0.0,1.7453289,0.0,0.0,2.1680608,0.0,0.0,0.0,0.0,0.0,0.0,0.40333143,0.0,0.0,1.5760003,0.0,0.0,0.0,0.0,0.0,1.065104,0.0,0.0,2.1944757,1.9211906,0.0,0.0,1.2319773,0.0,0.902366,0.0,0.0,0.0,0.0,0.0,0.0,1.8126512,0.0,0.0,0.0,0.0,0.0,0.0,1.2220762,0.0,1.9440396,0.0,0.0,0.0,0.0,0.0,0.0,0.0,0.0,0.0,0.0,0.0,0.0,0.0,0.0,0.0,0.0,0.0,0.0,0.0,0.0,1.2839099,0.0,0.0,1.305305,0.0,0.0,1.5564167,0.0,1.0195404,0.0,0.0,0.0,0.0,0.0,0.0,0.0,0.0,0.0,1.8695078,0.0,0.0,0.0,0.0,1.986913,1.9062895,2.0446029,0.0,0.0,0.0,0.10813508,2.3609202,0.0,0.13223794,0.0,0.0,0.0,0.0,0.0,0.0,0.0,0.0,0.7825631994522374,0.12390936260344206,0.7826086956521738,0.15217391304347827
CCO[C@@H]1O[C@H](CO)[C@@H](O)[C@H](O)[C@H]1NC(=O)c1ccc(S(N)(=O)=O)cc1,CHEMBL5082154,CCO[C@@H]1O[C@H](CO)[C@@H](O)[C@H](O)[C@H]1NC(=O)c1ccc(S(N)(=O)=O)cc1,7.46,active,Active,1.7805276,0.0,0.0,0.0,0.0,0.0,0.0,0.0,0.0,0.0,0.0,0.0,0.0,0.0,0.0,0.0,0.0,0.0,0.0,0.0,0.0,0.0,1.7601069,0.0,0.0,2.2188003,0.0,0.0,0.0,0.12246719,0.0,0.0,0.40497676,0.0,0.0,1.6318021,0.0,0.0,0.0,0.0,0.0,1.0362974,0.0,0.0,2.1705341,1.9604576,0.0,0.0,1.2192161,0.0,0.8562785,0.0,0.0,0.0,0.01579187,0.0,0.0,1.8258858,0.0,0.0,0.0,0.0,0.0,0.0,1.1807463,0.0,1.9390516,0.0,0.0,0.0,0.0,0.0,0.0,0.0,0.0,0.0,0.0,0.0,0.0,0.0,0.0,0.0,0.0,0.0,0.0,0.0,0.0,1.2505616,0.0,0.0,1.2440975,0.0,0.0,1.5402012,0.0,0.9946457,0.0,0.0,0.0,0.0,0.0,0.0,0.0,0.0,0.0,1.8735627,0.0,0.0,0.0,0.0,2.0002525,1.9577097,2.0502596,0.0,0.0,0.0,0.11840885,2.4335353,0.0,0.14102903,0.0,0.0,0.0,0.0,0.0,0.0,0.0,0.0,0.7774675417531645,0.12016093964550763,0.7826086956521738,0.10869565217391304
CCOc1ccc2nc(S(N)(=O)=O)sc2c1,CHEMBL18,CCOc1ccc2nc(S(N)(=O)=O)sc2c1,8.52,active,Active,1.0292848,0.0,0.0,0.0,0.0,0.0,0.0,0.0,0.0,0.0,0.0,0.0,0.0,0.0,0.0,0.0,0.0,0.0,0.0,0.0,0.0,0.0,2.2457805,0.0,0.0,1.9244592,0.0,0.0,0.0,0.0,0.0,0.0,0.71738094,0.0,0.0,1.4946871,0.0,0.0,0.0,0.0,0.0,1.5066996,0.0,0.0,2.224634,1.4292436,0.0,0.0,1.8096744,0.0,1.936594,0.0,0.0,0.0,0.12065371,0.0,0.0,1.9163866,0.0,0.0,0.0,0.0,0.0,0.0,1.5941023,0.0,2.5255368,0.0,0.0,0.0,0.4082177,0.0,0.0,0.0,0.0,0.0,0.0,0.0,0.0,0.0,0.0,0.0,0.0,0.0,0.0,0.0,0.0,1.8947462,0.0,0.0,1.2984837,0.0,0.0,2.5662265,0.0,1.757662,0.0,0.0,0.0,0.0,0.0,0.0,0.0,0.0,0.0,1.4048277,0.0,0.0,0.0,0.0,1.887978,1.0236933,1.854225,0.0,0.0,0.0,0.0,2.358866,0.0,0.0,0.0,0.0,0.0,0.0,0.0,0.0,0.0,0.0,0.8105242277187898,0.6436140850746352,0.8260869565217391,0.6304347826086957
CCOc1cccc(F)c1C#Cc1cn([C@@H]2O[C@H](CNS(N)(=O)=O)[C@@H](O)[C@H]2O)c2ncnc(N)c12,CHEMBL5175806,CCOc1cccc(F)c1C#Cc1cn([C@@H]2O[C@H](CNS(N)(=O)=O)[C@@H](O)[C@H]2O)c2ncnc(N)c12,6.14,medium,Medium,1.0403925,0.0,0.0,0.0,0.0,0.0,0.0,0.0,0.0,0.0,0.0,0.0,0.0,0.0,0.0,0.0,0.0,0.0,0.0,0.0,0.0,0.0,1.4922322,0.0,0.0,1.7849048,0.0,0.0,0.0,0.0,0.0,0.0,0.26781085,0.0,0.0,1.0487074,0.0,0.0,0.0,0.0,0.0,0.643215,0.034643337,0.0,1.6349477,1.1979042,0.0,0.0,1.0139415,0.0,0.73116714,0.0,0.0,0.0,0.0,0.0,0.0,1.3845032,0.0,0.0,0.0,0.0,0.0,0.0,0.75092936,0.0,1.6355256,0.0,0.0,0.0,0.0,0.0,0.0,0.0,0.0,0.0,0.0,0.0,0.0,0.0,0.0,0.23046,0.0,0.0,0.0,0.0,0.0,0.9325877,0.0,0.0,0.7181695,0.0,0.0,1.3823708,0.0,0.88047963,0.0,0.0,0.0,0.0,0.0,0.0,0.0,0.0,0.0,1.239181,0.0,0.0,0.0,0.0,1.4545418,1.1813521,1.3800542,0.0,0.0,0.027191726,0.0,2.0386133,0.0,0.0,0.0,0.0,0.0,0.0,0.0,0.0,0.0,0.0,0.49179243628279373,0.4973376628548901,0.45652173913043476,0.45652173913043476
CCS(=O)(=O)Oc1ccc(-c2ccc3occc3c2)cc1,CHEMBL4561046,CCS(=O)(=O)Oc1ccc(-c2ccc3occc3c2)cc1,5.8,inactive,Inactive,0.33442214,0.0,0.0,0.0,0.8452347,0.0,0.0,0.0,0.0,0.0,0.0,0.0,0.0,0.0,0.0,0.0,0.0,0.0,0.0,0.0,0.0,0.0,1.5704181,0.0,0.5781376,1.6002904,0.0,0.0,0.0,0.0,1.1158671,0.0,0.16356896,1.1116478,0.0,0.9538216,0.83185136,0.1038544,0.512442,0.0,0.1423102,0.54113173,0.83894277,0.0,1.2151297,0.38601717,0.0,0.0,1.1089925,0.23967871,1.0129699,0.0,0.78300834,0.0,0.0,0.0,0.0,1.3111339,0.0,0.0,0.0,0.0,0.59383,1.0668766,0.39140075,0.0,1.5041325,0.0,0.32948026,0.0,0.0,0.0,0.0,0.33112288,0.0,0.0,0.0,0.0,0.0,0.0,0.0,0.17178607,0.0,0.0,0.0,0.0,0.0,0.9856407,0.32747826,0.0,0.6023826,0.0,0.43395028,1.4105011,0.0,0.8994607,0.0,0.0,0.0,0.0,0.0,0.0,0.0,0.0,0.27637225,0.9648675,0.0,0.7458014,0.0,0.5933992,1.0388256,0.5749891,0.8879854,0.0,0.0,1.1822206,0.0,1.5946287,0.0,0.0,0.0,0.674588,0.0,0.0,0.67369723,0.0,0.0,0.0,0.43653669749005525,0.24950661472646188,0.41304347826086957,0.2608695652173913
CCS(=O)(=O)Oc1ccc(-c2ccc3sccc3c2)cc1,CHEMBL4576825,CCS(=O)(=O)Oc1ccc(-c2ccc3sccc3c2)cc1,5.89,inactive,Inactive,0.36022654,0.0,0.0,0.0,0.8220925,0.0,0.0,0.0,0.0,0.0,0.0,0.0,0.0,0.0,0.0,0.0,0.0,0.0,0.0,0.0,0.0,0.0,1.5910443,0.0,0.51683515,1.5964911,0.0,0.0,0.0,0.0,0.98873734,0.0,0.20081586,1.0783948,0.0,0.94224596,0.7819422,0.00093239546,0.45846042,0.0,0.07135533,0.59033364,0.77514946,0.0,1.22184,0.41305923,0.0,0.0,1.1428196,0.1444929,1.0588857,0.0,0.7003507,0.0,0.0,0.0,0.0,1.3158159,0.0,0.0,0.0,0.0,0.6024679,0.93534356,0.46265173,0.0,1.5722175,0.0,0.27174312,0.0,0.0,0.0,0.0,0.28542972,0.0,0.0,0.0,0.0,0.0,0.0,0.0,0.14949688,0.0,0.0,0.0,0.0,0.0,1.0230498,0.29713225,0.0,0.60033005,0.0,0.35268334,1.4708921,0.0,0.9635357,0.0,0.0,0.0,0.0,0.0,0.0,0.0,0.0,0.24597023,0.93967605,0.0,0.657663,0.0,0.53955674,1.0698779,0.57227015,0.9294493,0.0,0.0,1.1322987,0.0,1.6598825,0.0,0.0,0.0,0.5999185,0.0,0.0,0.58067244,0.0,0.0,0.0,0.4418332014880321,0.2556466854633773,0.43478260869565216,0.2608695652173913
CCc1cc2c(cc1OS(N)(=O)=O)CC[C@@H]1[C@@H]2CC[C@]2(C)[C@@H](OS(N)(=O)=O)CC[C@@H]12,CHEMBL425287,CCc1cc2c(cc1OS(N)(=O)=O)CC[C@@H]1[C@@H]2CC[C@]2(C)[C@@H](OS(N)(=O)=O)CC[C@@H]12,6.54,medium,Medium,0.4163498,0.0,0.0,0.7194607,0.0,0.0,0.0,0.0,0.0,0.0,0.0,0.0,0.0,0.0,0.0,0.0,0.0,0.0,0.0,0.0,0.0,0.0,0.45093346,0.0,0.0,0.0,0.0,0.0,0.0,0.0,0.0,0.0,0.1405534,0.0,0.0,0.0,0.0,0.0,0.0,0.0,0.0,0.4683222,0.0,0.0,2.14947,1.6322756,0.0,0.0,0.23078895,0.0,0.0,0.0,0.0,0.0,0.0,0.0,0.0,0.5479902,0.0,0.0,0.0,0.0,0.0,1.1315176,0.5804453,0.0,0.79685956,0.0,0.0,0.0,0.9927527,0.0,0.0,0.0,1.2167908,0.0,0.0,0.0,0.0,0.0,0.0,0.0,0.0,0.0,0.0,0.0,0.0,0.59329176,0.0,0.0,0.2511739,0.0,0.0,0.15477975,0.0,0.0,0.0,0.0,0.0,0.0,0.0,0.0,0.0,0.0,0.0,0.13054949,0.0,0.0,0.0,0.0,1.4261233,0.57769406,0.57273734,0.0,0.0,0.0,0.0,0.0,0.0,0.0,0.0,0.0,0.0,0.0,0.0,0.0,0.0,0.0,0.24176428032541722,0.6196999611693562,0.21739130434782608,0.6086956521739131
CCc1ccc(CCOc2ccc(CC3SC(=O)NC3=O)cc2)nc1,CHEMBL595,CCc1ccc(CCOc2ccc(CC3SC(=O)NC3=O)cc2)nc1,6.94,medium,Medium,0.0,0.0,0.0,0.0,0.39309436,0.0,0.0,0.0,0.0,0.0,0.0,0.0,0.0,0.0,0.0,0.0,0.0,0.0,0.0,0.0,0.0,0.0,0.32691807,0.0,0.0,0.5262065,0.0,0.0,0.0,0.18122746,0.65558547,0.0,0.0,0.65673345,0.0,0.15703256,0.35260803,0.14663993,0.0,0.0,0.0,0.0,0.5281436,0.0,0.6770631,0.09820694,0.0,0.0,0.0,0.0,0.0,0.0,0.2788645,0.0,0.0,0.0,0.0,0.26787528,0.0,0.0,0.0,0.0,0.48165548,0.8559155,0.0,0.0,0.09349111,0.0,0.0,0.0,0.0,0.0,0.0,0.0,0.0,0.0,0.0,0.0,0.0,0.0,0.0,0.4012609,0.0,0.0,0.0,0.0,0.0,0.0,0.23261544,0.0,0.0,0.0,0.32444385,0.028057113,0.0,0.028023474,0.0,0.0,0.0,0.0,0.0,0.0,0.0,0.0,0.0,0.30333775,0.0,0.27247322,0.0,0.40698442,0.22823176,0.0,0.118962735,0.0,0.0,1.0377579,0.0,0.43712515,0.0,0.0,0.0,0.2535208,0.0,0.0,0.44912598,0.0,0.0,0.0,0.24389044606447058,0.867607025836938,0.2608695652173913,0.8478260869565217
CN(C)C(=O)NC1CCc2cc(O)ccc2C1,CHEMBL3785391,CN(C)C(=O)NC1CCc2cc(O)ccc2C1,7.28,active,Active,1.0307734,0.0,0.0,0.23064268,0.0,0.0,2.354041,0.0,0.0,0.0,0.0,0.0,0.0,0.0,0.0,0.0,0.0,0.0,0.0,1.7785004,0.0,0.0,1.4983612,0.0,0.0,1.994574,0.0,0.0,0.0,0.0,0.0,0.0,0.16348132,0.0,0.0,1.0087414,0.0,0.0,0.0,0.0,2.3952405,0.88014805,0.0,0.0,1.7762021,0.829185,0.0,0.0,1.1415302,0.0,0.8962998,0.0,0.0,0.0,0.0,0.0,0.0,1.5143296,0.0,0.0,0.0,0.0,0.0,0.3717267,0.78598696,0.0,1.7783362,0.0,0.0,0.0,0.0,0.0,0.0,0.0,0.0,0.0,0.0,0.0,0.0,0.0,0.0,0.0,0.0,0.0,0.0,0.0,0.0,1.1510172,0.0,0.0,1.5913634,0.0,0.0,1.2380725,0.0,1.0507742,0.0,0.0,0.0,0.0,0.0,0.0,0.0,0.0,0.0,1.5111877,0.0,0.0,0.0,0.0,1.6485007,1.1895262,1.7855221,0.0,0.0,0.0,0.0,1.83495,0.0,0.0,0.0,0.0,0.0,0.0,0.0,0.0,0.0,0.0,0.5892387184214067,0.3012273782149465,0.5869565217391304,0.2826086956521739
CN(C)C(=O)N[C@H]1CCc2c(O)cccc2C1,CHEMBL3786937,CN(C)C(=O)N[C@H]1CCc2c(O)cccc2C1,7.13,active,Active,0.96256065,0.0,0.0,0.6725983,0.0,0.0,2.2398214,0.0,0.0,0.0,0.0,0.0,0.0,0.0,0.0,0.0,0.0,0.0,0.0,1.6982412,0.0,0.0,1.3754257,0.0,0.0,1.8682079,0.0,0.0,0.0,0.0,0.0,0.0,0.11195591,0.0,0.0,0.9462661,0.0,0.0,0.0,0.0,2.3441772,0.7932004,0.0,0.0,1.7112578,0.7921043,0.0,0.0,1.0280722,0.0,0.7635583,0.0,0.0,0.0,0.0,0.0,0.0,1.4162872,0.0,0.0,0.0,0.0,0.0,0.45151016,0.70601755,0.0,1.6106982,0.0,0.0,0.0,0.0,0.0,0.0,0.0,0.0,0.0,0.0,0.0,0.0,0.0,0.0,0.0,0.0,0.0,0.0,0.0,0.0,1.0211827,0.0,0.0,1.5077463,0.0,0.0,1.0618175,0.0,0.9205162,0.0,0.0,0.0,0.0,0.0,0.0,0.0,0.0,0.0,1.4433986,0.0,0.0,0.0,0.0,1.5377666,1.1384529,1.661636,0.0,0.0,0.0,0.0,1.6494912,0.0,0.0,0.0,0.0,0.0,0.0,0.0,0.0,0.0,0.0,0.5901275365544913,0.3013167779476131,0.6086956521739131,0.2826086956521739
CN(C)C(=O)N[C@H]1CCc2ccc(O)cc2C1,CHEMBL3785207,CN(C)C(=O)N[C@H]1CCc2ccc(O)cc2C1,7.22,active,Active,1.0321429,0.0,0.0,0.21733578,0.0,0.0,2.358453,0.0,0.0,0.0,0.0,0.0,0.0,0.0,0.0,0.0,0.0,0.0,0.0,1.7801639,0.0,0.0,1.5017573,0.0,0.0,1.9989139,0.0,0.0,0.0,0.0,0.0,0.0,0.16407393,0.0,0.0,1.0113544,0.0,0.0,0.0,0.0,2.3992193,0.88184464,0.0,0.0,1.7775683,0.8290656,0.0,0.0,1.1446606,0.0,0.89900625,0.0,0.0,0.0,0.0,0.0,0.0,1.5175766,0.0,0.0,0.0,0.0,0.0,0.37314236,0.7861877,0.0,1.7815619,0.0,0.0,0.0,0.0,0.0,0.0,0.0,0.0,0.0,0.0,0.0,0.0,0.0,0.0,0.0,0.0,0.0,0.0,0.0,0.0,1.1539595,0.0,0.0,1.5941738,0.0,0.0,1.2412701,0.0,1.0529658,0.0,0.0,0.0,0.0,0.0,0.0,0.0,0.0,0.0,1.5140008,0.0,0.0,0.0,0.0,1.6511843,1.190799,1.7876397,0.0,0.0,0.0,0.0,1.8388995,0.0,0.0,0.0,0.0,0.0,0.0,0.0,0.0,0.0,0.0,0.5888173582146432,0.3007804903090773,0.5652173913043478,0.2826086956521739
CN(C)C(=O)Oc1ccc2nc(S(N)(=O)=O)sc2c1,CHEMBL311904,CN(C)C(=O)Oc1ccc2nc(S(N)(=O)=O)sc2c1,8.8,active,Active,0.98189676,0.0,0.0,0.0,0.0,0.0,0.0,0.0,0.0,0.0,0.0,0.0,0.0,0.0,0.0,0.0,0.0,0.0,0.0,0.0,0.0,0.0,2.063433,0.0,0.0,1.766572,0.0,0.0,0.0,0.0,0.0,0.0,0.581039,0.0,0.0,1.3932806,0.0,0.0,0.0,0.0,0.0,1.3601165,0.0,0.0,2.161008,1.3238642,0.0,0.0,1.5787159,0.0,1.6902232,0.0,0.0,0.0,0.046795033,0.0,0.0,1.7931069,0.0,0.0,0.0,0.0,0.0,0.0,1.5405853,0.0,2.2945907,0.0,0.0,0.0,0.3284529,0.0,0.0,0.0,0.0,0.0,0.0,0.0,0.0,0.0,0.0,0.0,0.0,0.0,0.0,0.0,0.0,1.6066846,0.0,0.0,1.296127,0.0,0.0,2.320617,0.0,1.6180239,0.0,0.0,0.0,0.0,0.0,0.0,0.0,0.0,0.0,1.3730961,0.0,0.0,0.0,0.0,1.7319653,0.9671553,1.8336916,0.0,0.0,0.0,0.0,2.180452,0.0,0.0,0.0,0.0,0.0,0.0,0.0,0.0,0.0,0.0,0.7451451225809087,0.5955313166128267,0.7608695652173912,0.6086956521739131
CN(C)C(=O)Oc1ccc2sc(S(N)(=O)=O)cc2c1,CHEMBL83298,CN(C)C(=O)Oc1ccc2sc(S(N)(=O)=O)cc2c1,8.3,active,Active,1.0135033,0.0,0.0,0.0,0.0,0.0,0.0,0.0,0.0,0.0,0.0,0.0,0.0,0.0,0.0,0.0,0.0,0.0,0.0,0.0,0.0,0.0,2.1073225,0.0,0.0,1.8406217,0.0,0.0,0.0,0.0,0.0,0.0,0.58157575,0.0,0.0,1.4392148,0.0,0.0,0.0,0.0,0.0,1.3885554,0.0,0.0,2.1919448,1.3228197,0.0,0.0,1.6067218,0.0,1.7353082,0.0,0.0,0.0,0.03403441,0.0,0.0,1.8430161,0.0,0.0,0.0,0.0,0.0,0.0,1.5438069,0.0,2.3340247,0.0,0.0,0.0,0.27749476,0.0,0.0,0.0,0.0,0.0,0.0,0.0,0.0,0.0,0.0,0.0,0.0,0.0,0.0,0.0,0.0,1.6525998,0.0,0.0,1.3679978,0.0,0.0,2.356595,0.0,1.6540647,0.0,0.0,0.0,0.0,0.0,0.0,0.0,0.0,0.0,1.4428862,0.0,0.0,0.0,0.0,1.7656082,1.005506,1.883303,0.0,0.0,0.0,0.0,2.2200727,0.0,0.0,0.0,0.0,0.0,0.0,0.0,0.0,0.0,0.0,0.740820221007007,0.5933559661902874,0.7608695652173912,0.5869565217391304
CN(C)CCCN1CCN(C(=S)SCC(=O)Nc2ccc(S(N)(=O)=O)cc2)CC1,CHEMBL4792992,CN(C)CCCN1CCN(C(=S)SCC(=O)Nc2ccc(S(N)(=O)=O)cc2)CC1,7.62,active,Active,0.28251007,0.0,0.0,0.47923476,0.0,0.0,0.0,0.0,0.0,0.0,0.0,0.0,0.0,0.0,0.0,0.0,0.0,0.0,0.0,0.0,0.0,0.0,0.37200797,0.0,0.0,0.13611847,0.0,0.0,0.0,0.0,0.0,0.0,0.029521588,0.0,0.0,0.0,0.0,0.0,0.0,0.0,0.0,0.20331135,0.0,0.0,1.5762211,1.0820742,0.0,0.0,0.13564795,0.0,0.0,0.0,0.0,0.0,0.0,0.0,0.0,0.43347728,0.0,0.0,0.0,0.0,0.0,0.69695085,0.411371,0.0,0.49262622,0.0,0.0,0.0,0.36919397,0.0,0.0,0.0,0.3518007,0.0,0.0,0.0,0.0,0.0,0.0,0.0,0.0,0.0,0.0,0.0,0.0,0.30176413,0.0,0.0,0.24960095,0.0,0.0,0.2065594,0.0,0.0,0.0,0.0,0.0,0.0,0.0,0.0,0.0,0.0,0.0,0.34713125,0.0,0.0,0.0,0.0,0.8775913,0.38702145,0.41921905,0.0,0.0,0.0,0.0,0.11565822,0.0,0.0,0.0,0.0,0.0,0.0,0.0,0.0,0.0,0.0,0.24999714706961784,0.6601386925264177,0.19565217391304346,0.6521739130434783
CN(C)CCN1CCN(C(=S)SCC(=O)Nc2ccc(S(N)(=O)=O)cc2)CC1,CHEMBL4786423,CN(C)CCN1CCN(C(=S)SCC(=O)Nc2ccc(S(N)(=O)=O)cc2)CC1,7.48,active,Active,0.25035682,0.0,0.0,0.1900816,0.0,0.0,0.0,0.0,0.0,0.0,0.0,0.0,0.0,0.0,0.0,0.0,0.0,0.0,0.0,0.0,0.0,0.0,0.32611045,0.0,0.0,0.08952448,0.0,0.0,0.0,0.0,0.0,0.0,0.015915561,0.0,0.0,0.0,0.0,0.0,0.0,0.0,0.0,0.13794294,0.0,0.0,1.4958435,1.0888007,0.0,0.0,0.107564755,0.0,0.0,0.0,0.0,0.0,0.0,0.0,0.0,0.37294367,0.0,0.0,0.0,0.0,0.0,0.662298,0.3592401,0.0,0.44115603,0.0,0.0,0.0,0.3486888,0.0,0.0,0.0,0.32540706,0.0,0.0,0.0,0.0,0.0,0.0,0.0,0.0,0.0,0.0,0.0,0.0,0.26584554,0.0,0.0,0.14269057,0.0,0.0,0.13978209,0.0,0.0,0.0,0.0,0.0,0.0,0.0,0.0,0.0,0.0,0.0,0.30046472,0.0,0.0,0.0,0.0,0.8359374,0.41230965,0.31943724,0.0,0.0,0.0,0.0,0.07352544,0.0,0.0,0.0,0.0,0.0,0.0,0.0,0.0,0.0,0.0,0.2511831172737538,0.6718371173420778,0.19565217391304346,0.6739130434782609
CN(C)CCNC(=O)c1cc(S(N)(=O)=O)cnc1Sc1ccccc1,CHEMBL1098816,CN(C)CCNC(=O)c1cc(S(N)(=O)=O)cnc1Sc1ccccc1,5.57,inactive,Inactive,0.8592503,0.0,0.0,0.0,0.0,0.0,0.0,0.0,0.0,0.0,0.0,0.0,0.0,0.0,0.0,0.0,0.0,0.0,0.0,0.0,0.0,0.0,1.6062233,0.0,0.0,1.4946325,0.0,0.0,0.0,0.0,0.0,0.0,0.40557146,0.0,0.0,1.1472508,0.0,0.0,0.0,0.0,0.0,1.0869939,0.0,0.0,2.0013585,1.2086753,0.0,0.0,1.1946867,0.0,1.2963481,0.0,0.0,0.0,0.0,0.0,0.0,1.4692386,0.0,0.0,0.0,0.0,0.0,0.0,1.2672455,0.0,1.775588,0.0,0.0,0.0,0.26763606,0.0,0.0,0.0,0.0,0.0,0.0,0.0,0.0,0.0,0.0,0.0,0.0,0.0,0.0,0.0,0.0,1.2714543,0.0,0.0,1.1704146,0.0,0.0,1.8112404,0.0,1.2818173,0.0,0.0,0.0,0.0,0.0,0.0,0.0,0.0,0.0,1.2513931,0.0,0.0,0.0,0.0,1.4497089,0.8648558,1.5492393,0.0,0.0,0.0,0.0,1.6431642,0.0,0.0,0.0,0.0,0.0,0.0,0.0,0.0,0.0,0.0,0.5931188728036839,0.5576389731812155,0.5869565217391304,0.5434782608695652
CN(C)CCNC(=O)c1cc2cc(S(N)(=O)=O)sc2s1.Cl,CHEMBL555889,CN(C)CCNC(=O)c1cc2cc(S(N)(=O)=O)sc2s1.Cl,8.06,active,Active,1.6637882,0.0,0.0,0.0,0.0,0.0,0.0,0.0,0.0,0.0,0.0,0.0,0.0,0.0,0.0,0.0,0.0,0.0,0.0,0.38678864,0.0,0.0,2.676559,0.0,0.0,2.4127073,0.0,0.0,0.0,0.0,0.0,0.0,0.985008,0.0,0.0,2.137379,0.0,0.0,0.0,0.0,0.0,2.1797583,0.0,0.0,2.9682474,1.9007139,0.0,0.0,2.2014217,0.0,2.5889106,0.0,0.0,0.0,0.20044613,0.0,0.0,2.41507,0.0,0.0,0.0,0.0,0.0,0.0,2.4156425,0.0,3.098938,0.0,0.0,0.0,1.2266027,0.0,0.0,0.0,0.0,0.0,0.0,0.0,0.0,0.0,0.0,0.0,0.0,0.0,0.0,0.0,0.0,2.3334937,0.0,0.0,2.2763402,0.0,0.0,3.3207726,0.0,2.526689,0.0,0.0,0.0,0.0,0.0,0.0,0.0,0.0,0.0,1.997573,0.0,0.0,0.0,0.0,2.4374862,1.3587195,2.8793163,0.0,0.0,0.0,0.0,2.9801176,0.0,0.23052001,0.0,0.0,0.0,0.0,0.0,0.0,0.0,0.0,0.982374779250109,0.844771199677681,0.9782608695652174,0.8043478260869565
CN(C)CCSCc1ccc2sc(S(N)(=O)=O)cc2c1,CHEMBL83629,CN(C)CCSCc1ccc2sc(S(N)(=O)=O)cc2c1,7.82,active,Active,0.5152291,0.0,0.0,0.0,0.0,0.0,0.0,0.0,0.0,0.0,0.0,0.0,0.0,0.0,0.0,0.0,0.0,0.0,0.0,0.0,0.0,0.0,1.3010455,0.0,0.0,0.99461514,0.0,0.0,0.0,0.0,0.0,0.0,0.30693996,0.07513257,0.0,0.82675916,0.0,0.0,0.0,0.0,0.0,0.7427254,0.0,0.0,1.7653749,1.0229253,0.0,0.0,0.85877836,0.0,0.86571306,0.0,0.0,0.0,0.0,0.0,0.0,1.0999272,0.0,0.0,0.0,0.0,0.0,0.0,0.9094088,0.0,1.3451132,0.0,0.0,0.0,0.32895392,0.0,0.0,0.0,0.0,0.0,0.0,0.0,0.0,0.0,0.0,0.0,0.0,0.0,0.0,0.0,0.0,0.823471,0.0,0.0,0.63238174,0.0,0.0,1.423782,0.0,0.9223397,0.0,0.0,0.0,0.0,0.0,0.0,0.0,0.0,0.0,0.75286883,0.0,0.0,0.0,0.0,1.1636724,0.42403308,1.0531902,0.0,0.0,0.0,0.0,1.3034536,0.0,0.0,0.0,0.0,0.0,0.0,0.0,0.0,0.0,0.0,0.447155825648619,0.6116345657540895,0.4782608695652174,0.6086956521739131
CN(C)Cc1cc(C(=O)c2csc(S(N)(=O)=O)c2)ccc1O.Cl,CHEMBL541089,CN(C)Cc1cc(C(=O)c2csc(S(N)(=O)=O)c2)ccc1O.Cl,8.19,active,Active,0.8950585,0.0,0.0,0.0,0.0,0.0,0.0,0.0,0.0,0.0,0.0,0.0,0.0,0.0,0.0,0.0,0.0,0.0,0.0,0.0,0.0,0.0,1.7900641,0.0,0.0,1.6790359,0.0,0.0,0.0,0.0,0.0,0.0,0.48896012,0.0,0.0,1.2676712,0.0,0.0,0.0,0.0,0.0,1.1470532,0.0,0.0,1.8731701,1.1516598,0.0,0.0,1.3792671,0.0,1.4570733,0.0,0.0,0.0,0.016159646,0.0,0.0,1.5883988,0.0,0.0,0.0,0.0,0.0,0.0,1.2264003,0.0,1.9797014,0.0,0.0,0.0,0.05934287,0.0,0.0,0.0,0.0,0.0,0.0,0.0,0.0,0.0,0.0,0.0,0.0,0.0,0.0,0.0,0.0,1.4429647,0.0,0.0,1.1115718,0.0,0.0,1.9921763,0.0,1.3788927,0.0,0.0,0.0,0.0,0.0,0.0,0.0,0.0,0.0,1.2677655,0.0,0.0,0.0,0.0,1.5274812,0.9237487,1.5784746,0.0,0.0,0.0,0.0,1.9190334,0.0,0.0,0.0,0.0,0.0,0.0,0.0,0.0,0.0,0.0,0.630769946033828,0.5181555987856293,0.6304347826086957,0.5
CN(C)Cc1cc(S(=O)(=O)c2ccc(S(N)(=O)=O)s2)ccc1O,CHEMBL69114,CN(C)Cc1cc(S(=O)(=O)c2ccc(S(N)(=O)=O)s2)ccc1O,9.15,active,Active,0.60889745,0.0,0.0,0.0,0.0,0.0,0.0,0.0,0.0,0.0,0.0,0.0,0.0,0.0,0.0,0.0,0.0,0.0,0.0,0.0,0.0,0.0,1.471889,0.0,0.0,0.9094015,0.0,0.0,0.0,0.0,0.0,0.0,0.4590154,0.0,0.0,1.011115,0.0,0.0,0.0,0.0,0.0,0.9828059,0.0,0.0,1.8993801,1.4008441,0.0,0.0,1.0796511,0.0,1.1029736,0.0,0.0,0.0,0.058956362,0.0,0.0,1.2831162,0.0,0.0,0.0,0.0,0.0,0.0,1.2777852,0.0,1.6237996,0.0,0.0,0.0,0.76544833,0.0,0.0,0.0,0.0,0.0,0.0,0.0,0.0,0.0,0.0,0.088170245,0.0,0.0,0.0,0.0,0.0,1.1993711,0.0,0.0,0.6015856,0.0,0.0,1.6827554,0.0,0.9396957,0.0,0.0,0.0,0.0,0.0,0.0,0.0,0.0,0.0,0.809437,0.0,0.0,0.0,0.0,1.3279055,0.75086194,1.1487707,0.0,0.0,0.0,0.0,1.2395513,0.0,0.0,0.0,0.0,0.0,0.0,0.0,0.0,0.0,0.0,0.5543867291540604,0.6529159398938812,0.5434782608695652,0.6739130434782609
CN(C)Cc1cc(S(=O)(=O)c2coc(S(N)(=O)=O)c2)ccc1O.Cl,CHEMBL553909,CN(C)Cc1cc(S(=O)(=O)c2coc(S(N)(=O)=O)c2)ccc1O.Cl,8.15,active,Active,0.68518376,0.0,0.0,0.0,0.0,0.0,0.0,0.0,0.0,0.0,0.0,0.0,0.0,0.0,0.0,0.0,0.0,0.0,0.0,0.0,0.0,0.0,1.6079135,0.0,0.0,1.1135731,0.0,0.0,0.0,0.0,0.0,0.0,0.5264513,0.0,0.0,1.0156404,0.0,0.0,0.0,0.0,0.0,1.1016951,0.0,0.0,1.8636003,1.3880894,0.0,0.0,1.2258588,0.0,1.2976172,0.0,0.0,0.0,0.11314503,0.0,0.0,1.3774334,0.0,0.0,0.0,0.0,0.0,0.0,1.2775661,0.0,1.8091087,0.0,0.0,0.0,0.65015733,0.0,0.0,0.0,0.0,0.0,0.0,0.0,0.0,0.0,0.0,0.0072439983,0.0,0.0,0.0,0.0,0.0,1.4003694,0.0,0.0,0.69050956,0.0,0.0,1.8240293,0.0,1.1043085,0.0,0.0,0.0,0.0,0.0,0.0,0.0,0.0,0.0,0.898133,0.0,0.0,0.0,0.0,1.4290215,0.78648305,1.2252527,0.0,0.0,0.0,0.0,1.4594818,0.0,0.0,0.0,0.0,0.0,0.0,0.0,0.0,0.0,0.0,0.5809966377687126,0.6449197309741821,0.5652173913043478,0.6739130434782609
CN(C)Cc1cc(S(=O)(=O)c2csc(S(N)(=O)=O)c2)ccc1O.Cl,CHEMBL541080,CN(C)Cc1cc(S(=O)(=O)c2csc(S(N)(=O)=O)c2)ccc1O.Cl,8.05,active,Active,0.8783984,0.0,0.0,0.0,0.0,0.0,0.0,0.0,0.0,0.0,0.0,0.0,0.0,0.0,0.0,0.0,0.0,0.0,0.0,0.0,0.0,0.0,1.8533242,0.0,0.0,1.341721,0.0,0.0,0.0,0.0,0.0,0.0,0.63984394,0.0,0.0,1.2878779,0.0,0.0,0.0,0.0,0.0,1.3499662,0.0,0.0,2.1395254,1.5522513,0.0,0.0,1.4458678,0.0,1.5799084,0.0,0.0,0.0,0.15915221,0.0,0.0,1.601809,0.0,0.0,0.0,0.0,0.0,0.0,1.533499,0.0,2.0776935,0.0,0.0,0.0,0.87434036,0.0,0.0,0.0,0.0,0.0,0.0,0.0,0.0,0.0,0.0,0.0,0.0,0.0,0.0,0.0,0.0,1.6185988,0.0,0.0,0.9807263,0.0,0.0,2.1513073,0.0,1.3838446,0.0,0.0,0.0,0.0,0.0,0.0,0.0,0.0,0.0,1.1060455,0.0,0.0,0.0,0.0,1.654461,0.90620714,1.5416006,0.0,0.0,0.0,0.0,1.7252513,0.0,0.0,0.0,0.0,0.0,0.0,0.0,0.0,0.0,0.0,0.6697070216604336,0.685172722064861,0.6739130434782609,0.6521739130434783
CN(C)Cc1ccc(C(=O)Oc2ccc3nc(S(N)(=O)=O)sc3c2)cc1,CHEMBL79340,CN(C)Cc1ccc(C(=O)Oc2ccc3nc(S(N)(=O)=O)sc3c2)cc1,8.4,active,Active,0.85452044,0.0,0.0,0.0,0.0,0.0,0.0,0.0,0.0,0.0,0.0,0.0,0.0,0.0,0.0,0.0,0.0,0.0,0.0,0.143456,0.0,0.0,1.8703772,0.0,0.0,1.8491838,0.0,0.0,0.0,0.0,0.0,0.0,0.43914124,0.0,0.0,1.3542824,0.0,0.0,0.0,0.0,0.0,1.0806183,0.0,0.0,1.7625217,0.96487707,0.0,0.0,1.4174001,0.0,1.4365085,0.0,0.0,0.0,0.0,0.0,0.0,1.657175,0.0,0.0,0.0,0.0,0.0,0.114339165,1.0673996,0.0,1.9742738,0.0,0.0,0.0,0.0,0.0,0.0,0.0,0.0,0.0,0.0,0.0,0.0,0.0,0.0,0.0,0.0,0.0,0.0,0.0,0.0,1.3756797,0.0,0.0,1.111823,0.0,0.0,1.9536481,0.0,1.3682182,0.0,0.0,0.0,0.0,0.0,0.0,0.0,0.0,0.0,1.3053458,0.0,0.0,0.0,0.0,1.4831245,0.8958863,1.5662348,0.0,0.0,0.0,0.0,2.0356007,0.0,0.0,0.0,0.0,0.0,0.0,0.0,0.0,0.0,0.0,0.5872063049057018,0.4546651749728411,0.6304347826086957,0.43478260869565216
CN(C)Cc1ccc2sc(S(N)(=O)=O)cc2c1,CHEMBL313026,CN(C)Cc1ccc2sc(S(N)(=O)=O)cc2c1,7.92,active,Active,1.0258894,0.0,0.0,0.0,0.0,0.0,0.0,0.0,0.0,0.0,0.0,0.0,0.0,0.0,0.0,0.0,0.0,0.0,0.0,0.0,0.0,0.0,2.0615284,0.0,0.0,1.8426652,0.0,0.0,0.0,0.0,0.0,0.0,0.6448167,0.0,0.0,1.5127052,0.0,0.0,0.0,0.0,0.0,1.3857805,0.0,0.0,2.1245177,1.3503673,0.0,0.0,1.608329,0.0,1.6989197,0.0,0.0,0.0,0.10803308,0.0,0.0,1.8215588,0.0,0.0,0.0,0.0,0.0,0.0,1.381183,0.0,2.2426322,0.0,0.0,0.0,0.23937982,0.0,0.0,0.0,0.0,0.0,0.0,0.0,0.0,0.0,0.0,0.0,0.0,0.0,0.0,0.0,0.0,1.6869047,0.0,0.0,1.2059323,0.0,0.0,2.3047178,0.0,1.5653175,0.0,0.0,0.0,0.0,0.0,0.0,0.0,0.0,0.0,1.349767,0.0,0.0,0.0,0.0,1.7483926,0.9714832,1.7638333,0.0,0.0,0.0,0.0,2.1560364,0.0,0.0,0.0,0.0,0.0,0.0,0.0,0.0,0.0,0.0,0.7827228508452775,0.6211659838761315,0.8043478260869565,0.5869565217391304
CN(C)OS(=O)(=O)c1ccc2nc(S(N)(=O)=O)sc2c1,CHEMBL84151,CN(C)OS(=O)(=O)c1ccc2nc(S(N)(=O)=O)sc2c1,8.92,active,Active,0.6909232,0.0,0.0,0.0,0.0,0.0,0.0,0.0,0.0,0.0,0.0,0.0,0.0,0.0,0.0,0.0,0.0,0.0,0.0,0.0,0.0,0.0,1.7012402,0.0,0.0,0.8087004,0.0,0.0,0.0,0.0,0.0,0.0,0.6541541,0.0,0.0,0.9525302,0.0,0.0,0.0,0.0,0.0,1.247782,0.0,0.0,2.2963407,1.7496604,0.0,0.0,1.281185,0.0,1.328836,0.0,0.0,0.0,0.16049406,0.0,0.0,1.4339573,0.0,0.0,0.0,0.0,0.0,0.0,1.5914131,0.0,1.9208095,0.0,0.0,0.0,1.3076061,0.0,0.0,0.0,0.14249104,0.0,0.0,0.0,0.0,0.0,0.0,0.12732294,0.0,0.0,0.0,0.0,0.0,1.4877874,0.0,0.0,0.6349472,0.0,0.0,2.0532575,0.0,1.1181107,0.0,0.0,0.0,0.0,0.0,0.0,0.0,0.0,0.0,0.80731815,0.0,0.0,0.0,0.0,1.562933,0.7107933,1.2636567,0.0,0.0,0.0,0.0,1.3890741,0.0,0.0,0.0,0.0,0.0,0.0,0.0,0.0,0.0,0.0,0.5991354986957529,0.6995457550296141,0.5869565217391304,0.6956521739130435
CN(C)S(=O)(=O)NC1CCc2c(O)cccc2C1,CHEMBL3786873,CN(C)S(=O)(=O)NC1CCc2c(O)cccc2C1,7.81,active,Active,0.0,0.0,0.0,0.0,0.0,0.0,0.0,0.0,0.0,0.0,0.0,0.0,0.0,0.0,0.0,0.0,0.0,0.0,0.0,0.0,0.0,0.0,0.3367133,0.0,0.0,0.001274927,0.0,0.0,0.0,0.0,0.1326173,0.0,0.0,0.08359564,0.0,0.0,0.0,0.13729241,0.0,0.0,0.0,0.0,0.0,0.0,1.2445775,0.7412718,0.0,0.0,0.044593103,0.0,0.0,0.0,0.0,0.0,0.0,0.0,0.0,0.34042224,0.0,0.0,0.0,0.0,0.0,1.1808717,0.13058266,0.0,0.33212993,0.0,0.0,0.0,0.04511959,0.0,0.0,0.0,0.0,0.0,0.0,0.0,0.0,0.0,0.0,0.018017292,0.0,0.0,0.0,0.0,0.0,0.04227443,0.0,0.0,0.0,0.0,0.0,0.009629518,0.0,0.0,0.0,0.0,0.0,0.0,0.0,0.0,0.0,0.0,0.0,0.08481063,0.0,0.0037095398,0.0,0.0,0.6444305,0.19525665,0.17648748,0.0,0.0,0.0,0.0,0.0,0.0,0.0,0.0,0.0,0.0,0.0,0.13674958,0.0,0.0,0.0,0.2516045866667418,0.7132646544146084,0.21739130434782608,0.7391304347826086
CN(C)S(=O)(=O)NC1CCc2ccc(O)cc2C1,CHEMBL3786719,CN(C)S(=O)(=O)NC1CCc2ccc(O)cc2C1,7.96,active,Active,0.05350505,0.0,0.0,0.0,0.0,0.0,0.0,0.0,0.0,0.0,0.0,0.0,0.0,0.0,0.0,0.0,0.0,0.0,0.0,0.0,0.0,0.0,0.45602635,0.0,0.0,0.12471954,0.0,0.0,0.0,0.0,0.04531581,0.0,0.0,0.09870454,0.0,0.0,0.0,0.020910759,0.0,0.0,0.0,0.07916366,0.0,0.0,1.307204,0.7761798,0.0,0.0,0.15470457,0.0,0.0,0.0,0.0,0.0,0.0,0.0,0.0,0.43608493,0.0,0.0,0.0,0.0,0.0,1.1068578,0.20629884,0.0,0.49350086,0.0,0.0,0.0,0.05155935,0.0,0.0,0.0,0.0,0.0,0.0,0.0,0.0,0.0,0.0,0.0,0.0,0.0,0.0,0.0,0.0,0.1676751,0.0,0.0,0.025656544,0.0,0.0,0.17911254,0.0,0.0,0.0,0.0,0.0,0.0,0.0,0.0,0.0,0.0,0.0,0.15149045,0.0,0.0,0.0,0.0,0.7515473,0.24469468,0.29549083,0.0,0.0,0.0,0.0,0.16566688,0.0,0.0,0.0,0.0,0.0,0.0,0.057762504,0.0,0.0,0.0,0.2537637196013223,0.7051571342440359,0.21739130434782608,0.717391304347826
CN(C)S(=O)(=O)N[C@H]1CCc2cc(O)ccc2C1,CHEMBL3786442,CN(C)S(=O)(=O)N[C@H]1CCc2cc(O)ccc2C1,7.89,active,Active,0.052211747,0.0,0.0,0.0,0.0,0.0,0.0,0.0,0.0,0.0,0.0,0.0,0.0,0.0,0.0,0.0,0.0,0.0,0.0,0.0,0.0,0.0,0.452819,0.0,0.0,0.12062054,0.0,0.0,0.0,0.0,0.043599762,0.0,0.0,0.095979884,0.0,0.0,0.0,0.021534804,0.0,0.0,0.0,0.07756134,0.0,0.0,1.3059134,0.7762925,0.0,0.0,0.15174791,0.0,0.0,0.0,0.0,0.0,0.0,0.0,0.0,0.43301815,0.0,0.0,0.0,0.0,0.0,1.1055207,0.2061092,0.0,0.4904544,0.0,0.0,0.0,0.054267757,0.0,0.0,0.0,0.0,0.0,0.0,0.0,0.0,0.0,0.0,0.0,0.0,0.0,0.0,0.0,0.0,0.16489618,0.0,0.0,0.023002185,0.0,0.0,0.17609255,0.0,0.0,0.0,0.0,0.0,0.0,0.0,0.0,0.0,0.0,0.0,0.14883336,0.0,0.0,0.0,0.0,0.74901265,0.24349254,0.29349086,0.0,0.0,0.0,0.0,0.16193683,0.0,0.0,0.0,0.0,0.0,0.0,0.057531863,0.0,0.0,0.0,0.2554256501687455,0.7025996705722302,0.2391304347826087,0.717391304347826
CN(C)S(=O)(=O)Oc1ccc(-c2ccc3occc3c2)cc1,CHEMBL4533978,CN(C)S(=O)(=O)Oc1ccc(-c2ccc3occc3c2)cc1,5.91,inactive,Inactive,0.07682714,0.0,0.0,0.0,1.1720362,0.0,0.0,0.0,0.0,0.0,0.0,0.0,0.0,0.0,0.0,0.0,0.0,0.0,0.0,0.0,0.0,0.0,1.1627172,0.0,0.0,0.9926119,0.0,0.0,0.0,0.0,1.5354575,0.0,0.05511525,1.5170798,0.0,0.5483447,1.0956569,0.40477866,0.0,0.0,0.0,0.2106092,1.0408996,0.0,1.0569036,0.360114,0.0,0.0,0.7095607,0.0,0.5072827,0.0,0.7703292,0.0,0.0,0.0,0.0,0.9366042,0.0,0.0,0.0,0.0,0.8269239,1.1436595,0.19534793,0.0,1.0199436,0.0,0.0,0.0,0.0,0.0,0.0,0.0,0.0,0.0,0.0,0.0,0.0,0.0,0.0,0.7270295,0.0,0.0,0.0,0.0,0.0,0.5529812,0.34619692,0.0,0.14661154,0.0,0.75575984,0.983943,0.0,0.45625865,0.0,0.0,0.0,0.0,0.0,0.0,0.0,0.0,0.0,0.5757793,0.0,1.247023,0.0,0.9044147,0.7199203,0.29601023,0.4489598,0.0,0.0,1.5518209,0.0,1.0782174,0.0,0.0,0.0,0.8824969,0.0,0.0,1.1981496,0.0,0.0,0.0,0.0013401305867245048,0.20587465339720876,0.0,0.21739130434782608
CN(C)S(=O)(=O)Oc1ccc(-c2ccc3sccc3c2)cc1,CHEMBL4463041,CN(C)S(=O)(=O)Oc1ccc(-c2ccc3sccc3c2)cc1,5.24,inactive,Inactive,0.101458564,0.0,0.0,0.0,1.1499459,0.0,0.0,0.0,0.0,0.0,0.0,0.0,0.0,0.0,0.0,0.0,0.0,0.0,0.0,0.0,0.0,0.0,1.1824058,0.0,0.0,0.98898554,0.0,0.0,0.0,0.0,1.4141062,0.0,0.09066899,1.4853384,0.0,0.53729516,1.0480164,0.30653492,0.0,0.0,0.0,0.2575746,0.980006,0.0,1.0633088,0.38592684,0.0,0.0,0.7418501,0.0,0.5511114,0.0,0.6914286,0.0,0.0,0.0,0.0,0.9410736,0.0,0.0,0.0,0.0,0.83516914,1.0181051,0.26336038,0.0,1.0849338,0.0,0.0,0.0,0.0,0.0,0.0,0.0,0.0,0.0,0.0,0.0,0.0,0.0,0.0,0.7057533,0.0,0.0,0.0,0.0,0.0,0.58869016,0.3172302,0.0,0.14465216,0.0,0.67818695,1.041589,0.0,0.51742125,0.0,0.0,0.0,0.0,0.0,0.0,0.0,0.0,0.0,0.55173266,0.0,1.1628913,0.0,0.8530196,0.7495611,0.2934149,0.488539,0.0,0.0,1.504168,0.0,1.1405051,0.0,0.0,0.0,0.81122154,0.0,0.0,1.1093533,0.0,0.0,0.0,0.0006194451508284417,0.20476477131449625,0.0,0.17391304347826086
CN(C)S(=O)(=O)Oc1ccc2nc(S(N)(=O)=O)sc2c1,CHEMBL120728,CN(C)S(=O)(=O)Oc1ccc2nc(S(N)(=O)=O)sc2c1,8.92,active,Active,0.36914423,0.0,0.0,0.0,0.10617765,0.0,0.0,0.0,0.0,0.0,0.0,0.0,0.0,0.0,0.0,0.0,0.0,0.0,0.0,0.0,0.0,0.0,1.3040639,0.0,0.0,0.33607066,0.0,0.0,0.0,0.0,0.30108264,0.0,0.46882698,0.4604778,0.0,0.59668165,0.07162825,0.0,0.0,0.0,0.0,0.8319785,0.0,0.0,2.0115442,1.5213851,0.0,0.0,0.87398624,0.0,0.8056263,0.0,0.0,0.0,0.118626036,0.0,0.0,1.0454642,0.0,0.0,0.0,0.0,0.0,0.0,1.2291073,0.0,1.3863387,0.0,0.0,0.0,1.2212427,0.0,0.0,0.0,0.21838781,0.0,0.0,0.0,0.0,0.0,0.0,0.6795899,0.0,0.0,0.0,0.0,0.0,0.9822534,0.0,0.0,0.1614905,0.0,0.0,1.561015,0.0,0.69273233,0.0,0.0,0.0,0.0,0.0,0.0,0.0,0.0,0.0,0.4154663,0.0,0.22177723,0.0,0.0,1.1985204,0.4077646,0.7783505,0.0,0.0,0.0,0.0,0.9349459,0.0,0.0,0.0,0.0,0.0,0.0,0.13743627,0.0,0.0,0.0,0.45704249034758554,0.7175965264908825,0.4782608695652174,0.7391304347826086
CN(C)c1ccc(C(=O)Oc2ccc3nc(S(N)(=O)=O)sc3c2)cc1,CHEMBL80096,CN(C)c1ccc(C(=O)Oc2ccc3nc(S(N)(=O)=O)sc3c2)cc1,7.22,active,Active,0.87134945,0.0,0.0,0.0,0.0,0.0,0.0,0.0,0.0,0.0,0.0,0.0,0.0,0.0,0.0,0.0,0.0,0.0,0.0,0.19807088,0.0,0.0,2.0284886,0.0,0.0,1.9414254,0.0,0.0,0.0,0.0,0.0,0.0,0.4670755,0.0,0.0,1.4006748,0.0,0.0,0.0,0.0,0.0,1.1623962,0.0,0.0,1.8582749,0.9795139,0.0,0.0,1.5425361,0.0,1.5978825,0.0,0.0,0.0,0.0,0.0,0.0,1.7731556,0.0,0.0,0.0,0.0,0.0,0.0,1.1944329,0.0,2.14577,0.0,0.0,0.0,0.0,0.0,0.0,0.0,0.0,0.0,0.0,0.0,0.0,0.0,0.0,0.0,0.0,0.0,0.0,0.0,0.0,1.4940618,0.0,0.0,1.2568486,0.0,0.0,2.1242,0.0,1.497051,0.0,0.0,0.0,0.0,0.0,0.0,0.0,0.0,0.0,1.4092257,0.0,0.0,0.0,0.0,1.5719378,0.93386227,1.6704355,0.0,0.0,0.0,0.0,2.1701598,0.0,0.0,0.0,0.0,0.0,0.0,0.0,0.0,0.0,0.0,0.6846881042665045,0.515003552130303,0.6956521739130435,0.4782608695652174
CN(CC1COc2ccccc2O1)S(N)(=O)=O,CHEMBL3092999,CN(CC1COc2ccccc2O1)S(N)(=O)=O,4.07,inactive,Inactive,0.0,0.0,0.0,0.0,0.8988826,0.0,0.0,0.0,0.0,0.0,0.0,0.0,0.0,0.0,0.0,0.0,0.0,0.0,0.0,0.0,0.0,0.0,0.22239895,0.0,0.0,0.0,0.0,0.0,0.0,0.0,1.9367676,0.0,0.0,1.3778299,0.0,0.043530375,1.0684974,0.9915741,0.0,0.0,0.0,0.0,0.9690205,0.0,0.90774983,0.607579,0.0,0.0,0.0,0.0,0.0,0.0,0.45896485,0.0,0.0,0.0,0.0,0.17158654,0.0,0.0,0.0,0.0,0.26907533,1.2187506,0.0,0.0,0.0,0.0,0.0,0.0,0.0,0.0,0.0,0.0,0.0,0.0,0.0,0.0,0.0,0.0,0.0,1.6721182,0.0,0.0,0.0,0.0,0.0,0.0,0.0,0.0,0.0,0.0,1.1515957,0.0,0.0,0.0,0.0,0.0,0.0,0.0,0.0,0.0,0.0,0.0,0.0,0.0,0.06806202,1.5472151,0.0,0.80361193,0.22946325,0.10277146,0.0,0.0,0.0,0.7585353,0.0,0.0,0.0,0.0,0.0,0.920847,0.0,0.0,1.7221794,0.0,0.0,0.0,0.20463082024213983,0.9915686988443003,0.21739130434782608,0.9782608695652174
CN(CCOc1ccc(CC2SC(=O)NC2=O)cc1)c1ccccn1,CHEMBL121,CN(CCOc1ccc(CC2SC(=O)NC2=O)cc1)c1ccccn1,5.39,inactive,Inactive,0.2337358,0.0,0.0,0.0,0.052649923,0.0,0.0,0.0,0.0,0.0,0.0,0.0,0.0,0.0,0.0,0.0,0.0,0.0,0.0,0.0,0.0,0.0,0.7229909,0.0,0.08976045,1.0448884,0.0,0.0,0.0,0.47810018,0.29270336,0.0,0.0,0.11880598,0.0,0.5060109,0.06603538,0.011737667,0.0,0.01881292,0.4056871,0.0,0.37843555,0.0,0.90190285,0.3000827,0.0,0.0,0.34878308,0.0,0.14478543,0.0,0.11412131,0.0,0.0,0.0,0.0,0.6553814,0.0,0.0,0.0,0.0,0.26681632,0.6498785,0.059799887,0.0,0.55759746,0.0,0.0,0.0,0.0,0.0,0.0,0.1381742,0.0,0.0,0.0,0.0,0.0,0.0,0.0,0.07425237,0.0,0.0,0.0,0.0,0.0,0.095011875,0.1877389,0.0,0.35578704,0.0,0.06697114,0.43630183,0.0,0.32943803,0.0,0.0,0.0,0.0,0.0,0.0,0.0,0.0,0.23631532,0.7548247,0.0,0.0,0.0,0.047499485,0.5499944,0.41731447,0.52688426,0.0,0.0,0.7360455,0.0,0.91917473,0.0,0.0,0.0,0.028547876,0.0,0.0,0.079595186,0.0,0.0,0.0,0.3150572034554975,0.631048392400181,0.30434782608695654,0.6304347826086957
CN1CCN(C(=S)SCC(=O)Nc2ccc(S(N)(=O)=O)cc2)CC1,CHEMBL4764100,CN1CCN(C(=S)SCC(=O)Nc2ccc(S(N)(=O)=O)cc2)CC1,7.55,active,Active,0.087752536,0.0,0.0,0.0,0.0,0.0,0.0,0.0,0.0,0.0,0.0,0.0,0.0,0.0,0.0,0.0,0.0,0.0,0.0,0.0,0.0,0.0,0.18354452,0.0,0.0,0.0,0.0,0.0,0.0,0.0,0.19666536,0.0,0.0,0.014359329,0.0,0.0,0.0,0.09685914,0.0,0.0,0.0,0.00026275218,0.0,0.0,1.4142127,1.0792137,0.0,0.0,0.0,0.0,0.0,0.0,0.0,0.0,0.0,0.0,0.0,0.22511171,0.0,0.0,0.0,0.0,0.0,0.90185344,0.22496179,0.0,0.22674434,0.0,0.0,0.0,0.4422438,0.0,0.0,0.0,0.5468413,0.0,0.0,0.0,0.0,0.0,0.0,0.35913718,0.0,0.0,0.0,0.0,0.0,0.11295907,0.0,0.0,0.0,0.0,0.0,0.0,0.0,0.0,0.0,0.0,0.0,0.0,0.0,0.0,0.0,0.0,0.0,0.035038944,0.0,0.0,0.0,0.0,0.7214622,0.2825819,0.055703823,0.0,0.0,0.0,0.0,0.0,0.0,0.0,0.0,0.0,0.0,0.0,0.08635121,0.0,0.0,0.0,0.24837161073631667,0.7063388056227097,0.19565217391304346,0.6956521739130435
CN1CCN(Cc2ccc(C(=O)c3csc(S(N)(=O)=O)c3)cc2)CC1.Cl,CHEMBL541341,CN1CCN(Cc2ccc(C(=O)c3csc(S(N)(=O)=O)c3)cc2)CC1.Cl,8.4,active,Active,1.0029432,0.0,0.0,0.0,0.0,0.0,0.0,0.0,0.0,0.0,0.0,0.0,0.0,0.0,0.0,0.0,0.0,0.0,0.0,0.0,0.0,0.0,1.5058806,0.0,0.0,1.4867574,0.0,0.0,0.0,0.0,0.0,0.0,0.37452266,0.0,0.0,1.0290252,0.0,0.0,0.0,0.0,0.0,0.981592,0.0,0.0,1.945289,1.3018688,0.0,0.0,1.1317399,0.0,0.84895986,0.0,0.0,0.0,0.0,0.0,0.0,1.4442047,0.0,0.0,0.0,0.0,0.0,0.2907452,0.9583195,0.0,1.7205768,0.0,0.0,0.0,0.0,0.0,0.0,0.0,0.0,0.0,0.0,0.0,0.0,0.0,0.0,0.0,0.0,0.0,0.0,0.0,0.0,1.1830773,0.0,0.0,1.0658889,0.0,0.0,1.360094,0.0,0.9016941,0.0,0.0,0.0,0.0,0.0,0.0,0.0,0.0,0.0,1.0916798,0.0,0.0,0.0,0.0,1.6941266,1.0763346,1.546539,0.0,0.0,0.0,0.0,1.6412536,0.0,0.0028206632,0.0,0.0,0.0,0.0,0.0,0.0,0.0,0.0,0.5445666187421324,0.5631702378303322,0.5217391304347826,0.5652173913043478
CN1CCN(Cc2ccc(S(=O)(=O)c3csc(S(N)(=O)=O)c3)cc2)CC1.Cl,CHEMBL554875,CN1CCN(Cc2ccc(S(=O)(=O)c3csc(S(N)(=O)=O)c3)cc2)CC1.Cl,7.96,active,Active,0.9583516,0.0,0.0,0.0,0.0,0.0,0.0,0.0,0.0,0.0,0.0,0.0,0.0,0.0,0.0,0.0,0.0,0.0,0.0,0.0,0.0,0.0,1.5357394,0.0,0.0,1.1564641,0.0,0.0,0.0,0.0,0.0,0.0,0.49455127,0.0,0.0,1.0210277,0.0,0.0,0.0,0.0,0.0,1.13104,0.0,0.0,2.1475544,1.6295918,0.0,0.0,1.1633329,0.0,0.9352242,0.0,0.0,0.0,0.0,0.0,0.0,1.4299006,0.0,0.0,0.0,0.0,0.0,0.10727864,1.211417,0.0,1.7787477,0.0,0.0,0.0,0.690911,0.0,0.0,0.0,0.0,0.0,0.0,0.0,0.0,0.0,0.0,0.0,0.0,0.0,0.0,0.0,0.0,1.3157479,0.0,0.0,0.9138815,0.0,0.0,1.4794196,0.0,0.8815967,0.0,0.0,0.0,0.0,0.0,0.0,0.0,0.0,0.0,0.925619,0.0,0.0,0.0,0.0,1.7699288,1.0423623,1.476152,0.0,0.0,0.0,0.0,1.435234,0.0,0.0015893355,0.0,0.0,0.0,0.0,0.0,0.0,0.0,0.0,0.5732706205229245,0.5936057242706051,0.5434782608695652,0.6304347826086957
CN1CCN(Cc2ccccc2S(=O)(=O)c2csc(S(N)(=O)=O)c2)CC1.Cl,CHEMBL559014,CN1CCN(Cc2ccccc2S(=O)(=O)c2csc(S(N)(=O)=O)c2)CC1.Cl,7.64,active,Active,0.93819284,0.0,0.0,0.0,0.0,0.0,0.0,0.0,0.0,0.0,0.0,0.0,0.0,0.0,0.0,0.0,0.0,0.0,0.0,0.0,0.0,0.0,1.5442939,0.0,0.0,1.1632959,0.0,0.0,0.0,0.0,0.0,0.0,0.49813244,0.0,0.0,1.0340039,0.0,0.0,0.0,0.0,0.0,1.1488031,0.0,0.0,2.142276,1.6265379,0.0,0.0,1.1744255,0.0,0.9843602,0.0,0.0,0.0,0.0,0.0,0.0,1.4316207,0.0,0.0,0.0,0.0,0.0,0.052371107,1.2528094,0.0,1.822445,0.0,0.0,0.0,0.7179779,0.0,0.0,0.0,0.0,0.0,0.0,0.0,0.0,0.0,0.0,0.0,0.0,0.0,0.0,0.0,0.0,1.3324065,0.0,0.0,0.92682815,0.0,0.0,1.5404257,0.0,0.9235824,0.0,0.0,0.0,0.0,0.0,0.0,0.0,0.0,0.0,0.92727375,0.0,0.0,0.0,0.0,1.7680745,1.0517577,1.4847375,0.0,0.0,0.0,0.0,1.4450635,0.0,0.0,0.0,0.0,0.0,0.0,0.0,0.0,0.0,0.0,0.5804342794026175,0.6030651131221816,0.6086956521739131,0.6304347826086957
CN1CCN(NC(=S)SCC(=O)NCc2ccc3c(c2)OCO3)CC1,CHEMBL4062231,CN1CCN(NC(=S)SCC(=O)NCc2ccc3c(c2)OCO3)CC1,9.21,active,Active,0.59495807,0.0,0.0,0.11503011,0.0,0.0,0.0,0.0,0.0,0.0,0.0,0.0,0.0,0.0,0.0,0.0,0.0,0.0,0.0,0.0,0.0,0.0,0.44384837,0.0,0.0,0.64533806,0.0,0.0,0.0,0.0,0.0,0.0,0.0,0.0,0.0,0.12503499,0.0,0.0,0.0,0.0,0.0,0.07223607,0.0,0.0,1.4218774,1.0004985,0.0,0.0,0.2063883,0.0,0.0,0.0,0.0,0.0,0.0,0.0,0.0,0.54494774,0.0,0.0,0.0,0.0,0.0,0.61333597,0.16420354,0.0,0.49778315,0.0,0.0,0.0,0.0,0.0,0.0,0.0,0.0,0.0,0.0,0.0,0.0,0.0,0.0,0.0,0.0,0.0,0.0,0.0,0.0,0.17063923,0.0,0.0,0.3421133,0.0,0.0,0.07311016,0.0,0.0,0.0,0.0,0.0,0.0,0.0,0.0,0.0,0.0,0.0,0.574438,0.0,0.0,0.0,0.0,1.02429,0.70378387,0.62989795,0.0,0.0,0.0,0.0,0.6395782,0.0,0.0,0.0,0.0,0.0,0.0,0.0,0.0,0.0,0.0,0.2703525869738721,0.6502613050073828,0.2608695652173913,0.6304347826086957
CNC1CCS(=O)(=O)c2sc(S(N)(=O)=O)cc21.Cl,CHEMBL545245,CNC1CCS(=O)(=O)c2sc(S(N)(=O)=O)cc21.Cl,8.23,active,Active,0.942454,0.0,0.0,0.0,0.0,0.0,0.0,0.0,0.0,0.0,0.0,0.0,0.0,0.0,0.0,0.0,0.0,0.0,0.0,0.0,0.0,0.0,1.7551349,0.0,0.0,0.9542,0.0,0.0,0.0,0.0,0.0,0.0,0.708214,0.0,0.0,1.3051127,0.0,0.0,0.0,0.0,0.0,1.5369734,0.0,0.0,2.5569158,1.9781014,0.0,0.0,1.3735406,0.0,1.5039068,0.0,0.0,0.0,0.14151216,0.0,0.0,1.5496945,0.0,0.0,0.0,0.0,0.0,0.0,1.870338,0.0,2.0476258,0.0,0.0,0.0,1.8449061,0.0,0.0,0.0,0.6362436,0.0,0.0,0.0,0.0,0.0,0.0,0.0,0.0,0.0,0.0,0.0,0.0,1.6138567,0.0,0.0,1.0918225,0.0,0.0,2.110333,0.0,1.3304272,0.0,0.0,0.0,0.0,0.0,0.0,0.0,0.0,0.0,0.9546292,0.0,0.0,0.0,0.0,1.8551214,0.9339603,1.6896275,0.0,0.0,0.0,0.0,1.4455737,0.0,0.047128774,0.0,0.0,0.0,0.0,0.0,0.0,0.0,0.0,0.7685983236040189,0.8483937809573456,0.7391304347826086,0.8695652173913043
CNCc1cc2cc(S(N)(=O)=O)oc2s1,CHEMBL103087,CNCc1cc2cc(S(N)(=O)=O)oc2s1,8.05,active,Active,1.2068568,0.0,0.0,0.0,0.0,0.0,0.0,0.0,0.0,0.0,0.0,0.0,0.0,0.0,0.0,0.0,0.0,0.0,0.0,0.0,0.0,0.0,2.405556,0.0,0.0,1.9068152,0.0,0.0,0.0,0.0,0.0,0.0,0.94988585,0.0,0.0,1.6114333,0.0,0.0,0.0,0.0,0.0,1.8485078,0.0,0.0,2.3327904,1.6683081,0.0,0.0,2.0127122,0.0,2.279294,0.0,0.0,0.0,0.313697,0.0,0.0,2.0176117,0.0,0.0,0.0,0.0,0.0,0.0,2.0190694,0.0,2.8379345,0.0,0.0,0.0,1.1030961,0.0,0.0,0.0,0.0,0.0,0.0,0.0,0.0,0.0,0.0,0.0,0.0,0.0,0.0,0.0,0.0,2.1448023,0.0,0.0,1.4428849,0.0,0.0,2.9758139,0.0,2.1311824,0.0,0.0,0.0,0.0,0.0,0.0,0.0,0.0,0.0,1.3609508,0.0,0.0,0.0,0.0,2.106297,1.0296637,2.1617987,0.0,0.0,0.0,0.0,2.6922348,0.0,0.0714164,0.0,0.0,0.0,0.0,0.0,0.0,0.0,0.0,0.8713598615941329,0.7157352842349867,0.8478260869565217,0.7391304347826086
CNCc1cc2cc(S(N)(=O)=O)sc2s1.Cl,CHEMBL555385,CNCc1cc2cc(S(N)(=O)=O)sc2s1.Cl,8.52,active,Active,1.7216171,0.0,0.0,0.0,0.0,0.0,0.0,0.0,0.0,0.0,0.0,0.0,0.0,0.0,0.0,0.0,0.02541196,0.0,0.0,0.0,0.0,0.0,2.9683492,0.0,0.0,2.469161,0.0,0.0,0.0,0.0,0.0,0.0,1.2196509,0.0,0.0,2.402337,0.0,0.0,0.0,0.0,0.0,2.4586627,0.0,0.0,3.131851,2.119856,0.0,0.0,2.5153842,0.0,2.9633253,0.0,0.0,0.0,0.36483142,0.0,0.0,2.5803907,0.0,0.0,0.0,0.0,0.0,0.0,2.6606586,0.0,3.3864799,0.0,0.0,0.0,1.7373319,0.0,0.0,0.0,0.0,0.0,0.0,0.0,0.0,0.0,0.0,0.0,0.0,0.0,0.0,0.0,0.0,2.6187057,0.0,0.0,2.2815099,0.0,0.0,3.7741675,0.0,2.8093705,0.0,0.0,0.0,0.0,0.0,0.0,0.0,0.0,0.0,1.9486295,0.0,0.0,0.0,0.0,2.6420946,1.3305496,2.9993553,0.0,0.0,0.0,0.0,3.244393,0.0,0.28009784,0.0,0.0,0.0,0.0,0.0,0.0,0.0,0.0,0.998617857371796,0.8622600985263322,1.0,0.8695652173913043
CNCc1cc2sc(S(N)(=O)=O)cc2s1.Cl,CHEMBL552892,CNCc1cc2sc(S(N)(=O)=O)cc2s1.Cl,8.49,active,Active,1.1035644,0.0,0.0,0.0,0.0,0.0,0.0,0.0,0.0,0.0,0.0,0.0,0.0,0.0,0.0,0.0,0.0,0.0,0.0,0.0,0.0,0.0,2.2181299,0.0,0.0,1.7286,0.0,0.0,0.0,0.0,0.0,0.0,0.8667953,0.0,0.0,1.3913019,0.0,0.0,0.0,0.0,0.0,1.6861712,0.0,0.0,2.2957354,1.6112739,0.0,0.0,1.8456593,0.0,2.0365667,0.0,0.0,0.0,0.29529375,0.0,0.0,1.8355236,0.0,0.0,0.0,0.0,0.0,0.0,1.8912036,0.0,2.649771,0.0,0.0,0.0,1.0510278,0.0,0.0,0.0,0.0,0.0,0.0,0.0,0.0,0.0,0.0,0.0,0.0,0.0,0.0,0.0,0.0,1.9553992,0.0,0.0,1.260572,0.0,0.0,2.7430954,0.0,1.9572312,0.0,0.0,0.0,0.0,0.0,0.0,0.0,0.0,0.0,1.2302204,0.0,0.0,0.0,0.0,1.9773295,0.9166258,1.9752253,0.0,0.0,0.0,0.0,2.463609,0.0,0.048828967,0.0,0.0,0.0,0.0,0.0,0.0,0.0,0.0,0.8727237454678911,0.7166479626538386,0.8695652173913043,0.717391304347826
CNCc1ccc(C(=O)c2csc(S(N)(=O)=O)c2)cc1.Cl,CHEMBL540329,CNCc1ccc(C(=O)c2csc(S(N)(=O)=O)c2)cc1.Cl,8.35,active,Active,0.8651755,0.0,0.0,0.0,0.0,0.0,0.0,0.0,0.0,0.0,0.0,0.0,0.0,0.0,0.0,0.0,0.0,0.0,0.0,0.0,0.0,0.0,1.637594,0.0,0.0,1.4691371,0.0,0.0,0.0,0.0,0.0,0.0,0.4414563,0.0,0.0,1.1726052,0.0,0.0,0.0,0.0,0.0,1.0467986,0.0,0.0,1.9534378,1.2635956,0.0,0.0,1.2373735,0.0,1.225023,0.0,0.0,0.0,0.0,0.0,0.0,1.4739934,0.0,0.0,0.0,0.0,0.0,0.0,1.1543075,0.0,1.7164316,0.0,0.0,0.0,0.21606669,0.0,0.0,0.0,0.0,0.0,0.0,0.0,0.0,0.0,0.0,0.0,0.0,0.0,0.0,0.0,0.0,1.2660891,0.0,0.0,0.9865828,0.0,0.0,1.7266331,0.0,1.1681957,0.0,0.0,0.0,0.0,0.0,0.0,0.0,0.0,0.0,1.1940464,0.0,0.0,0.0,0.0,1.4883687,0.8680396,1.4267533,0.0,0.0,0.0,0.0,1.6863358,0.0,0.0,0.0,0.0,0.0,0.0,0.0,0.0,0.0,0.0,0.5726523869869744,0.5616865677676971,0.5652173913043478,0.5434782608695652
CNS(=O)(=O)Oc1ccc(-c2ccc3occc3c2)cc1,CHEMBL4557523,CNS(=O)(=O)Oc1ccc(-c2ccc3occc3c2)cc1,5.98,inactive,Inactive,0.0,0.0,0.0,0.0,1.4696056,0.0,0.0,0.0,0.0,0.0,0.0,0.0,0.0,0.0,0.0,0.0,0.0,0.0,0.0,0.0,0.0,0.0,1.0318406,0.0,0.0,0.80793774,0.0,0.0,0.0,0.0,1.9827427,0.0,0.0032120459,1.9395112,0.0,0.3965487,1.3658416,0.57793486,0.0,0.0,0.0,0.05907295,1.285525,0.0,1.029463,0.3478022,0.0,0.0,0.56996113,0.0,0.32549208,0.0,0.89412737,0.0,0.0,0.0,0.0,0.7906382,0.0,0.0,0.0,0.0,1.0001239,1.293868,0.06637303,0.0,0.8395795,0.0,0.0,0.0,0.0,0.0,0.0,0.0,0.0,0.0,0.0,0.0,0.0,0.0,0.0,1.0978436,0.0,0.0,0.0,0.0,0.0,0.40611583,0.4606152,0.0,0.0,0.0,1.0039303,0.81141156,0.0,0.28222215,0.0,0.0,0.0,0.0,0.0,0.0,0.0,0.0,0.0,0.41184738,0.0,1.6572276,0.0,1.198866,0.61978936,0.19514716,0.24542102,0.0,0.0,1.8643812,0.0,0.9151902,0.0,0.0,0.0,1.1296854,0.0,0.0,1.5905132,0.0,0.0,0.0,0.004741922508775403,0.2101753841666465,0.0,0.2608695652173913
CNS(=O)(=O)Oc1ccc(-c2ccc3sccc3c2)cc1,CHEMBL4532237,CNS(=O)(=O)Oc1ccc(-c2ccc3sccc3c2)cc1,5.92,inactive,Inactive,0.0,0.0,0.0,0.0,1.4464635,0.0,0.0,0.0,0.0,0.0,0.0,0.0,0.0,0.0,0.0,0.0,0.0,0.0,0.0,0.0,0.0,0.0,1.0524668,0.0,0.0,0.8041385,0.0,0.0,0.0,0.0,1.855613,0.0,0.040458936,1.9062583,0.0,0.384973,1.3159325,0.47501278,0.0,0.0,0.0,0.10827472,1.2217318,0.0,1.0361735,0.37484425,0.0,0.0,0.6037884,0.0,0.37140793,0.0,0.81146985,0.0,0.0,0.0,0.0,0.7953204,0.0,0.0,0.0,0.0,1.0087618,1.1623348,0.13762411,0.0,0.90766424,0.0,0.0,0.0,0.0,0.0,0.0,0.0,0.0,0.0,0.0,0.0,0.0,0.0,0.0,1.0755544,0.0,0.0,0.0,0.0,0.0,0.4435252,0.43026915,0.0,0.0,0.0,0.9226636,0.8718025,0.0,0.3462972,0.0,0.0,0.0,0.0,0.0,0.0,0.0,0.0,0.0,0.38665578,0.0,1.5690895,0.0,1.1450236,0.6508416,0.1924282,0.28688502,0.0,0.0,1.8144592,0.0,0.980444,0.0,0.0,0.0,1.0550159,0.0,0.0,1.4974886,0.0,0.0,0.0,0.001657404622310761,0.20617244329755502,0.021739130434782608,0.19565217391304346
COC(=O)[C@H]1O[C@@H](NC(=O)c2ccc(S(N)(=O)=O)cc2)[C@H](O)[C@@H](O)[C@@H]1O,CHEMBL4863113,COC(=O)[C@H]1O[C@@H](NC(=O)c2ccc(S(N)(=O)=O)cc2)[C@H](O)[C@@H](O)[C@@H]1O,7.3,active,Active,1.495413,0.0,0.0,0.0,0.0,0.0,0.0,0.0,0.0,0.0,0.0,0.0,0.0,0.0,0.0,0.0,0.0,0.0,0.0,0.0,0.0,0.0,1.5523531,0.0,0.0,1.8481938,0.0,0.0,0.0,0.120977,0.0,0.0,0.30026692,0.0,0.0,1.4560014,0.0,0.0,0.0,0.0,0.0,0.82740134,0.0,0.0,1.9471989,1.7382911,0.0,0.0,0.9691289,0.0,0.61628604,0.0,0.0,0.0,0.0,0.0,0.0,1.599023,0.0,0.0,0.0,0.0,0.0,0.0,1.025253,0.0,1.622304,0.0,0.0,0.0,0.0,0.0,0.0,0.0,0.0,0.0,0.0,0.0,0.0,0.0,0.0,0.00091664493,0.0,0.0,0.0,0.0,0.0,0.9075239,0.0,0.0,0.9652727,0.0,0.0,1.2988303,0.0,0.7958086,0.0,0.0,0.0,0.0,0.0,0.0,0.0,0.0,0.0,1.548187,0.0,0.0,0.0,0.0,1.6970375,1.650715,1.773065,0.0,0.0,0.0,0.017128851,2.1069586,0.0,0.0750924,0.0,0.0,0.0,0.0,0.0,0.0,0.0,0.0,0.8396775977339984,0.17409716030508254,0.8260869565217391,0.17391304347826086
COC(=O)c1cc(S(N)(=O)=O)ccc1S(=O)(=O)CCCO,CHEMBL321553,COC(=O)c1cc(S(N)(=O)=O)ccc1S(=O)(=O)CCCO,7.7,active,Active,0.553069,0.0,0.0,0.0,0.0,0.0,0.0,0.0,0.0,0.0,0.0,0.0,0.0,0.0,0.0,0.0,0.0,0.0,0.0,0.0,0.0,0.0,1.295052,0.0,0.0,0.7148656,0.0,0.0,0.0,0.0,0.0,0.0,0.33970204,0.0,0.0,0.79431176,0.0,0.0,0.0,0.0,0.0,0.9321539,0.0,0.0,1.9288368,1.3953562,0.0,0.0,0.865539,0.0,0.926066,0.0,0.0,0.0,0.0,0.0,0.0,1.1704088,0.0,0.0,0.0,0.0,0.0,0.0,1.2630371,0.0,1.4439524,0.0,0.0,0.0,0.8598009,0.0,0.0,0.0,0.12358432,0.0,0.0,0.0,0.0,0.0,0.0,0.0,0.0,0.0,0.0,0.0,0.0,1.050547,0.0,0.0,0.69851124,0.0,0.0,1.403903,0.0,0.8389052,0.0,0.0,0.0,0.0,0.0,0.0,0.0,0.0,0.0,0.8298947,0.0,0.0,0.0,0.0,1.2343057,0.6914824,1.1265793,0.0,0.0,0.0,0.0,0.9659432,0.0,0.0,0.0,0.0,0.0,0.0,0.0,0.0,0.0,0.0,0.4790744671183924,0.6737177052349413,0.5217391304347826,0.6739130434782609
COC(=O)c1cc(S(N)(=O)=O)ccc1S(=O)(=O)CCO,CHEMBL104961,COC(=O)c1cc(S(N)(=O)=O)ccc1S(=O)(=O)CCO,7.52,active,Active,0.5327922,0.0,0.0,0.0,0.0,0.0,0.0,0.0,0.0,0.0,0.0,0.0,0.0,0.0,0.0,0.0,0.0,0.0,0.0,0.0,0.0,0.0,1.2895046,0.0,0.0,0.682447,0.0,0.0,0.0,0.0,0.0,0.0,0.32631367,0.0,0.0,0.77683467,0.0,0.0,0.0,0.0,0.0,0.88355184,0.0,0.0,1.8494502,1.425681,0.0,0.0,0.8630614,0.0,0.9026279,0.0,0.0,0.0,0.0,0.0,0.0,1.1328899,0.0,0.0,0.0,0.0,0.0,0.0,1.2416512,0.0,1.4351814,0.0,0.0,0.0,0.82770765,0.0,0.0,0.0,0.068449326,0.0,0.0,0.0,0.0,0.0,0.0,0.0,0.0,0.0,0.0,0.0,0.0,1.0315113,0.0,0.0,0.57788604,0.0,0.0,1.3632193,0.0,0.7747127,0.0,0.0,0.0,0.0,0.0,0.0,0.0,0.0,0.0,0.7971549,0.0,0.0,0.0,0.0,1.2213567,0.75894773,1.039388,0.0,0.0,0.0,0.0,0.9731928,0.0,0.0,0.0,0.0,0.0,0.0,0.0,0.0,0.0,0.0,0.474489279673822,0.67388266001733,0.4782608695652174,0.6739130434782609
COC(=O)c1cc(S(N)(=O)=O)ccc1SCCCO,CHEMBL319437,COC(=O)c1cc(S(N)(=O)=O)ccc1SCCCO,6.16,medium,Medium,0.61394787,0.0,0.0,0.0,0.0,0.0,0.0,0.0,0.0,0.0,0.0,0.0,0.0,0.0,0.0,0.0,0.0,0.0,0.0,0.0,0.0,0.0,1.2407327,0.0,0.0,0.91117966,0.0,0.0,0.0,0.0,0.0,0.0,0.29599142,0.0,0.0,0.79597026,0.0,0.0,0.0,0.0,0.0,0.8359011,0.0,0.0,1.7739291,1.1447154,0.0,0.0,0.8411334,0.0,0.8761014,0.0,0.0,0.0,0.0,0.0,0.0,1.1455944,0.0,0.0,0.0,0.0,0.0,0.0,1.1231725,0.0,1.3639008,0.0,0.0,0.0,0.48132724,0.0,0.0,0.0,0.0,0.0,0.0,0.0,0.0,0.0,0.0,0.0,0.0,0.0,0.0,0.0,0.0,0.91012067,0.0,0.0,0.84737736,0.0,0.0,1.3726269,0.0,0.9116639,0.0,0.0,0.0,0.0,0.0,0.0,0.0,0.0,0.0,0.9159137,0.0,0.0,0.0,0.0,1.1529583,0.6189909,1.2147398,0.0,0.0,0.0,0.0,1.1248965,0.0,0.0,0.0,0.0,0.0,0.0,0.0,0.0,0.0,0.0,0.46221635356049234,0.6241053392822767,0.5,0.6304347826086957
COC(=O)c1ccccc1S(N)(=O)=O,CHEMBL148680,COC(=O)c1ccccc1S(N)(=O)=O,4.13,inactive,Inactive,0.23750171,0.0,0.0,0.0,0.0,0.0,0.0,0.0,0.0,0.0,0.0,0.0,0.0,0.0,0.0,0.0,0.0,0.0,0.0,0.0,0.0,0.0,0.907745,0.0,0.0,0.44595167,0.0,0.0,0.0,0.0,0.0,0.0,0.10983668,0.0,0.0,0.48305815,0.0,0.0032491088,0.0,0.0,0.0,0.4436334,0.0,0.0,1.4935296,1.0369071,0.0,0.0,0.49516332,0.0,0.42001402,0.0,0.0,0.0,0.0,0.0,0.0,0.82183737,0.0,0.0,0.0,0.0,0.0,0.23674358,0.7462841,0.0,0.89052224,0.0,0.0,0.0,0.26798868,0.0,0.0,0.0,0.0,0.0,0.0,0.0,0.0,0.0,0.0,0.22821164,0.0,0.0,0.0,0.0,0.0,0.58502924,0.0,0.0,0.23864406,0.0,0.0,0.8525615,0.0,0.33708465,0.0,0.0,0.0,0.0,0.0,0.0,0.0,0.0,0.0,0.56983954,0.0,0.0,0.0,0.0,0.80981517,0.50890213,0.57754934,0.0,0.0,0.0,0.0,0.5292345,0.0,0.0,0.0,0.0,0.0,0.0,0.0,0.0,0.0,0.0,0.3562028975910701,0.6469871297889093,0.3695652173913043,0.6739130434782609
COC(C)(C)C(=O)Oc1ccc2nc(S(N)(=O)=O)sc2c1,CHEMBL84649,COC(C)(C)C(=O)Oc1ccc2nc(S(N)(=O)=O)sc2c1,8.92,active,Active,0.9918091,0.0,0.0,0.0,0.0,0.0,0.0,0.0,0.0,0.0,0.0,0.0,0.0,0.0,0.0,0.0,0.0,0.0,0.0,0.0,0.0,0.0,1.9854512,0.0,0.0,1.7617915,0.0,0.0,0.0,0.0,0.0,0.0,0.5551791,0.0,0.0,1.378248,0.0,0.0,0.0,0.0,0.0,1.3199345,0.0,0.0,2.1362743,1.3070138,0.0,0.0,1.5125791,0.0,1.632183,0.0,0.0,0.0,0.0075914636,0.0,0.0,1.7482629,0.0,0.0,0.0,0.0,0.0,0.0,1.517982,0.0,2.2176664,0.0,0.0,0.0,0.30708066,0.0,0.0,0.0,0.0,0.0,0.0,0.0,0.0,0.0,0.0,0.0,0.0,0.0,0.0,0.0,0.0,1.520638,0.0,0.0,1.3506703,0.0,0.0,2.2467024,0.0,1.6078244,0.0,0.0,0.0,0.0,0.0,0.0,0.0,0.0,0.0,1.4180508,0.0,0.0,0.0,0.0,1.6869563,0.95679665,1.8570249,0.0,0.0,0.0,0.0,2.145972,0.0,0.0,0.0,0.0,0.0,0.0,0.0,0.0,0.0,0.0,0.7228553536119156,0.5780312312603564,0.717391304347826,0.5869565217391304
COCC(=O)OCCCS(=O)(=O)c1ccc(S(N)(=O)=O)s1,CHEMBL320808,COCC(=O)OCCCS(=O)(=O)c1ccc(S(N)(=O)=O)s1,8.35,active,Active,0.76206696,0.0,0.0,0.0,0.0,0.0,0.0,0.0,0.0,0.0,0.0,0.0,0.0,0.0,0.0,0.0,0.0,0.0,0.0,0.0,0.0,0.0,1.3550148,0.0,0.0,0.7477482,0.0,0.0,0.0,0.0,0.0,0.0,0.4383478,0.0,0.0,0.9748151,0.0,0.0,0.0,0.0,0.0,1.0539813,0.0,0.0,2.1584344,1.687954,0.0,0.0,0.97025967,0.0,1.0308199,0.0,0.0,0.0,0.023674168,0.0,0.0,1.2473959,0.0,0.0,0.0,0.0,0.0,0.0,1.584611,0.0,1.5816339,0.0,0.0,0.0,1.2347773,0.0,0.0,0.0,0.45863137,0.0,0.0,0.0,0.0,0.0,0.0,0.0,0.0,0.0,0.0,0.0,0.0,1.1359295,0.0,0.0,0.8459828,0.0,0.0,1.596817,0.0,0.9536463,0.0,0.0,0.0,0.0,0.0,0.0,0.0,0.0,0.0,0.9714179,0.0,0.0,0.0,0.0,1.4140669,0.92101395,1.358392,0.0,0.0,0.0,0.0,1.1146666,0.0,0.0,0.0,0.0,0.0,0.0,0.0,0.0,0.0,0.0,0.5643470487667944,0.7287455573681527,0.5652173913043478,0.717391304347826
COCC(=O)Oc1ccc2nc(S(N)(=O)=O)sc2c1,CHEMBL85558,COCC(=O)Oc1ccc2nc(S(N)(=O)=O)sc2c1,8.46,active,Active,1.1073558,0.0,0.0,0.0,0.0,0.0,0.0,0.0,0.0,0.0,0.0,0.0,0.0,0.0,0.0,0.0,0.0,0.0,0.0,0.0,0.0,0.0,2.1296484,0.0,0.0,1.9200861,0.0,0.0,0.0,0.0,0.0,0.0,0.6386376,0.0,0.0,1.468953,0.0,0.0,0.0,0.0,0.0,1.3997964,0.0,0.0,2.1521766,1.4404434,0.0,0.0,1.6971285,0.0,1.7825136,0.0,0.0,0.0,0.084452994,0.0,0.0,1.8556533,0.0,0.0,0.0,0.0,0.0,0.0,1.5964824,0.0,2.3991349,0.0,0.0,0.0,0.28241426,0.0,0.0,0.0,0.0,0.0,0.0,0.0,0.0,0.0,0.0,0.0,0.0,0.0,0.0,0.0,0.0,1.7274272,0.0,0.0,1.3553197,0.0,0.0,2.3960228,0.0,1.6712508,0.0,0.0,0.0,0.0,0.0,0.0,0.0,0.0,0.0,1.5184773,0.0,0.0,0.0,0.0,1.8476088,1.1642833,1.9062928,0.0,0.0,0.0,0.0,2.354344,0.0,0.0,0.0,0.0,0.0,0.0,0.0,0.0,0.0,0.0,0.7922456366014766,0.6339520100647522,0.7826086956521738,0.6304347826086957
COCCCN1C[C@H](N)c2cc(S(N)(=O)=O)sc2S1(=O)=O,CHEMBL1340,COCCCN1C[C@H](N)c2cc(S(N)(=O)=O)sc2S1(=O)=O,8.89,active,Active,0.92730176,0.0,0.0,0.0,0.0,0.0,0.0,0.0,0.0,0.0,0.0,0.0,0.0,0.0,0.0,0.0,0.0,0.0,0.0,0.0,0.0,0.0,1.4768956,0.0,0.0,0.8128586,0.0,0.0,0.0,0.0,0.0,0.0,0.5893409,0.0,0.0,1.0939509,0.0,0.0,0.0,0.0,0.0,1.2042247,0.0,0.0,2.4426434,1.9521512,0.0,0.0,1.0628098,0.0,1.1032355,0.0,0.0,0.0,0.12691602,0.0,0.0,1.3406521,0.0,0.0,0.0,0.0,0.0,0.0,1.6658099,0.0,1.7005363,0.0,0.0,0.0,1.5964252,0.0,0.0,0.0,0.5055423,0.0,0.0,0.0,0.0,0.0,0.0,0.0,0.0,0.0,0.0,0.0,0.0,1.2375998,0.0,0.0,0.8595686,0.0,0.0,1.7852134,0.0,1.0772403,0.0,0.0,0.0,0.0,0.0,0.0,0.0,0.0,0.0,0.9317927,0.0,0.0,0.0,0.0,1.632003,0.8910477,1.5137354,0.0,0.0,0.0,0.0,1.3315449,0.0,0.04390853,0.0,0.0,0.0,0.0,0.0,0.0,0.0,0.0,0.5980130361307783,0.7265520058024358,0.6086956521739131,0.7608695652173912
COCCCNC(=O)c1cc(S(N)(=O)=O)cnc1Sc1c(F)c(F)cc(F)c1F,CHEMBL1099137,COCCCNC(=O)c1cc(S(N)(=O)=O)cnc1Sc1c(F)c(F)cc(F)c1F,7.97,active,Active,1.066875,0.0,0.0,0.0,0.0,0.0,0.0,0.0,0.0,0.0,0.0,0.0,0.0,0.0,0.0,0.0,0.0,0.0,0.0,0.0,0.0,0.0,1.7868016,0.0,0.0,1.5548644,0.0,0.0,0.0,0.0,0.0,0.0,0.5869003,0.0,0.0,1.2855641,0.0,0.0,0.0,0.0,0.0,1.3736064,0.0,0.0,2.2900836,1.4805394,0.0,0.0,1.4143686,0.0,1.5629612,0.0,0.0,0.0,0.07191121,0.0,0.0,1.5834316,0.0,0.0,0.0,0.0,0.0,0.0,1.6093584,0.0,2.0254457,0.0,0.0,0.0,0.8938795,0.0,0.0,0.0,0.0,0.0,0.0,0.0,0.0,0.0,0.0,0.0,0.0,0.0,0.0,0.0,0.0,1.4636631,0.0,0.0,1.3713485,0.0,0.0,2.1976564,0.0,1.6342047,0.0,0.0,0.0,0.0,0.0,0.0,0.0,0.0,0.0,1.2869258,0.0,0.0,0.0,0.0,1.7171564,0.82323444,1.8412076,0.0,0.0,0.0,0.0,1.9635029,0.0,0.046093352,0.0,0.0,0.0,0.0,0.0,0.0,0.0,0.0,0.7064992290043696,0.687898241728035,0.6956521739130435,0.6521739130434783
COCCCNC(=O)c1cc(S(N)(=O)=O)cnc1Sc1ccc(F)c(F)c1,CHEMBL1086834,COCCCNC(=O)c1cc(S(N)(=O)=O)cnc1Sc1ccc(F)c(F)c1,7.46,active,Active,0.9168265,0.0,0.0,0.0,0.0,0.0,0.0,0.0,0.0,0.0,0.0,0.0,0.0,0.0,0.0,0.0,0.0,0.0,0.0,0.0,0.0,0.0,1.6435472,0.0,0.0,1.4644369,0.0,0.0,0.0,0.0,0.0,0.0,0.4776382,0.0,0.0,1.1088462,0.0,0.0,0.0,0.0,0.0,1.1653639,0.0,0.0,2.0355868,1.2940769,0.0,0.0,1.2703383,0.0,1.3579799,0.0,0.0,0.0,0.0,0.0,0.0,1.4637376,0.0,0.0,0.0,0.0,0.0,0.0,1.3662792,0.0,1.8594803,0.0,0.0,0.0,0.5032931,0.0,0.0,0.0,0.0,0.0,0.0,0.0,0.0,0.0,0.0,0.0,0.0,0.0,0.0,0.0,0.0,1.3238169,0.0,0.0,1.1677984,0.0,0.0,1.9198833,0.0,1.3912019,0.0,0.0,0.0,0.0,0.0,0.0,0.0,0.0,0.0,1.1994166,0.0,0.0,0.0,0.0,1.5374659,0.8085619,1.6020623,0.0,0.0,0.0,0.0,1.7837893,0.0,0.0,0.0,0.0,0.0,0.0,0.0,0.0,0.0,0.0,0.6091210931583911,0.5620242672740778,0.6086956521739131,0.5652173913043478
COCCCNC(=O)c1cc(S(N)(=O)=O)cnc1Sc1cccc(F)c1,CHEMBL1095204,COCCCNC(=O)c1cc(S(N)(=O)=O)cnc1Sc1cccc(F)c1,7.59,active,Active,0.9345095,0.0,0.0,0.0,0.0,0.0,0.0,0.0,0.0,0.0,0.0,0.0,0.0,0.0,0.0,0.0,0.0,0.0,0.0,0.0,0.0,0.0,1.6877565,0.0,0.0,1.5497763,0.0,0.0,0.0,0.0,0.0,0.0,0.46368,0.0,0.0,1.168376,0.0,0.0,0.0,0.0,0.0,1.1702684,0.0,0.0,2.0546625,1.2813882,0.0,0.0,1.2943012,0.0,1.3806779,0.0,0.0,0.0,0.0,0.0,0.0,1.5208019,0.0,0.0,0.0,0.0,0.0,0.0,1.3455231,0.0,1.8837416,0.0,0.0,0.0,0.37169167,0.0,0.0,0.0,0.0,0.0,0.0,0.0,0.0,0.0,0.0,0.0,0.0,0.0,0.0,0.0,0.0,1.3490021,0.0,0.0,1.2247951,0.0,0.0,1.9161584,0.0,1.3876439,0.0,0.0,0.0,0.0,0.0,0.0,0.0,0.0,0.0,1.284825,0.0,0.0,0.0,0.0,1.5492635,0.8714,1.630723,0.0,0.0,0.0,0.0,1.8011905,0.0,0.0,0.0,0.0,0.0,0.0,0.0,0.0,0.0,0.0,0.6187524170660182,0.5564843266236492,0.6304347826086957,0.5434782608695652
COCCCNC(=O)c1cc(S(N)(=O)=O)cnc1Sc1ccccc1,CHEMBL1099124,COCCCNC(=O)c1cc(S(N)(=O)=O)cnc1Sc1ccccc1,7.32,active,Active,0.9156041,0.0,0.0,0.0,0.0,0.0,0.0,0.0,0.0,0.0,0.0,0.0,0.0,0.0,0.0,0.0,0.0,0.0,0.0,0.0,0.0,0.0,1.6632636,0.0,0.0,1.5629499,0.0,0.0,0.0,0.0,0.0,0.0,0.42398214,0.0,0.0,1.1960744,0.0,0.0,0.0,0.0,0.0,1.1298838,0.0,0.0,2.0472243,1.2640432,0.0,0.0,1.2504668,0.0,1.3435111,0.0,0.0,0.0,0.0,0.0,0.0,1.527813,0.0,0.0,0.0,0.0,0.0,0.0,1.3186785,0.0,1.8375437,0.0,0.0,0.0,0.26752746,0.0,0.0,0.0,0.0,0.0,0.0,0.0,0.0,0.0,0.0,0.0,0.0,0.0,0.0,0.0,0.0,1.3272187,0.0,0.0,1.2233881,0.0,0.0,1.8679823,0.0,1.3246387,0.0,0.0,0.0,0.0,0.0,0.0,0.0,0.0,0.0,1.3261073,0.0,0.0,0.0,0.0,1.5076421,0.93319285,1.6133182,0.0,0.0,0.0,0.0,1.7234058,0.0,0.0,0.0,0.0,0.0,0.0,0.0,0.0,0.0,0.0,0.6075773267408334,0.556594530299887,0.6086956521739131,0.5434782608695652
COCCCNCc1cc(S(N)(=O)=O)cnc1Sc1ccc(F)c(F)c1,CHEMBL1095882,COCCCNCc1cc(S(N)(=O)=O)cnc1Sc1ccc(F)c(F)c1,6.41,medium,Medium,0.85944057,0.0,0.0,0.0,0.0,0.0,0.0,0.0,0.0,0.0,0.0,0.0,0.0,0.0,0.0,0.0,0.0,0.0,0.0,0.0,0.0,0.0,1.5105176,0.0,0.0,1.3431169,0.0,0.0,0.0,0.0,0.0,0.0,0.46193084,0.0,0.0,1.0205995,0.0,0.0,0.0,0.0,0.0,1.0504531,0.0,0.0,1.9585929,1.2938814,0.0,0.0,1.1642344,0.0,1.2077903,0.0,0.0,0.0,0.029932044,0.0,0.0,1.3263657,0.0,0.0,0.0,0.0,0.0,0.0,1.2356527,0.0,1.7018769,0.0,0.0,0.0,0.54860914,0.0,0.0,0.0,0.0,0.0,0.0,0.0,0.0,0.0,0.0,0.0,0.0,0.0,0.0,0.0,0.0,1.1929344,0.0,0.0,1.003332,0.0,0.0,1.755643,0.0,1.2708353,0.0,0.0,0.0,0.0,0.0,0.0,0.0,0.0,0.0,1.0671839,0.0,0.0,0.0,0.0,1.4733455,0.7202324,1.4664152,0.0,0.0,0.0,0.0,1.6609434,0.0,0.0,0.0,0.0,0.0,0.0,0.0,0.0,0.0,0.0,0.5747276578568646,0.5878438256632114,0.5869565217391304,0.5869565217391304
COCCCNCc1cc2cc(S(N)(=O)=O)oc2s1,CHEMBL106493,COCCCNCc1cc2cc(S(N)(=O)=O)oc2s1,7.92,active,Active,1.2187595,0.0,0.0,0.0,0.0,0.0,0.0,0.0,0.0,0.0,0.0,0.0,0.0,0.0,0.0,0.0,0.0,0.0,0.0,0.0,0.0,0.0,2.1311727,0.0,0.0,1.8730304,0.0,0.0,0.0,0.0,0.0,0.0,0.7804565,0.0,0.0,1.4741434,0.0,0.0,0.0,0.0,0.0,1.6291828,0.0,0.0,2.2701714,1.5817678,0.0,0.0,1.7526053,0.0,1.9502602,0.0,0.0,0.0,0.1862928,0.0,0.0,1.8563395,0.0,0.0,0.0,0.0,0.0,0.0,1.8183903,0.0,2.5356534,0.0,0.0,0.0,0.8443584,0.0,0.0,0.0,0.0,0.0,0.0,0.0,0.0,0.0,0.0,0.0,0.0,0.0,0.0,0.0,0.0,1.8583684,0.0,0.0,1.4710766,0.0,0.0,2.5717165,0.0,1.9136024,0.0,0.0,0.0,0.0,0.0,0.0,0.0,0.0,0.0,1.4249111,0.0,0.0,0.0,0.0,1.983419,1.0491968,2.1055322,0.0,0.0,0.0,0.0,2.4675336,0.0,0.07924295,0.0,0.0,0.0,0.0,0.0,0.0,0.0,0.0,0.8764161840752949,0.7208130339899981,0.9130434782608695,0.6956521739130435
COCCCNCc1cc2cc(S(N)(=O)=O)sc2s1.Cl,CHEMBL542372,COCCCNCc1cc2cc(S(N)(=O)=O)sc2s1.Cl,8.31,active,Active,1.6299728,0.0,0.0,0.0,0.0,0.0,0.0,0.0,0.0,0.0,0.0,0.0,0.0,0.0,0.0,0.0,0.0,0.0,0.0,0.116255455,0.0,0.0,2.595127,0.0,0.0,2.324596,0.0,0.0,0.0,0.0,0.0,0.0,1.0047402,0.0,0.0,2.1137323,0.0,0.0,0.0,0.0,0.0,2.1282728,0.0,0.0,2.912551,1.9473336,0.0,0.0,2.1677485,0.0,2.5139368,0.0,0.0,0.0,0.2335704,0.0,0.0,2.3146262,0.0,0.0,0.0,0.0,0.0,0.0,2.341695,0.0,2.9896035,0.0,0.0,0.0,1.3646843,0.0,0.0,0.0,0.0,0.0,0.0,0.0,0.0,0.0,0.0,0.0,0.0,0.0,0.0,0.0,0.0,2.2518132,0.0,0.0,2.1405675,0.0,0.0,3.2306042,0.0,2.4670327,0.0,0.0,0.0,0.0,0.0,0.0,0.0,0.0,0.0,1.8918561,0.0,0.0,0.0,0.0,2.4182014,1.288929,2.7783906,0.0,0.0,0.0,0.0,2.9204955,0.0,0.24579674,0.0,0.0,0.0,0.0,0.0,0.0,0.0,0.0,0.9835507219322721,0.846784253496957,0.9565217391304348,0.8478260869565217
COCCN(CCNC(=O)c1cc2cc(S(N)(=O)=O)sc2s1)CCOC.Cl,CHEMBL541810,COCCN(CCNC(=O)c1cc2cc(S(N)(=O)=O)sc2s1)CCOC.Cl,8.6,active,Active,1.690122,0.0,0.0,0.0,0.0,0.0,0.0,0.0,0.0,0.0,0.0,0.0,0.0,0.0,0.0,0.0,0.0,0.0,0.0,0.4553549,0.0,0.0,2.4407945,0.0,0.0,2.4725487,0.0,0.0,0.0,0.0,0.0,0.0,0.8142371,0.0,0.0,1.9781171,0.0,0.0,0.0,0.0,0.0,1.8781708,0.0,0.0,2.7128537,1.8944337,0.0,0.0,2.0076783,0.0,2.2678638,0.0,0.0,0.0,0.1027497,0.0,0.0,2.2282195,0.0,0.0,0.0,0.0,0.0,0.0,2.2001371,0.0,2.9025722,0.0,0.0,0.0,0.75122285,0.0,0.0,0.0,0.0,0.0,0.0,0.0,0.0,0.0,0.0,0.0,0.0,0.0,0.0,0.0,0.0,2.0739608,0.0,0.0,2.1710086,0.0,0.0,2.9206214,0.0,2.2592702,0.0,0.0,0.0,0.0,0.0,0.0,0.0,0.0,0.0,2.135253,0.0,0.0,0.0,0.0,2.348239,1.6039517,2.7444377,0.0,0.0,0.0,0.0,2.9560153,0.0,0.21931437,0.0,0.0,0.0,0.0,0.0,0.0,0.0,0.0,0.9479901070236328,0.8055207482279522,0.9565217391304348,0.7826086956521738
COCCN(CCOC)CCC1CNc2cc(S(N)(=O)=O)sc2S1(=O)=O,CHEMBL309870,COCCN(CCOC)CCC1CNc2cc(S(N)(=O)=O)sc2S1(=O)=O,8.67,active,Active,1.2195859,0.0,0.0,0.0,0.0,0.0,0.0,0.0,0.0,0.0,0.0,0.0,0.0,0.0,0.0,0.0,0.0,0.0,0.0,0.0,0.0,0.0,1.7870262,0.0,0.0,1.54016,0.0,0.0,0.0,0.0,0.0,0.0,0.57953525,0.0,0.0,1.3942908,0.0,0.0,0.0,0.0,0.0,1.3926394,0.0,0.0,2.443106,1.9178039,0.0,0.0,1.3969074,0.0,1.4857414,0.0,0.0,0.0,0.0148368105,0.0,0.0,1.6481541,0.0,0.0,0.0,0.0,0.0,0.0,1.8081954,0.0,2.173207,0.0,0.0,0.0,1.0288426,0.0,0.0,0.0,0.0,0.0,0.0,0.0,0.0,0.0,0.0,0.0,0.0,0.0,0.0,0.0,0.0,1.5484773,0.0,0.0,1.4347396,0.0,0.0,2.0423691,0.0,1.4282626,0.0,0.0,0.0,0.0,0.0,0.0,0.0,0.0,0.0,1.530626,0.0,0.0,0.0,0.0,1.9239832,1.3663467,1.9733001,0.0,0.0,0.0,0.0,1.9066823,0.0,0.08003219,0.0,0.0,0.0,0.0,0.0,0.0,0.0,0.0,0.6962455013514437,0.7227384786556016,0.6956521739130435,0.7391304347826086
COCCN(CCOC)Cc1cc2cc(S(N)(=O)=O)oc2s1,CHEMBL103143,COCCN(CCOC)Cc1cc2cc(S(N)(=O)=O)oc2s1,8.29,active,Active,1.5231732,0.0,0.0,0.0,0.0,0.0,0.0,0.0,0.0,0.0,0.0,0.0,0.0,0.0,0.0,0.0,0.0,0.0,0.0,0.0,0.0,0.0,2.2252448,0.0,0.0,2.2768414,0.0,0.0,0.0,0.0,0.0,0.0,0.7437667,0.0,0.0,1.6227453,0.0,0.0,0.0,0.0,0.0,1.5673776,0.0,0.0,2.1993685,1.7943009,0.0,0.0,1.8375174,0.0,1.9410983,0.0,0.0,0.0,0.19100296,0.0,0.0,1.9579961,0.0,0.0,0.0,0.0,0.0,0.0,1.8394156,0.0,2.7354085,0.0,0.0,0.0,0.32786614,0.0,0.0,0.0,0.0,0.0,0.0,0.0,0.0,0.0,0.0,0.0,0.0,0.0,0.0,0.0,0.0,1.9153138,0.0,0.0,1.5743363,0.0,0.0,2.5443316,0.0,1.8976216,0.0,0.0,0.0,0.0,0.0,0.0,0.0,0.0,0.0,1.8335632,0.0,0.0,0.0,0.0,2.1638331,1.6070559,2.2713666,0.0,0.0,0.0,0.0,2.8827333,0.0,0.12979156,0.0,0.0,0.0,0.0,0.0,0.0,0.0,0.0,0.9053288090318845,0.7477769754117416,0.9347826086956521,0.7391304347826086
COCCN(CCOC)Cc1cc2cc(S(N)(=O)=O)sc2s1.Cl,CHEMBL554425,COCCN(CCOC)Cc1cc2cc(S(N)(=O)=O)sc2s1.Cl,8.38,active,Active,1.8675146,0.0,0.0,0.0,0.0,0.0,0.0,0.0,0.0,0.0,0.0,0.0,0.0,0.0,0.0,0.0,0.0,0.0,0.0,0.13354984,0.0,0.0,2.6245925,0.0,0.0,2.6519496,0.0,0.0,0.0,0.0,0.0,0.0,0.9403916,0.0,0.0,2.1724474,0.0,0.0,0.0,0.0,0.0,2.0040562,0.0,0.0,2.7610376,2.1029437,0.0,0.0,2.1948197,0.0,2.4316504,0.0,0.0,0.0,0.231909,0.0,0.0,2.3520858,0.0,0.0,0.0,0.0,0.0,0.0,2.2935495,0.0,3.121463,0.0,0.0,0.0,0.8027792,0.0,0.0,0.0,0.0,0.0,0.0,0.0,0.0,0.0,0.0,0.0,0.0,0.0,0.0,0.0,0.0,2.2549632,0.0,0.0,2.1520126,0.0,0.0,3.1184685,0.0,2.379559,0.0,0.0,0.0,0.0,0.0,0.0,0.0,0.0,0.0,2.221835,0.0,0.0,0.0,0.0,2.5340598,1.7912636,2.8492503,0.0,0.0,0.0,0.0,3.2585604,0.0,0.2724232,0.0,0.0,0.0,0.0,0.0,0.0,0.0,0.0,0.9869483718220645,0.8506536762437322,0.9782608695652174,0.8478260869565217
COCCN(CCOC)Cc1cc2sc(S(N)(=O)=O)cc2s1.Cl,CHEMBL544738,COCCN(CCOC)Cc1cc2sc(S(N)(=O)=O)cc2s1.Cl,8.6,active,Active,1.4375646,0.0,0.0,0.0,0.0,0.0,0.0,0.0,0.0,0.0,0.0,0.0,0.0,0.0,0.0,0.0,0.0,0.0,0.0,0.0,0.0,0.0,2.1027014,0.0,0.0,2.136777,0.0,0.0,0.0,0.0,0.0,0.0,0.69492644,0.0,0.0,1.4691182,0.0,0.0,0.0,0.0,0.0,1.4666705,0.0,0.0,2.179392,1.7491469,0.0,0.0,1.7289238,0.0,1.7869487,0.0,0.0,0.0,0.18353519,0.0,0.0,1.8339179,0.0,0.0,0.0,0.0,0.0,0.0,1.7582762,0.0,2.60897,0.0,0.0,0.0,0.32535055,0.0,0.0,0.0,0.0,0.0,0.0,0.0,0.0,0.0,0.0,0.0,0.0,0.0,0.0,0.0,0.0,1.7935325,0.0,0.0,1.4417944,0.0,0.0,2.4012008,0.0,1.7867672,0.0,0.0,0.0,0.0,0.0,0.0,0.0,0.0,0.0,1.7220716,0.0,0.0,0.0,0.0,2.071615,1.5033171,2.1368122,0.0,0.0,0.0,0.0,2.7154064,0.0,0.11154043,0.0,0.0,0.0,0.0,0.0,0.0,0.0,0.0,0.8993816960213245,0.7409278815420869,0.8913043478260869,0.7608695652173912
COCCNC(=O)c1cc(S(N)(=O)=O)ccc1SCCc1ccccc1,CHEMBL1096821,COCCNC(=O)c1cc(S(N)(=O)=O)ccc1SCCc1ccccc1,7.7,active,Active,0.56144726,0.0,0.0,0.0,0.0,0.0,0.0,0.0,0.0,0.0,0.0,0.0,0.0,0.0,0.0,0.0,0.0,0.0,0.0,0.0,0.0,0.0,1.1542029,0.0,0.0,1.1515204,0.0,0.0,0.0,0.0,0.0,0.0,0.14281096,0.0,0.0,0.7962552,0.0,0.0,0.0,0.0,0.0,0.5895631,0.0,0.0,1.4463705,0.904559,0.0,0.0,0.77112573,0.0,0.74089116,0.0,0.0,0.0,0.0,0.0,0.0,1.069924,0.0,0.0,0.0,0.0,0.0,0.0027280748,0.7695629,0.0,1.2120322,0.0,0.0,0.0,0.0,0.0,0.0,0.0,0.0,0.0,0.0,0.0,0.0,0.0,0.0,0.0,0.0,0.0,0.0,0.0,0.0,0.77889735,0.0,0.0,0.6787717,0.0,0.0,1.1108791,0.0,0.7372223,0.0,0.0,0.0,0.0,0.0,0.0,0.0,0.0,0.0,0.9891584,0.0,0.0,0.0,0.0,1.013032,0.75922126,1.0041392,0.0,0.0,0.0,0.0,1.1618246,0.0,0.0,0.0,0.0,0.0,0.0,0.0,0.0,0.0,0.0,0.4061102513185117,0.5797091699140678,0.41304347826086957,0.5869565217391304
COCCNC(=O)c1cc(S(N)(=O)=O)cnc1Sc1ccccc1,CHEMBL1098817,COCCNC(=O)c1cc(S(N)(=O)=O)cnc1Sc1ccccc1,7.24,active,Active,0.8861587,0.0,0.0,0.0,0.0,0.0,0.0,0.0,0.0,0.0,0.0,0.0,0.0,0.0,0.0,0.0,0.0,0.0,0.0,0.0,0.0,0.0,1.6584126,0.0,0.0,1.5330259,0.0,0.0,0.0,0.0,0.0,0.0,0.41283375,0.0,0.0,1.1866804,0.0,0.0,0.0,0.0,0.0,1.0871143,0.0,0.0,1.9649107,1.2580041,0.0,0.0,1.2459617,0.0,1.3326926,0.0,0.0,0.0,0.0,0.0,0.0,1.496256,0.0,0.0,0.0,0.0,0.0,0.0,1.2882121,0.0,1.8178962,0.0,0.0,0.0,0.24578539,0.0,0.0,0.0,0.0,0.0,0.0,0.0,0.0,0.0,0.0,0.0,0.0,0.0,0.0,0.0,0.0,1.3012016,0.0,0.0,1.1273363,0.0,0.0,1.8414439,0.0,1.2882243,0.0,0.0,0.0,0.0,0.0,0.0,0.0,0.0,0.0,1.2838845,0.0,0.0,0.0,0.0,1.4685937,0.956891,1.5387222,0.0,0.0,0.0,0.0,1.72019,0.0,0.0,0.0,0.0,0.0,0.0,0.0,0.0,0.0,0.0,0.5961957265216157,0.5532646071580906,0.6086956521739131,0.5217391304347826
COCCNCc1cc2cc(S(N)(=O)=O)oc2s1,CHEMBL317694,COCCNCc1cc2cc(S(N)(=O)=O)oc2s1,7.96,active,Active,1.2019216,0.0,0.0,0.0,0.0,0.0,0.0,0.0,0.0,0.0,0.0,0.0,0.0,0.0,0.0,0.0,0.0,0.0,0.0,0.0,0.0,0.0,2.153947,0.0,0.0,1.8556216,0.0,0.0,0.0,0.0,0.0,0.0,0.7922175,0.0,0.0,1.4786226,0.0,0.0,0.0,0.0,0.0,1.6089294,0.0,0.0,2.1721087,1.5933921,0.0,0.0,1.7797849,0.0,1.9800929,0.0,0.0,0.0,0.24791509,0.0,0.0,1.8382567,0.0,0.0,0.0,0.0,0.0,0.0,1.8115971,0.0,2.5545437,0.0,0.0,0.0,0.8448395,0.0,0.0,0.0,0.0,0.0,0.0,0.0,0.0,0.0,0.0,0.0,0.0,0.0,0.0,0.0,0.0,1.868469,0.0,0.0,1.3634956,0.0,0.0,2.5859466,0.0,1.9061587,0.0,0.0,0.0,0.0,0.0,0.0,0.0,0.0,0.0,1.3806082,0.0,0.0,0.0,0.0,1.9633572,1.0906787,2.035859,0.0,0.0,0.0,0.0,2.5087583,0.0,0.08131232,0.0,0.0,0.0,0.0,0.0,0.0,0.0,0.0,0.872623153255898,0.7121439365600447,0.8913043478260869,0.6739130434782609
COCCNCc1cc2cc(S(N)(=O)=O)sc2s1.Cl,CHEMBL544030,COCCNCc1cc2cc(S(N)(=O)=O)sc2s1.Cl,8.3,active,Active,1.6356636,0.0,0.0,0.0,0.0,0.0,0.0,0.0,0.0,0.0,0.0,0.0,0.0,0.0,0.0,0.0,0.0,0.0,0.0,0.0,0.0,0.0,2.6411207,0.0,0.0,2.3318698,0.0,0.0,0.0,0.0,0.0,0.0,1.0276867,0.0,0.0,2.1516373,0.0,0.0,0.0,0.0,0.0,2.1353538,0.0,0.0,2.8534594,1.977586,0.0,0.0,2.2153473,0.0,2.571867,0.0,0.0,0.0,0.29443768,0.0,0.0,2.321614,0.0,0.0,0.0,0.0,0.0,0.0,2.3628025,0.0,3.0313914,0.0,0.0,0.0,1.3925252,0.0,0.0,0.0,0.0,0.0,0.0,0.0,0.0,0.0,0.0,0.0,0.0,0.0,0.0,0.0,0.0,2.2820895,0.0,0.0,2.073885,0.0,0.0,3.2787638,0.0,2.489108,0.0,0.0,0.0,0.0,0.0,0.0,0.0,0.0,0.0,1.874461,0.0,0.0,0.0,0.0,2.4220786,1.3408448,2.7477977,0.0,0.0,0.0,0.0,2.9833906,0.0,0.25652325,0.0,0.0,0.0,0.0,0.0,0.0,0.0,0.0,0.9839680246380477,0.8468947156072762,0.9782608695652174,0.8260869565217391
COCCNCc1cc2sc(S(N)(=O)=O)cc2s1.Cl,CHEMBL556132,COCCNCc1cc2sc(S(N)(=O)=O)cc2s1.Cl,8.55,active,Active,1.1151984,0.0,0.0,0.0,0.0,0.0,0.0,0.0,0.0,0.0,0.0,0.0,0.0,0.0,0.0,0.0,0.0,0.0,0.0,0.0,0.0,0.0,2.009358,0.0,0.0,1.7082399,0.0,0.0,0.0,0.0,0.0,0.0,0.730545,0.0,0.0,1.3002388,0.0,0.0,0.0,0.0,0.0,1.4848342,0.0,0.0,2.1493616,1.549306,0.0,0.0,1.6513684,0.0,1.7914387,0.0,0.0,0.0,0.23587981,0.0,0.0,1.6943581,0.0,0.0,0.0,0.0,0.0,0.0,1.7148403,0.0,2.411005,0.0,0.0,0.0,0.81458485,0.0,0.0,0.0,0.0,0.0,0.0,0.0,0.0,0.0,0.0,0.0,0.0,0.0,0.0,0.0,0.0,1.7235152,0.0,0.0,1.2141474,0.0,0.0,2.4104922,0.0,1.771517,0.0,0.0,0.0,0.0,0.0,0.0,0.0,0.0,0.0,1.2694849,0.0,0.0,0.0,0.0,1.8622764,0.99227756,1.885373,0.0,0.0,0.0,0.0,2.3258882,0.0,0.061770506,0.0,0.0,0.0,0.0,0.0,0.0,0.0,0.0,0.8685129611092757,0.7111036286240223,0.8478260869565217,0.717391304347826
COCCOC(C)(C)C(=O)Oc1ccc2nc(S(N)(=O)=O)sc2c1,CHEMBL309608,COCCOC(C)(C)C(=O)Oc1ccc2nc(S(N)(=O)=O)sc2c1,8.85,active,Active,0.9454621,0.0,0.0,0.0,0.0,0.0,0.0,0.0,0.0,0.0,0.0,0.0,0.0,0.0,0.0,0.0,0.0,0.0,0.0,0.0,0.0,0.0,1.8219001,0.0,0.0,1.7481316,0.0,0.0,0.0,0.0,0.0,0.0,0.46190104,0.0,0.0,1.3153347,0.0,0.0,0.0,0.0,0.0,1.1607968,0.0,0.0,1.924676,1.2110233,0.0,0.0,1.3720286,0.0,1.4281465,0.0,0.0,0.0,0.0007317066,0.0,0.0,1.6038117,0.0,0.0,0.0,0.0,0.0,0.0,1.3082383,0.0,2.0487125,0.0,0.0,0.0,0.059421502,0.0,0.0,0.0,0.0,0.0,0.0,0.0,0.0,0.0,0.0,0.0,0.0,0.0,0.0,0.0,0.0,1.3541572,0.0,0.0,1.1821493,0.0,0.0,2.0118,0.0,1.4448946,0.0,0.0,0.0,0.0,0.0,0.0,0.0,0.0,0.0,1.3521588,0.0,0.0,0.0,0.0,1.5732001,0.9803959,1.7070196,0.0,0.0,0.0,0.0,2.0579207,0.0,0.0,0.0,0.0,0.0,0.0,0.0,0.0,0.0,0.0,0.6381992585198716,0.5338830478530483,0.6521739130434783,0.5
COCCOCCCNCc1cc2cc(S(N)(=O)=O)oc2s1,CHEMBL101792,COCCOCCCNCc1cc2cc(S(N)(=O)=O)oc2s1,7.85,active,Active,1.1515077,0.0,0.0,0.0,0.0,0.0,0.0,0.0,0.0,0.0,0.0,0.0,0.0,0.0,0.0,0.0,0.0,0.0,0.0,0.0,0.0,0.0,1.9578445,0.0,0.0,1.8592515,0.0,0.0,0.0,0.0,0.0,0.0,0.6602617,0.0,0.0,1.4356251,0.0,0.0,0.0,0.0,0.0,1.4345948,0.0,0.0,2.0500429,1.4513218,0.0,0.0,1.5827388,0.0,1.7021716,0.0,0.0,0.0,0.14881688,0.0,0.0,1.717915,0.0,0.0,0.0,0.0,0.0,0.0,1.5754521,0.0,2.319914,0.0,0.0,0.0,0.48831558,0.0,0.0,0.0,0.0,0.0,0.0,0.0,0.0,0.0,0.0,0.0,0.0,0.0,0.0,0.0,0.0,1.6312276,0.0,0.0,1.2984289,0.0,0.0,2.3245032,0.0,1.7156101,0.0,0.0,0.0,0.0,0.0,0.0,0.0,0.0,0.0,1.3814158,0.0,0.0,0.0,0.0,1.826724,1.0644026,1.9495666,0.0,0.0,0.0,0.0,2.3654115,0.0,0.04461912,0.0,0.0,0.0,0.0,0.0,0.0,0.0,0.0,0.7927238018220716,0.63131989586251,0.8260869565217391,0.5869565217391304
COCCOCCCNCc1cc2cc(S(N)(=O)=O)sc2s1.Cl,CHEMBL543798,COCCOCCCNCc1cc2cc(S(N)(=O)=O)sc2s1.Cl,8.19,active,Active,1.5120081,0.0,0.0,0.0,0.0,0.0,0.0,0.0,0.0,0.0,0.0,0.0,0.0,0.0,0.0,0.0,0.0,0.0,0.0,0.15646249,0.0,0.0,2.368819,0.0,0.0,2.2525165,0.0,0.0,0.0,0.0,0.0,0.0,0.8605169,0.0,0.0,1.9934632,0.0,0.0,0.0,0.0,0.0,1.8770466,0.0,0.0,2.6182048,1.7748756,0.0,0.0,1.9511187,0.0,2.2031116,0.0,0.0,0.0,0.19155723,0.0,0.0,2.1224425,0.0,0.0,0.0,0.0,0.0,0.0,2.041063,0.0,2.7240336,0.0,0.0,0.0,0.9562527,0.0,0.0,0.0,0.0,0.0,0.0,0.0,0.0,0.0,0.0,0.0,0.0,0.0,0.0,0.0,0.0,1.9832288,0.0,0.0,1.8881013,0.0,0.0,2.9081972,0.0,2.2054615,0.0,0.0,0.0,0.0,0.0,0.0,0.0,0.0,0.0,1.7893462,0.0,0.0,0.0,0.0,2.2116086,1.2722037,2.541442,0.0,0.0,0.0,0.0,2.7637315,0.0,0.19095394,0.0,0.0,0.0,0.0,0.0,0.0,0.0,0.0,0.9461403937607469,0.8060139881323193,0.9130434782608695,0.8043478260869565
COCCOCCN(CCOC)C(=O)CC1C(=O)Nc2cc(S(N)(=O)=O)sc2S1(=O)=O,CHEMBL309950,COCCOCCN(CCOC)C(=O)CC1C(=O)Nc2cc(S(N)(=O)=O)sc2S1(=O)=O,8.66,active,Active,0.9074352,0.0,0.0,0.0,0.0,0.0,0.0,0.0,0.0,0.0,0.0,0.0,0.0,0.0,0.0,0.0,0.0,0.0,0.0,0.0,0.0,0.0,1.3733186,0.0,0.0,1.1725032,0.0,0.0,0.0,0.0,0.0,0.0,0.37246153,0.0,0.0,1.0888686,0.0,0.0,0.0,0.0,0.0,0.96823937,0.0,0.0,2.045062,1.6229544,0.0,0.0,0.9808214,0.0,0.9992439,0.0,0.0,0.0,0.0,0.0,0.0,1.2465565,0.0,0.0,0.0,0.0,0.0,0.0,1.3987617,0.0,1.6255095,0.0,0.0,0.0,0.72636586,0.0,0.0,0.0,0.0,0.0,0.0,0.0,0.0,0.0,0.0,0.0,0.0,0.0,0.0,0.0,0.0,1.0281429,0.0,0.0,0.9393142,0.0,0.0,1.5730133,0.0,1.0512842,0.0,0.0,0.0,0.0,0.0,0.0,0.0,0.0,0.0,1.1993241,0.0,0.0,0.0,0.0,1.4781146,1.0614198,1.4716576,0.0,0.0,0.0,0.0,1.5164675,0.0,0.0,0.0,0.0,0.0,0.0,0.0,0.0,0.0,0.0,0.5731925981601769,0.5913720415839266,0.5652173913043478,0.6086956521739131
COCCOCCN(CCOC)C(C)c1cc2cc(S(N)(=O)=O)sc2s1.Cl,CHEMBL543319,COCCOCCN(CCOC)C(C)c1cc2cc(S(N)(=O)=O)sc2s1.Cl,9.3,active,Active,1.6977036,0.0,0.0,0.0,0.0,0.0,0.0,0.0,0.0,0.0,0.0,0.0,0.0,0.0,0.0,0.0,0.0,0.0,0.0,0.35870725,0.0,0.0,2.4057767,0.0,0.0,2.5437343,0.0,0.0,0.0,0.0,0.0,0.0,0.80532014,0.0,0.0,2.013134,0.0,0.0,0.0,0.0,0.0,1.8044327,0.0,0.0,2.5677981,1.8943936,0.0,0.0,1.9866731,0.0,2.1919239,0.0,0.0,0.0,0.1432324,0.0,0.0,2.1722383,0.0,0.0,0.0,0.0,0.0,0.0,2.0634828,0.0,2.876235,0.0,0.0,0.0,0.52525216,0.0,0.0,0.0,0.0,0.0,0.0,0.0,0.0,0.0,0.0,0.0,0.0,0.0,0.0,0.0,0.0,2.0176888,0.0,0.0,2.0190127,0.0,0.0,2.8602643,0.0,2.1936464,0.0,0.0,0.0,0.0,0.0,0.0,0.0,0.0,0.0,2.1330085,0.0,0.0,0.0,0.0,2.3199344,1.671611,2.6547925,0.0,0.0,0.0,0.0,3.0321786,0.0,0.2032932,0.0,0.0,0.0,0.0,0.0,0.0,0.0,0.0,0.9422075482198067,0.7985731540540421,0.9565217391304348,0.7608695652173912
COCCOCCN(CCOC)C(Cc1ccc(F)cc1)c1cc2cc(S(N)(=O)=O)sc2s1,CHEMBL50395,COCCOCCN(CCOC)C(Cc1ccc(F)cc1)c1cc2cc(S(N)(=O)=O)sc2s1,8.94,active,Active,1.5578645,0.0,0.0,0.0,0.0,0.0,0.0,0.0,0.0,0.0,0.0,0.0,0.0,0.0,0.0,0.0,0.0,0.0,0.0,0.22625044,0.0,0.0,2.1900895,0.0,0.0,2.4624436,0.0,0.0,0.0,0.0,0.0,0.0,0.6495154,0.0,0.0,1.8672057,0.0,0.0,0.0,0.0,0.0,1.4624513,0.0,0.0,2.2468495,1.66129,0.0,0.0,1.7670128,0.0,1.8217885,0.0,0.0,0.0,0.080358185,0.0,0.0,1.9910893,0.0,0.0,0.0,0.0,0.0,0.0,1.6207289,0.0,2.5033932,0.0,0.0,0.0,0.003478527,0.0,0.0,0.0,0.0,0.0,0.0,0.0,0.0,0.0,0.0,0.0,0.0,0.0,0.0,0.0,0.0,1.7144377,0.0,0.0,1.6897373,0.0,0.0,2.4084337,0.0,1.8400805,0.0,0.0,0.0,0.0,0.0,0.0,0.0,0.0,0.0,1.9752,0.0,0.0,0.0,0.0,2.08736,1.5871611,2.3059943,0.0,0.0,0.0,0.0,2.8385305,0.0,0.15262562,0.0,0.0,0.0,0.0,0.0,0.0,0.0,0.0,0.9118603712472518,0.7556177177717632,0.9130434782608695,0.7608695652173912
COCCOCCN(CCOC)CCC1C(=O)Nc2cc(S(N)(=O)=O)sc2S1(=O)=O,CHEMBL80060,COCCOCCN(CCOC)CCC1C(=O)Nc2cc(S(N)(=O)=O)sc2S1(=O)=O,8.29,active,Active,0.9108019,0.0,0.0,0.0,0.0,0.0,0.0,0.0,0.0,0.0,0.0,0.0,0.0,0.0,0.0,0.0,0.0,0.0,0.0,0.0,0.0,0.0,1.4145541,0.0,0.0,1.2086136,0.0,0.0,0.0,0.0,0.0,0.0,0.4157377,0.0,0.0,1.1310724,0.0,0.0,0.0,0.0,0.0,1.0270072,0.0,0.0,2.0525377,1.6108925,0.0,0.0,1.0362728,0.0,1.0814881,0.0,0.0,0.0,0.002163224,0.0,0.0,1.2815894,0.0,0.0,0.0,0.0,0.0,0.0,1.4224604,0.0,1.688784,0.0,0.0,0.0,0.77052295,0.0,0.0,0.0,0.0,0.0,0.0,0.0,0.0,0.0,0.0,0.0,0.0,0.0,0.0,0.0,0.0,1.0976162,0.0,0.0,0.9883372,0.0,0.0,1.647445,0.0,1.116402,0.0,0.0,0.0,0.0,0.0,0.0,0.0,0.0,0.0,1.2030067,0.0,0.0,0.0,0.0,1.5026957,1.0472628,1.5220826,0.0,0.0,0.0,0.0,1.5456799,0.0,0.0,0.0,0.0,0.0,0.0,0.0,0.0,0.0,0.0,0.576056010419888,0.5951833535814898,0.5652173913043478,0.6304347826086957
COCCOCCN(CCOC)CCC1CNc2cc(S(N)(=O)=O)sc2S1(=O)=O,CHEMBL311263,COCCOCCN(CCOC)CCC1CNc2cc(S(N)(=O)=O)sc2S1(=O)=O,8.84,active,Active,1.1856953,0.0,0.0,0.0,0.0,0.0,0.0,0.0,0.0,0.0,0.0,0.0,0.0,0.0,0.0,0.0,0.0,0.0,0.0,0.0,0.0,0.0,1.7021701,0.0,0.0,1.58175,0.0,0.0,0.0,0.0,0.0,0.0,0.5145542,0.0,0.0,1.3829578,0.0,0.0,0.0,0.0,0.0,1.2804936,0.0,0.0,2.27576,1.7999659,0.0,0.0,1.3156126,0.0,1.3556521,0.0,0.0,0.0,0.006450549,0.0,0.0,1.5768858,0.0,0.0,0.0,0.0,0.0,0.0,1.637226,0.0,2.0626683,0.0,0.0,0.0,0.7431907,0.0,0.0,0.0,0.0,0.0,0.0,0.0,0.0,0.0,0.0,0.0,0.0,0.0,0.0,0.0,0.0,1.4209232,0.0,0.0,1.3233973,0.0,0.0,1.9214404,0.0,1.3390666,0.0,0.0,0.0,0.0,0.0,0.0,0.0,0.0,0.0,1.5037587,0.0,0.0,0.0,0.0,1.8281178,1.3606431,1.8875271,0.0,0.0,0.0,0.0,1.90488,0.0,0.058490388,0.0,0.0,0.0,0.0,0.0,0.0,0.0,0.0,0.686177263483266,0.715128517930475,0.6956521739130435,0.717391304347826
COCCOCCN(CCOC)Cc1cc2cc(S(N)(=O)=O)oc2s1,CHEMBL103255,COCCOCCN(CCOC)Cc1cc2cc(S(N)(=O)=O)oc2s1,8.19,active,Active,1.4474294,0.0,0.0,0.0,0.0,0.0,0.0,0.0,0.0,0.0,0.0,0.0,0.0,0.0,0.0,0.0,0.0,0.0,0.0,0.018891787,0.0,0.0,2.074225,0.0,0.0,2.2366838,0.0,0.0,0.0,0.0,0.0,0.0,0.64868104,0.0,0.0,1.5821842,0.0,0.0,0.0,0.0,0.0,1.4163195,0.0,0.0,2.0344963,1.6724297,0.0,0.0,1.6903422,0.0,1.7355521,0.0,0.0,0.0,0.16013491,0.0,0.0,1.8381442,0.0,0.0,0.0,0.0,0.0,0.0,1.6373446,0.0,2.5397205,0.0,0.0,0.0,0.080627434,0.0,0.0,0.0,0.0,0.0,0.0,0.0,0.0,0.0,0.0,0.0,0.0,0.0,0.0,0.0,0.0,1.7233304,0.0,0.0,1.4284272,0.0,0.0,2.3438191,0.0,1.7378309,0.0,0.0,0.0,0.0,0.0,0.0,0.0,0.0,0.0,1.7660449,0.0,0.0,0.0,0.0,2.0238469,1.5715545,2.136101,0.0,0.0,0.0,0.0,2.763517,0.0,0.09883181,0.0,0.0,0.0,0.0,0.0,0.0,0.0,0.0,0.9028067340427856,0.7439936481333034,0.9130434782608695,0.7391304347826086
COCCOCCN(CCOC)Cc1cc2cc(S(N)(=O)=O)sc2s1.Cl,CHEMBL543559,COCCOCCN(CCOC)Cc1cc2cc(S(N)(=O)=O)sc2s1.Cl,8.55,active,Active,1.7549523,0.0,0.0,0.0,0.0,0.0,0.0,0.0,0.0,0.0,0.0,0.0,0.0,0.0,0.0,0.0,0.0,0.0,0.0,0.17634484,0.0,0.0,2.4333029,0.0,0.0,2.5700552,0.0,0.0,0.0,0.0,0.0,0.0,0.8262752,0.0,0.0,2.0700192,0.0,0.0,0.0,0.0,0.0,1.8084219,0.0,0.0,2.5376987,1.9501469,0.0,0.0,2.0120778,0.0,2.1774077,0.0,0.0,0.0,0.1975084,0.0,0.0,2.1913714,0.0,0.0,0.0,0.0,0.0,0.0,2.0468502,0.0,2.8887556,0.0,0.0,0.0,0.51025224,0.0,0.0,0.0,0.0,0.0,0.0,0.0,0.0,0.0,0.0,0.0,0.0,0.0,0.0,0.0,0.0,2.0311737,0.0,0.0,1.9450604,0.0,0.0,2.859421,0.0,2.1703064,0.0,0.0,0.0,0.0,0.0,0.0,0.0,0.0,0.0,2.1121128,0.0,0.0,0.0,0.0,2.3567395,1.7358727,2.6525092,0.0,0.0,0.0,0.0,3.1005652,0.0,0.22619668,0.0,0.0,0.0,0.0,0.0,0.0,0.0,0.0,0.9482989842863412,0.805863579496811,0.9347826086956521,0.8043478260869565
COCCOCCN(CCOC)c1cc2cc(S(N)(=O)=O)sc2s1,CHEMBL120046,COCCOCCN(CCOC)c1cc2cc(S(N)(=O)=O)sc2s1,8.55,active,Active,1.8158075,0.0,0.0,0.0,0.0,0.0,0.0,0.0,0.0,0.0,0.0,0.0,0.0,0.0,0.0,0.0,0.0,0.0,0.0,0.4155095,0.0,0.0,2.6488562,0.0,0.0,2.7705631,0.0,0.0,0.0,0.0,0.0,0.0,0.8905423,0.0,0.0,2.2212079,0.0,0.0,0.0,0.0,0.0,1.9818596,0.0,0.0,2.696457,1.9788502,0.0,0.0,2.2072122,0.0,2.4512506,0.0,0.0,0.0,0.19405285,0.0,0.0,2.3768144,0.0,0.0,0.0,0.0,0.0,0.0,2.2221859,0.0,3.141728,0.0,0.0,0.0,0.5658853,0.0,0.0,0.0,0.0,0.0,0.0,0.0,0.0,0.0,0.0,0.0,0.0,0.0,0.0,0.0,0.0,2.2463224,0.0,0.0,2.168216,0.0,0.0,3.148865,0.0,2.400962,0.0,0.0,0.0,0.0,0.0,0.0,0.0,0.0,0.0,2.2753258,0.0,0.0,0.0,0.0,2.49981,1.8100417,2.852317,0.0,0.0,0.0,0.0,3.30487,0.0,0.23102653,0.0,0.0,0.0,0.0,0.0,0.0,0.0,0.0,0.967427058318828,0.826149473491784,0.9782608695652174,0.7826086956521738
COCCOCCN(CCOCCOC)Cc1cc2cc(S(N)(=O)=O)sc2s1.Cl,CHEMBL555548,COCCOCCN(CCOCCOC)Cc1cc2cc(S(N)(=O)=O)sc2s1.Cl,8.4,active,Active,1.6656783,0.0,0.0,0.0,0.0,0.0,0.0,0.0,0.0,0.0,0.0,0.0,0.0,0.0,0.0,0.0,0.0,0.0,0.0,0.21028578,0.0,0.0,2.28159,0.0,0.0,2.5051048,0.0,0.0,0.0,0.0,0.0,0.0,0.7357693,0.0,0.0,1.9887828,0.0,0.0,0.0,0.0,0.0,1.6532644,0.0,0.0,2.3605683,1.8289635,0.0,0.0,1.8671443,0.0,1.9757668,0.0,0.0,0.0,0.17022505,0.0,0.0,2.0639083,0.0,0.0,0.0,0.0,0.0,0.0,1.8511925,0.0,2.704195,0.0,0.0,0.0,0.27824777,0.0,0.0,0.0,0.0,0.0,0.0,0.0,0.0,0.0,0.0,0.0,0.0,0.0,0.0,0.0,0.0,1.8536853,0.0,0.0,1.780926,0.0,0.0,2.6539693,0.0,2.0043468,0.0,0.0,0.0,0.0,0.0,0.0,0.0,0.0,0.0,2.0250926,0.0,0.0,0.0,0.0,2.2161064,1.6919426,2.4964726,0.0,0.0,0.0,0.0,2.9752574,0.0,0.18953428,0.0,0.0,0.0,0.0,0.0,0.0,0.0,0.0,0.9339426441240553,0.7872103981912641,0.9347826086956521,0.7608695652173912
COCCOCCNC(C)c1cc2cc(S(N)(=O)=O)sc2s1.Cl,CHEMBL553832,COCCOCCNC(C)c1cc2cc(S(N)(=O)=O)sc2s1.Cl,9.15,active,Active,1.4887223,0.0,0.0,0.0,0.0,0.0,0.0,0.0,0.0,0.0,0.0,0.0,0.0,0.0,0.0,0.0,0.0,0.0,0.0,0.18013504,0.0,0.0,2.3841083,0.0,0.0,2.2690616,0.0,0.0,0.0,0.0,0.0,0.0,0.84764373,0.0,0.0,1.9755691,0.0,0.0,0.0,0.0,0.0,1.8556474,0.0,0.0,2.5569792,1.7443813,0.0,0.0,1.9563756,0.0,2.227181,0.0,0.0,0.0,0.1900821,0.0,0.0,2.1149898,0.0,0.0,0.0,0.0,0.0,0.0,2.040131,0.0,2.7601392,0.0,0.0,0.0,0.8633009,0.0,0.0,0.0,0.0,0.0,0.0,0.0,0.0,0.0,0.0,0.0,0.0,0.0,0.0,0.0,0.0,1.9810494,0.0,0.0,1.8794702,0.0,0.0,2.918505,0.0,2.2147589,0.0,0.0,0.0,0.0,0.0,0.0,0.0,0.0,0.0,1.8129755,0.0,0.0,0.0,0.0,2.1798136,1.3085202,2.5174184,0.0,0.0,0.0,0.0,2.7913864,0.0,0.1717853,0.0,0.0,0.0,0.0,0.0,0.0,0.0,0.0,0.9387876384287609,0.7974759167817521,0.9130434782608695,0.7826086956521738
COCCOCCOCS(=O)(=O)CS(N)(=O)=O,CHEMBL66129,COCCOCCOCS(=O)(=O)CS(N)(=O)=O,5.89,inactive,Inactive,0.0,0.0,0.0,0.0,0.06420069,0.0,0.0,0.0,0.0,0.0,0.0,0.0,0.0,0.0,0.0,0.0,0.0,0.0,0.0,0.0,0.0,0.0,0.0,0.0,0.0,0.0,0.0,0.0,0.0,0.0,1.4830046,0.0,0.0,0.3813588,0.0,0.0,0.482383,0.89732146,0.0,0.0,0.0,0.0,0.15846586,0.0,1.581878,1.7898215,0.0,0.0,0.0,0.0,0.0,0.0,0.0,0.0,0.0,0.0,0.0,0.0,0.0,0.0,0.0,0.0,0.0,0.27624738,0.48673606,0.0,0.0,0.0,0.0,0.0,1.3074237,0.0,0.0,0.0,1.6832942,0.0,0.0,0.0,0.0,0.0,0.0,2.3098161,0.0,0.0,0.0,0.0,0.0,0.0,0.0,0.0,0.0,0.0,0.82599527,0.0,0.0,0.0,0.0,0.0,0.0,0.0,0.0,0.0,0.0,0.0,0.0,0.0,0.0,1.017817,0.0,0.0,0.50037986,0.29453555,0.0,0.0,0.0,0.0,0.0,0.0,0.0,0.0,0.0,0.3313924,0.0,0.0,1.1295996,0.0,0.0,0.0,0.17134309622546745,0.9143166971038945,0.13043478260869565,0.8695652173913043
COCc1ccc2sc(S(N)(=O)=O)cc2c1,CHEMBL83589,COCc1ccc2sc(S(N)(=O)=O)cc2c1,8.05,active,Active,1.2661546,0.0,0.0,0.0,0.0,0.0,0.0,0.0,0.0,0.0,0.0,0.0,0.0,0.0,0.0,0.0,0.0,0.0,0.0,0.0,0.0,0.0,2.2979228,0.0,0.0,2.1011677,0.0,0.0,0.0,0.0,0.0,0.0,0.7085325,0.0,0.0,1.7183307,0.0,0.0,0.0,0.0,0.0,1.4911835,0.0,0.0,2.2801402,1.6173048,0.0,0.0,1.7927309,0.0,1.8159496,0.0,0.0,0.0,0.17114264,0.0,0.0,2.0274024,0.0,0.0,0.0,0.0,0.0,0.0,1.5349002,0.0,2.4747112,0.0,0.0,0.0,0.19124457,0.0,0.0,0.0,0.0,0.0,0.0,0.0,0.0,0.0,0.0,0.0,0.0,0.0,0.0,0.0,0.0,1.8333297,0.0,0.0,1.2962948,0.0,0.0,2.470492,0.0,1.6650176,0.0,0.0,0.0,0.0,0.0,0.0,0.0,0.0,0.0,1.5920614,0.0,0.0,0.0,0.0,1.9911842,1.2811856,1.9793681,0.0,0.0,0.0,0.0,2.5169063,0.0,0.013319738,0.0,0.0,0.0,0.0,0.0,0.0,0.0,0.0,0.8247887669212232,0.6551944793532998,0.8478260869565217,0.6521739130434783
CO[C@@H]1O[C@H](CNC(=O)c2ccc(S(N)(=O)=O)cc2)[C@@H](O)[C@H](O)[C@@H]1O,CHEMBL5091927,CO[C@@H]1O[C@H](CNC(=O)c2ccc(S(N)(=O)=O)cc2)[C@@H](O)[C@H](O)[C@@H]1O,7.16,active,Active,1.7022219,0.0,0.0,0.0,0.0,0.0,0.0,0.0,0.0,0.0,0.0,0.0,0.0,0.0,0.0,0.0,0.0,0.0,0.0,0.0,0.0,0.0,1.7222625,0.0,0.0,2.116839,0.0,0.0,0.0,0.0,0.0,0.0,0.37758347,0.0,0.0,1.57456,0.0,0.0,0.0,0.0,0.0,0.9931167,0.0,0.0,2.1409836,1.9158957,0.0,0.0,1.1718471,0.0,0.81452256,0.0,0.0,0.0,0.0,0.0,0.0,1.7824568,0.0,0.0,0.0,0.0,0.0,0.0,1.172343,0.0,1.8782365,0.0,0.0,0.0,0.0,0.0,0.0,0.0,0.0,0.0,0.0,0.0,0.0,0.0,0.0,0.0,0.0,0.0,0.0,0.0,0.0,1.1788065,0.0,0.0,1.19574,0.0,0.0,1.4966743,0.0,0.94632745,0.0,0.0,0.0,0.0,0.0,0.0,0.0,0.0,0.0,1.8052796,0.0,0.0,0.0,0.0,1.9364636,1.8962983,1.9853072,0.0,0.0,0.0,0.07333025,2.3435934,0.0,0.12453682,0.0,0.0,0.0,0.0,0.0,0.0,0.0,0.0,0.8156348192756656,0.1483332644637272,0.8260869565217391,0.13043478260869565
CO[C@@H]1O[C@H](CNC(=O)c2ccc(S(N)(=O)=O)cc2)[C@@H](O)[C@H](O)[C@H]1N,CHEMBL5094148,CO[C@@H]1O[C@H](CNC(=O)c2ccc(S(N)(=O)=O)cc2)[C@@H](O)[C@H](O)[C@H]1N,6.92,medium,Medium,1.6125944,0.0,0.0,0.0,0.0,0.0,0.0,0.0,0.0,0.0,0.0,0.0,0.0,0.0,0.0,0.0,0.0,0.0,0.0,0.0,0.0,0.0,1.65092,0.0,0.0,2.0320199,0.0,0.0,0.0,0.0,0.0,0.0,0.36438423,0.0,0.0,1.4601691,0.0,0.0,0.0,0.0,0.0,0.95656425,0.0,0.0,2.1237917,1.8502473,0.0,0.0,1.1439787,0.0,0.8145923,0.0,0.0,0.0,0.0,0.0,0.0,1.7066063,0.0,0.0,0.0,0.0,0.0,0.0,1.168511,0.0,1.8362956,0.0,0.0,0.0,0.0,0.0,0.0,0.0,0.0,0.0,0.0,0.0,0.0,0.0,0.0,0.0,0.0,0.0,0.0,0.0,0.0,1.1675949,0.0,0.0,1.2176151,0.0,0.0,1.4646493,0.0,0.9385976,0.0,0.0,0.0,0.0,0.0,0.0,0.0,0.0,0.0,1.7742611,0.0,0.0,0.0,0.0,1.8799789,1.8135222,1.923847,0.0,0.0,0.0,0.051233634,2.2260966,0.0,0.11578206,0.0,0.0,0.0,0.0,0.0,0.0,0.0,0.0,0.8219960791578995,0.15541674650818404,0.8260869565217391,0.15217391304347827
CO[C@@H]1O[C@H](CNC(=O)c2ccc(S(N)(=O)=O)cc2)[C@@H](O)[C@H](O)[C@H]1O,CHEMBL5077053,CO[C@@H]1O[C@H](CNC(=O)c2ccc(S(N)(=O)=O)cc2)[C@@H](O)[C@H](O)[C@H]1O,7.0,active,Active,1.7022219,0.0,0.0,0.0,0.0,0.0,0.0,0.0,0.0,0.0,0.0,0.0,0.0,0.0,0.0,0.0,0.0,0.0,0.0,0.0,0.0,0.0,1.7222625,0.0,0.0,2.116839,0.0,0.0,0.0,0.0,0.0,0.0,0.37758347,0.0,0.0,1.57456,0.0,0.0,0.0,0.0,0.0,0.9931167,0.0,0.0,2.1409836,1.9158957,0.0,0.0,1.1718471,0.0,0.81452256,0.0,0.0,0.0,0.0,0.0,0.0,1.7824568,0.0,0.0,0.0,0.0,0.0,0.0,1.172343,0.0,1.8782365,0.0,0.0,0.0,0.0,0.0,0.0,0.0,0.0,0.0,0.0,0.0,0.0,0.0,0.0,0.0,0.0,0.0,0.0,0.0,0.0,1.1788065,0.0,0.0,1.19574,0.0,0.0,1.4966743,0.0,0.94632745,0.0,0.0,0.0,0.0,0.0,0.0,0.0,0.0,0.0,1.8052796,0.0,0.0,0.0,0.0,1.9364636,1.8962983,1.9853072,0.0,0.0,0.0,0.07333025,2.3435934,0.0,0.12453682,0.0,0.0,0.0,0.0,0.0,0.0,0.0,0.0,0.8164623240604878,0.14959930764771148,0.8043478260869565,0.15217391304347827
CO[C@@H]1O[C@H](CNC(=O)c2ccc(S(N)(=O)=O)cc2)[C@H](O)[C@H](O)[C@H]1O,CHEMBL5082693,CO[C@@H]1O[C@H](CNC(=O)c2ccc(S(N)(=O)=O)cc2)[C@H](O)[C@H](O)[C@H]1O,7.22,active,Active,1.7022219,0.0,0.0,0.0,0.0,0.0,0.0,0.0,0.0,0.0,0.0,0.0,0.0,0.0,0.0,0.0,0.0,0.0,0.0,0.0,0.0,0.0,1.7222625,0.0,0.0,2.116839,0.0,0.0,0.0,0.0,0.0,0.0,0.37758347,0.0,0.0,1.57456,0.0,0.0,0.0,0.0,0.0,0.9931167,0.0,0.0,2.1409836,1.9158957,0.0,0.0,1.1718471,0.0,0.81452256,0.0,0.0,0.0,0.0,0.0,0.0,1.7824568,0.0,0.0,0.0,0.0,0.0,0.0,1.172343,0.0,1.8782365,0.0,0.0,0.0,0.0,0.0,0.0,0.0,0.0,0.0,0.0,0.0,0.0,0.0,0.0,0.0,0.0,0.0,0.0,0.0,0.0,1.1788065,0.0,0.0,1.19574,0.0,0.0,1.4966743,0.0,0.94632745,0.0,0.0,0.0,0.0,0.0,0.0,0.0,0.0,0.0,1.8052796,0.0,0.0,0.0,0.0,1.9364636,1.8962983,1.9853072,0.0,0.0,0.0,0.07333025,2.3435934,0.0,0.12453682,0.0,0.0,0.0,0.0,0.0,0.0,0.0,0.0,0.817669486958586,0.150941097399532,0.8478260869565217,0.13043478260869565
CO[C@@H]1O[C@H](CO)[C@@H](O)[C@H](O)[C@H]1NC(=O)c1ccc(S(N)(=O)=O)cc1,CHEMBL5080007,CO[C@@H]1O[C@H](CO)[C@@H](O)[C@H](O)[C@H]1NC(=O)c1ccc(S(N)(=O)=O)cc1,8.0,active,Active,1.7565033,0.0,0.0,0.0,0.0,0.0,0.0,0.0,0.0,0.0,0.0,0.0,0.0,0.0,0.0,0.0,0.0,0.0,0.0,0.0,0.0,0.0,1.7412516,0.0,0.0,2.175253,0.0,0.0,0.0,0.19992387,0.0,0.0,0.3804632,0.0,0.0,1.6365849,0.0,0.0,0.0,0.0,0.0,0.9662582,0.0,0.0,2.1203449,1.9585838,0.0,0.0,1.1625566,0.0,0.7708242,0.0,0.0,0.0,0.028696142,0.0,0.0,1.800357,0.0,0.0,0.0,0.0,0.0,0.0,1.1332765,0.0,1.8782297,0.0,0.0,0.0,0.0,0.0,0.0,0.0,0.0,0.0,0.0,0.0,0.0,0.0,0.0,0.019093875,0.0,0.0,0.0,0.0,0.0,1.1476767,0.0,0.0,1.1379262,0.0,0.0,1.4856354,0.0,0.9241739,0.0,0.0,0.0,0.0,0.0,0.0,0.0,0.0,0.0,1.8143666,0.0,0.0,0.0,0.0,1.9550588,1.9540861,1.9966457,0.0,0.0,0.0,0.08460162,2.425015,0.0,0.13505635,0.0,0.0,0.0,0.0,0.0,0.0,0.0,0.0,0.8040221950939459,0.1389014634503647,0.8260869565217391,0.10869565217391304
COc1cc(/C=C/C(=O)N[C@@H]2[C@@H](O)[C@H](O)[C@@H](CO)O[C@H]2NC(=S)Nc2ccc(S(N)(=O)=O)cc2)cc(OC)c1OC,CHEMBL4096770,COc1cc(/C=C/C(=O)N[C@@H]2[C@@H](O)[C@H](O)[C@@H](CO)O[C@H]2NC(=S)Nc2ccc(S(N)(=O)=O)cc2)cc(OC)c1OC,7.26,active,Active,1.5140988,0.0,0.0,0.0,0.0,0.0,0.0,0.0,0.0,0.0,0.0,0.0,0.0,0.0,0.0,0.0,0.0,0.0,0.0,0.120813034,0.0,0.0,1.8164177,0.0,0.0,2.2954338,0.0,0.0,0.0,0.58293545,0.0,0.0,0.3082779,0.0,0.0,1.5747687,0.0,0.0,0.0,0.0,0.38385296,0.94258124,0.0,0.0,1.967001,1.5178378,0.0,0.0,1.2370294,0.0,0.99403137,0.0,0.0,0.0,0.0,0.0,0.0,1.8038654,0.0,0.0,0.0,0.0,0.0,0.0,1.0770154,0.0,1.9504321,0.0,0.0,0.0,0.0,0.0,0.0,0.0,0.0,0.0,0.0,0.0,0.0,0.0,0.0,0.0,0.0,0.0,0.0,0.0,0.0,1.1951878,0.0,0.0,1.2986685,0.0,0.0,1.6167364,0.0,1.1174092,0.0,0.0,0.0,0.0,0.0,0.0,0.0,0.0,0.31049946,1.853774,0.0,0.0,0.0,0.0,1.8069533,1.7393891,1.9647697,0.0,0.0,0.0,0.0,2.428526,0.0,0.0490549,0.0,0.0,0.0,0.0,0.0,0.0,0.0,0.0,0.8489654429121586,0.18413878268299305,0.8695652173913043,0.19565217391304346
COc1cc(/C=C/C(=O)O)ccc1O,CHEMBL32749,COc1cc(/C=C/C(=O)O)ccc1O,5.19,inactive,Inactive,0.80639875,0.0,0.0,0.0,0.0,0.0,1.499201,0.0,0.5051599,0.0,0.0,0.0,0.0,0.0,0.0,0.0,0.0,0.0,0.0,1.338107,0.0,0.0,1.6144819,0.0,1.4858125,2.1418352,0.0,0.0,0.0,1.1849852,0.0,0.0,0.1039591,0.0,0.0,1.239492,0.0,0.0,1.2689161,0.4631007,1.9150207,0.6635853,0.0,0.0,1.34354,0.49155438,0.0,0.0,1.1512554,0.6700226,1.1344444,0.0,0.0,0.0,0.0,0.0,0.0,1.5019023,0.0,0.0,0.0,0.0,0.0,0.111885026,0.6748951,0.0,1.6592774,0.0,0.98954314,0.0,0.0,0.0,0.0,0.9091801,0.0,0.0,0.0,0.0,0.0,0.0,0.0,0.0,0.0,0.0,0.0,0.0,0.4885856,1.0178366,0.02386375,0.0,1.289369,0.0,0.0,1.4682157,0.0,1.1704679,0.0,0.0,0.0,0.0,0.0,0.0,0.0,0.0,1.6369162,1.605477,0.0,0.0,0.0,0.0,1.2123308,1.0791836,1.4997889,0.0,0.0,0.026534043,0.0,1.9830124,0.0,0.0,0.8785283,0.0,0.0,0.0,0.0,0.0,0.0,0.0,0.3461234029753598,0.03532368402619772,0.3695652173913043,0.043478260869565216
COc1cc(/C=C/C(=O)O)ccc1OCc1cn(-c2ccc(C(=O)O)cc2)nn1,CHEMBL4642019,COc1cc(/C=C/C(=O)O)ccc1OCc1cn(-c2ccc(C(=O)O)cc2)nn1,5.7,inactive,Inactive,0.8363956,0.0,0.0,0.0,0.0,0.0,1.6069163,0.0,0.6470291,0.0,0.0,0.0,0.0,0.0,0.0,0.0,0.0,0.0,0.0,1.4559537,0.0,0.0,1.793809,0.0,2.0350435,2.3032858,0.0,0.0,0.0,1.2558644,0.0,0.12730436,0.18383886,0.0,0.0,1.3169211,0.0,0.0,2.007836,0.61585236,1.9504259,0.7221911,0.15678728,0.0,1.2507273,0.44742525,0.0,0.0,1.3191371,1.1638931,1.2576942,0.0,0.0041924305,0.0,0.0,0.0,0.0,1.6045456,0.0,0.0,0.0,0.0,0.28232098,0.227739,0.64080524,0.0,1.8521907,0.0,1.4905158,0.0,0.0,0.0,0.0,1.4483827,0.0,0.0,0.0,0.0,0.0,0.0,0.0,0.0,0.0,0.0,0.0,0.0,0.8012959,1.1173576,0.4312715,0.0,1.2058142,0.0,0.0,1.6368937,0.0,1.2913592,0.0,0.0,0.0,0.0,0.0,0.0,0.0,0.0,2.1086273,1.5575713,0.0,0.0,0.0,0.0,1.285413,1.0653765,1.536337,0.0,0.0,0.6799926,0.0,2.287973,0.0,0.0,1.2896256,0.0,0.0,0.0,0.0,0.0,0.0,0.0,0.3446664114291913,0.015057246425655903,0.32608695652173914,0.043478260869565216
COc1cc(/C=C/C(=O)O)ccc1OCc1cn(-c2ccc(C)cc2)nn1,CHEMBL4642730,COc1cc(/C=C/C(=O)O)ccc1OCc1cn(-c2ccc(C)cc2)nn1,5.45,inactive,Inactive,0.6887485,0.0,0.0,0.0,0.13592404,0.0,1.0722978,0.0,0.4132107,0.0,0.0,0.0,0.0,0.0,0.0,0.0,0.0,0.0,0.0,1.0457277,0.0,0.0,1.5803546,0.0,1.783775,2.0887742,0.0,0.0,0.0,1.1789196,0.04099805,0.17009349,0.08638401,0.08335641,0.0,1.1540629,0.009263143,0.0,1.8055611,0.662126,1.5269878,0.5130757,0.43317652,0.0,1.126161,0.3759449,0.0,0.0,1.1050901,0.97318405,0.98318034,0.0,0.123529285,0.0,0.0,0.0,0.0,1.392167,0.0,0.0,0.0,0.0,0.49329734,0.3627894,0.44171977,0.0,1.5743009,0.0,1.2561172,0.0,0.0,0.0,0.0,1.3816627,0.0,0.0,0.0,0.0,0.0,0.0,0.0,0.0,0.0,0.0,0.0,0.0,0.829511,0.84122676,0.5780266,0.0,0.9431185,0.0,0.0,1.3607364,0.0,1.0683224,0.0,0.0,0.0,0.0,0.0,0.0,0.0,0.0,1.8442684,1.3592521,0.0,0.0,0.0,0.0033714622,1.1262043,0.91156447,1.2748432,0.0,0.0,1.0244853,0.0,2.0709198,0.0,0.0,1.0643592,0.0,0.0,0.0,0.0,0.0,0.0,0.0,0.3463628272328759,0.011760956633625839,0.3695652173913043,0.0
COc1cc(/C=C/C(=O)O)ccc1OCc1cn(-c2ccc(Cl)cc2)nn1,CHEMBL4639923,COc1cc(/C=C/C(=O)O)ccc1OCc1cn(-c2ccc(Cl)cc2)nn1,5.73,inactive,Inactive,0.8434392,0.0,0.0,0.0,0.0,0.0,1.2370391,0.0,0.49278647,0.0,0.0,0.0,0.0,0.0,0.0,0.0,0.0,0.0,0.0,1.2174766,0.0,0.0,1.8024176,0.0,1.8179448,2.283918,0.0,0.0,0.0,0.92576927,0.0,0.06157294,0.22560978,0.0,0.0,1.3106055,0.0,0.0,1.8372831,0.35700193,1.5314013,0.7384058,0.2544936,0.0,1.2831898,0.5032007,0.0,0.0,1.351614,0.98206156,1.2834951,0.0,0.009279275,0.0,0.0,0.0,0.0,1.593593,0.0,0.0,0.0,0.0,0.36048687,0.23372442,0.64964575,0.0,1.8559502,0.0,1.3698641,0.0,0.0,0.0,0.0,1.3227491,0.0,0.0,0.0,0.0,0.0,0.0,0.0,0.0,0.0,0.0,0.0,0.0,0.537127,1.1537433,0.44303456,0.0,1.1596974,0.0,0.0,1.6826925,0.0,1.2994694,0.0,0.0,0.0,0.0,0.0,0.0,0.0,0.0,1.8631552,1.5229999,0.0,0.0,0.0,0.0,1.3148543,1.0491124,1.5050712,0.0,0.0,0.74648964,0.0,2.292679,0.0,0.0,1.070084,0.0,0.0,0.0,0.0,0.0,0.0,0.0,0.34862422891631617,0.04101124591596852,0.3913043478260869,0.043478260869565216
COc1cc(/C=C/C(=O)O)ccc1OCc1cn(-c2ccc(F)cc2)nn1,CHEMBL4641975,COc1cc(/C=C/C(=O)O)ccc1OCc1cn(-c2ccc(F)cc2)nn1,5.18,inactive,Inactive,0.7729089,0.0,0.0,0.0,0.11505948,0.0,1.373343,0.0,0.5532015,0.0,0.0,0.0,0.0,0.0,0.0,0.0,0.0,0.0,0.0,1.2816296,0.0,0.0,1.73635,0.0,2.02431,2.2422159,0.0,0.0,0.0,1.0962027,0.0,0.13886808,0.18100786,0.030346401,0.0,1.2577978,0.0,0.0,2.0705538,0.5793071,1.6987115,0.6595749,0.3799038,0.0,1.1770324,0.41175154,0.0,0.0,1.2874101,1.2036929,1.2071863,0.0,0.15946223,0.0,0.0,0.0,0.0,1.5323948,0.0,0.0,0.0,0.0,0.47185344,0.36054647,0.55210567,0.0,1.7785306,0.0,1.534795,0.0,0.0,0.0,0.0,1.5089471,0.0,0.0,0.0,0.0,0.0,0.0,0.0,0.0,0.0,0.0,0.0,0.0,0.77444005,1.0691267,0.5658442,0.0,1.0824382,0.0,0.0,1.5850701,0.0,1.2289202,0.0,0.0,0.0,0.0,0.0,0.0,0.0,0.0,2.0241537,1.4673237,0.0,0.0,0.0,0.0,1.2315916,0.9948851,1.4148769,0.0,0.0,0.9424614,0.0,2.2308526,0.0,0.0,1.2677145,0.0,0.0,0.0,0.0,0.0,0.0,0.0,0.342603453947716,0.018610392005459827,0.30434782608695654,0.043478260869565216
COc1cc(/C=C/C(=O)O)ccc1OCc1cn(-c2ccc([N+](=O)[O-])cc2)nn1,CHEMBL4636417,COc1cc(/C=C/C(=O)O)ccc1OCc1cn(-c2ccc([N+](=O)[O-])cc2)nn1,5.56,inactive,Inactive,0.6591047,0.0,0.0,0.0,0.041518345,0.0,1.3889232,0.0,0.50263494,0.0,0.0,0.0,0.0,0.0,0.0,0.0,0.0,0.0,0.0,1.2537899,0.0,0.0,1.5794493,0.0,1.915016,2.0555768,0.0,0.0,0.0,1.2546992,0.0,0.14674059,0.105163574,0.0,0.0,1.1461271,0.0,0.0,1.9056017,0.68018985,1.7842983,0.53419036,0.33954984,0.0,1.0737711,0.3223711,0.0,0.0,1.1154447,1.122941,1.0307803,0.0,0.16812374,0.0,0.0,0.0,0.0,1.3854038,0.0,0.0,0.0,0.0,0.44615316,0.37709078,0.46526575,0.0,1.5887839,0.0,1.3633461,0.0,0.0,0.0,0.0,1.4183573,0.0,0.0,0.0,0.0,0.0,0.0,0.0,0.0,0.0,0.0,0.0,0.0,0.8709987,0.8691516,0.52968264,0.0,0.9750815,0.0,0.0,1.3825656,0.0,1.099353,0.0,0.0,0.0,0.0,0.0,0.0,0.0,0.0,1.9727163,1.3401189,0.0,0.0,0.0,0.0,1.0828433,0.88195246,1.2845408,0.0,0.0,0.9358876,0.0,2.0250604,0.0,0.0,1.203052,0.0,0.0,0.0,0.0,0.0,0.0,0.0,0.3488577148520738,0.01098013497513675,0.41304347826086957,0.021739130434782608
COc1cc(/C=C/C(=O)O)ccc1OCc1cn(-c2cccc(C)c2)nn1,CHEMBL4640484,COc1cc(/C=C/C(=O)O)ccc1OCc1cn(-c2cccc(C)c2)nn1,5.68,inactive,Inactive,0.7140014,0.0,0.0,0.0,0.07401146,0.0,1.071872,0.0,0.42851946,0.0,0.0,0.0,0.0,0.0,0.0,0.0,0.0,0.0,0.0,1.0547423,0.0,0.0,1.6092879,0.0,1.7802738,2.1278703,0.0,0.0,0.0,1.172545,0.0,0.1633358,0.09279515,0.015281115,0.0,1.1846619,0.0,0.0,1.7935271,0.6453114,1.5253233,0.5386803,0.38876057,0.0,1.1658444,0.4014551,0.0,0.0,1.1256601,0.9366486,1.0148278,0.0,0.06950587,0.0,0.0,0.0,0.0,1.4255656,0.0,0.0,0.0,0.0,0.44623893,0.32404363,0.47573286,0.0,1.613567,0.0,1.2486863,0.0,0.0,0.0,0.0,1.3604753,0.0,0.0,0.0,0.0,0.0,0.0,0.0,0.0,0.0,0.0,0.0,0.0,0.80875355,0.87260187,0.5432002,0.0,0.9724019,0.0,0.0,1.4089787,0.0,1.0984907,0.0,0.0,0.0,0.0,0.0,0.0,0.0,0.0,1.8422507,1.3967599,0.0,0.0,0.0,0.0,1.1553876,0.9465441,1.3176966,0.0,0.0,0.96097404,0.0,2.112282,0.0,0.0,1.0566982,0.0,0.0,0.0,0.0,0.0,0.0,0.0,0.34760452819927967,0.013017564666183512,0.3913043478260869,0.021739130434782608
COc1cc(/C=C/C(=O)O)ccc1OCc1cn(-c2cccc(Cl)c2)nn1,CHEMBL4641866,COc1cc(/C=C/C(=O)O)ccc1OCc1cn(-c2cccc(Cl)c2)nn1,5.17,inactive,Inactive,0.8692566,0.0,0.0,0.0,0.0,0.0,1.2722417,0.0,0.5069274,0.0,0.0,0.0,0.0,0.0,0.0,0.0,0.0,0.0,0.0,1.2760187,0.0,0.0,1.8370417,0.0,1.7939768,2.314385,0.0,0.0,0.0,0.8683067,0.0,0.030545807,0.25243255,0.0,0.0,1.3390929,0.0,0.0,1.8163059,0.26644167,1.5231714,0.78482467,0.19311829,0.0,1.3132678,0.5255486,0.0,0.0,1.3882248,0.93251556,1.3371668,0.0,0.0,0.0,0.0,0.0,0.0,1.6226994,0.0,0.0,0.0,0.0,0.3385539,0.18955098,0.6959744,0.0,1.9151233,0.0,1.3563842,0.0,0.0,0.0,0.0,1.2944379,0.0,0.0,0.0,0.0,0.0,0.0,0.0,0.0,0.0,0.0,0.0,0.0,0.45763856,1.1925446,0.39756587,0.0,1.1887554,0.0,0.0,1.753972,0.0,1.3597611,0.0,0.0,0.0,0.0,0.0,0.0,0.0,0.0,1.851025,1.5358793,0.0,0.0,0.0,0.0,1.3442409,1.0506403,1.5540864,0.0,0.0,0.68207794,0.0,2.3546276,0.0,0.0,1.0423096,0.0,0.0,0.0,0.0,0.0,0.0,0.0,0.3463854463920293,0.041999451695176666,0.34782608695652173,0.06521739130434782
COc1cc(/C=C/C(=O)O)ccc1OCc1cn(-c2cccc(F)c2)nn1,CHEMBL4637712,COc1cc(/C=C/C(=O)O)ccc1OCc1cn(-c2cccc(F)c2)nn1,5.01,inactive,Inactive,0.7829857,0.0,0.0,0.0,0.10396102,0.0,1.3663765,0.0,0.5688939,0.0,0.0,0.0,0.0,0.0,0.0,0.0,0.0,0.0,0.0,1.3010799,0.0,0.0,1.746701,0.0,2.004076,2.2446606,0.0,0.0,0.0,1.0611309,0.0,0.13424237,0.19738823,0.01731243,0.0,1.2508078,0.0,0.0,2.055902,0.5321019,1.6692859,0.68100876,0.35583466,0.0,1.1803861,0.42383948,0.0,0.0,1.3011036,1.163864,1.2287568,0.0,0.12787351,0.0,0.0,0.0,0.0,1.5364063,0.0,0.0,0.0,0.0,0.48216563,0.30721223,0.586946,0.0,1.8151493,0.0,1.5176513,0.0,0.0,0.0,0.0,1.4923697,0.0,0.0,0.0,0.0,0.0,0.0,0.0,0.0,0.0,0.0,0.0,0.0,0.74781334,1.0858247,0.5525178,0.0,1.075729,0.0,0.0,1.6228753,0.0,1.2601634,0.0,0.0,0.0,0.0,0.0,0.0,0.0,0.0,2.018041,1.4529933,0.0,0.0,0.0,0.0,1.242689,0.9960971,1.4353839,0.0,0.0,0.92438257,0.0,2.264245,0.0,0.0,1.2500119,0.0,0.0,0.0,0.0,0.0,0.0,0.0,0.3448972205413805,0.017713865716709746,0.34782608695652173,0.043478260869565216
COc1cc(/C=C/C(=O)O)ccc1OCc1cn(-c2cccc([N+](=O)[O-])c2)nn1,CHEMBL4640224,COc1cc(/C=C/C(=O)O)ccc1OCc1cn(-c2cccc([N+](=O)[O-])c2)nn1,5.7,inactive,Inactive,0.6602689,0.0,0.0,0.0,0.041281432,0.0,1.3933783,0.0,0.50706875,0.0,0.0,0.0,0.0,0.0,0.0,0.0,0.0,0.0,0.0,1.2503123,0.0,0.0,1.582928,0.0,1.9237888,2.0626354,0.0,0.0,0.0,1.2533231,0.0,0.14648871,0.10691112,0.0,0.0,1.15159,0.0,0.0,1.9222317,0.6785134,1.7853856,0.5374603,0.3388394,0.0,1.0770525,0.32162824,0.0,0.0,1.1180767,1.1238215,1.037,0.0,0.16132571,0.0,0.0,0.0,0.0,1.3894894,0.0,0.0,0.0,0.0,0.44324613,0.37713295,0.46994072,0.0,1.5978146,0.0,1.3741682,0.0,0.0,0.0,0.0,1.4231596,0.0,0.0,0.0,0.0,0.0,0.0,0.0,0.0,0.0,0.0,0.0,0.0,0.8747178,0.8762308,0.52818936,0.0,0.9762946,0.0,0.0,1.3983645,0.0,1.1067816,0.0,0.0,0.0,0.0,0.0,0.0,0.0,0.0,1.9787754,1.3419536,0.0,0.0,0.0,0.0,1.0877763,0.8850553,1.2918216,0.0,0.0,0.9341377,0.0,2.0342143,0.0,0.0,1.2100785,0.0,0.0,0.0,0.0,0.0,0.0,0.0,0.347951930588556,0.009136004747360241,0.3913043478260869,0.0
COc1cc(/C=C/C(=O)O)ccc1OCc1cn(-c2ccccc2C)nn1,CHEMBL4635469,COc1cc(/C=C/C(=O)O)ccc1OCc1cn(-c2ccccc2C)nn1,5.38,inactive,Inactive,0.74789333,0.0,0.0,0.0,0.0,0.0,1.2137502,0.0,0.5397485,0.0,0.0,0.0,0.0,0.0,0.0,0.0,0.0,0.0,0.0,1.1963546,0.0,0.0,1.6503205,0.0,1.8586321,2.1818793,0.0,0.0,0.0,1.2002434,0.0,0.17155765,0.109422505,0.0,0.0,1.2335033,0.0,0.0,1.8328979,0.67241037,1.6558932,0.58715534,0.29794943,0.0,1.185167,0.42259973,0.0,0.0,1.1704477,0.9874118,1.0900439,0.0,0.021813633,0.0,0.0,0.0,0.0,1.4714303,0.0,0.0,0.0,0.0,0.33655846,0.2755474,0.5410281,0.0,1.6804698,0.0,1.3286731,0.0,0.0,0.0,0.0,1.365011,0.0,0.0,0.0,0.0,0.0,0.0,0.0,0.0,0.0,0.0,0.0,0.0,0.802497,0.93594867,0.46523213,0.0,1.0331197,0.0,0.0,1.4761126,0.0,1.1521368,0.0,0.0,0.0,0.0,0.0,0.0,0.0,0.0,1.9229593,1.4569339,0.0,0.0,0.0,0.0,1.1758847,1.0113012,1.3808357,0.0,0.0,0.7921982,0.0,2.1472008,0.0,0.0,1.1599987,0.0,0.0,0.0,0.0,0.0,0.0,0.0,0.34388673725497376,0.01183442575111766,0.32608695652173914,0.021739130434782608
COc1cc(/C=C/C(=O)O)ccc1OCc1cn(-c2ccccc2Cl)nn1,CHEMBL4632577,COc1cc(/C=C/C(=O)O)ccc1OCc1cn(-c2ccccc2Cl)nn1,4.85,inactive,Inactive,0.8267405,0.0,0.0,0.0,0.0,0.0,1.1579264,0.0,0.46495414,0.0,0.0,0.0,0.0,0.0,0.0,0.0,0.0,0.0,0.0,1.1735976,0.0,0.0,1.7461576,0.0,1.6744498,2.2197971,0.0,0.0,0.0,0.837412,0.0,0.03168422,0.22360387,0.0,0.0,1.2952329,0.0,0.0,1.6815898,0.27387378,1.445488,0.7312664,0.18942295,0.0,1.2839973,0.51833916,0.0,0.0,1.3052281,0.84878945,1.2580019,0.0,0.0,0.0,0.0,0.0,0.0,1.5545495,0.0,0.0,0.0,0.0,0.28174463,0.22014995,0.66416085,0.0,1.8136436,0.0,1.2687478,0.0,0.0,0.0,0.0,1.1922807,0.0,0.0,0.0,0.0,0.0,0.0,0.0,0.0,0.0,0.0,0.0,0.0,0.42180407,1.1212975,0.34144038,0.0,1.1288524,0.0,0.0,1.6701262,0.0,1.2803248,0.0,0.0,0.0,0.0,0.0,0.0,0.0,0.0,1.7308627,1.486278,0.0,0.0,0.0,0.0,1.2794293,1.0284309,1.4868158,0.0,0.0,0.6068837,0.0,2.23338,0.0,0.0,0.98268497,0.0,0.0,0.0,0.0,0.0,0.0,0.0,0.34829335591257493,0.04622708715356207,0.3695652173913043,0.06521739130434782
COc1cc(/C=C/C(=O)O)ccc1OCc1cn(-c2ccccc2F)nn1,CHEMBL4647534,COc1cc(/C=C/C(=O)O)ccc1OCc1cn(-c2ccccc2F)nn1,4.97,inactive,Inactive,0.74218154,0.0,0.0,0.0,0.05943334,0.0,1.2849433,0.0,0.54036963,0.0,0.0,0.0,0.0,0.0,0.0,0.0,0.0,0.0,0.0,1.229985,0.0,0.0,1.667267,0.0,1.9206573,2.1690958,0.0,0.0,0.0,1.0551531,0.0,0.14013213,0.16576615,0.0,0.0,1.2163908,0.0,0.0,1.9560828,0.5601098,1.6270978,0.62747926,0.3636716,0.0,1.1531218,0.40900162,0.0,0.0,1.2249334,1.1140479,1.1538817,0.0,0.14357159,0.0,0.0,0.0,0.0,1.4780898,0.0,0.0,0.0,0.0,0.4324054,0.35463166,0.5519428,0.0,1.7221981,0.0,1.4586166,0.0,0.0,0.0,0.0,1.4151397,0.0,0.0,0.0,0.0,0.0,0.0,0.0,0.0,0.0,0.0,0.0,0.0,0.73031765,1.0167054,0.5024923,0.0,1.0222365,0.0,0.0,1.544773,0.0,1.1867685,0.0,0.0,0.0,0.0,0.0,0.0,0.0,0.0,1.9317464,1.4139936,0.0,0.0,0.0,0.0,1.1791986,0.9776912,1.373271,0.0,0.0,0.86228025,0.0,2.1524959,0.0,0.0,1.2200756,0.0,0.0,0.0,0.0,0.0,0.0,0.0,0.34656035215727327,0.015471654705337476,0.3695652173913043,0.021739130434782608
COc1cc(/C=C/C(=O)O)ccc1OCc1cn(-c2ccccc2OC)nn1,CHEMBL4641337,COc1cc(/C=C/C(=O)O)ccc1OCc1cn(-c2ccccc2OC)nn1,5.28,inactive,Inactive,0.90652704,0.0,0.0,0.0,0.0,0.0,1.6135799,0.0,0.7542864,0.0,0.0,0.0,0.0,0.0,0.0,0.0,0.0,0.0,0.0,1.5283177,0.0,0.0,1.8529937,0.0,2.1119828,2.4302735,0.0,0.0,0.0,1.2834059,0.0,0.166008,0.20732129,0.0,0.0,1.3998631,0.0,0.0,2.0781288,0.6905692,1.9870373,0.7637292,0.14492829,0.0,1.3137971,0.51299745,0.0,0.0,1.3738546,1.1913366,1.3313844,0.0,0.0,0.0,0.0,0.0,0.0,1.6744777,0.0,0.0,0.0,0.0,0.19950366,0.21871224,0.69167453,0.0,1.9376202,0.0,1.5884165,0.0,0.0,0.0,0.0,1.4893577,0.0,0.0,0.0,0.0,0.0,0.0,0.0,0.0,0.0,0.0,0.0,0.0,0.8115279,1.1900558,0.39106384,0.0,1.2722731,0.0,0.0,1.7281921,0.0,1.3466756,0.0,0.0,0.0,0.0,0.0,0.0,0.0,0.0,2.181193,1.6701626,0.0,0.0,0.0,0.0,1.34947,1.1721509,1.616213,0.0,0.0,0.5650215,0.0,2.3868933,0.0,0.0,1.3928378,0.0,0.0,0.0,0.0,0.0,0.0,0.0,0.34404304261855334,0.009981517994354379,0.34782608695652173,0.0
COc1cc(/C=C/C(=O)O)ccc1OCc1cn(-c2ccccc2[N+](=O)[O-])nn1,CHEMBL4632515,COc1cc(/C=C/C(=O)O)ccc1OCc1cn(-c2ccccc2[N+](=O)[O-])nn1,5.56,inactive,Inactive,0.74484336,0.0,0.0,0.0,0.0,0.0,1.4767336,0.0,0.57861423,0.0,0.0,0.0,0.0,0.0,0.0,0.0,0.0,0.0,0.0,1.335849,0.0,0.0,1.6495879,0.0,1.9199631,2.1477227,0.0,0.0,0.0,1.2173693,0.0,0.12556624,0.14477858,0.0,0.0,1.2194471,0.0,0.0,1.9003646,0.61829716,1.8466713,0.6205129,0.215975,0.0,1.1669496,0.3915477,0.0,0.0,1.1939826,1.0919441,1.1264668,0.0,0.06337328,0.0,0.0,0.0,0.0,1.4819977,0.0,0.0,0.0,0.0,0.30841064,0.3197071,0.56578517,0.0,1.6930367,0.0,1.4010202,0.0,0.0,0.0,0.0,1.3745304,0.0,0.0,0.0,0.0,0.0,0.0,0.0,0.0,0.0,0.0,0.0,0.0,0.7869167,0.9915965,0.42005402,0.0,1.0747393,0.0,0.0,1.5127349,0.0,1.1792014,0.0,0.0,0.0,0.0,0.0,0.0,0.0,0.0,1.9809141,1.4340874,0.0,0.0,0.0,0.0,1.1655406,0.97811216,1.4071332,0.0,0.0,0.71492696,0.0,2.1158116,0.0,0.0,1.2338977,0.0,0.0,0.0,0.0,0.0,0.0,0.0,0.34551780334222554,0.013038931626861096,0.34782608695652173,0.021739130434782608
COc1cc(O)c(/C=C\C(=O)O)cc1[C@@H](O)CC(C)C,CHEMBL560175,COc1cc(O)c(/C=C\C(=O)O)cc1[C@@H](O)CC(C)C,7.23,active,Active,1.3060335,0.0,0.0,0.0,0.0,0.0,1.8653926,0.0,0.43865633,0.0,0.0,0.0,0.0,0.0,0.0,0.0,0.0,0.0,0.0,1.8383799,0.0,0.0,1.878689,0.0,0.694034,2.5123162,0.0,0.0,0.0,0.84185743,0.0,0.0,0.3215864,0.0,0.0,1.4265457,0.0,0.0,0.3574202,0.0,2.1277103,1.1086109,0.0,0.0,1.9850156,1.0410446,0.0,0.0,1.4206947,0.0,1.4368538,0.0,0.0,0.0,0.0,0.0,0.0,1.8281192,0.0,0.0,0.0,0.0,0.0,0.0,1.1815177,0.0,2.197281,0.0,0.16240625,0.0,0.0,0.0,0.0,0.14422539,0.0,0.0,0.0,0.0,0.0,0.0,0.0,0.0,0.0,0.0,0.0,0.0,0.0,1.4494349,0.0,0.0,1.8344522,0.0,0.0,1.9151444,0.0,1.5951723,0.0,0.0,0.0,0.0,0.0,0.0,0.0,0.0,1.1482497,2.0111847,0.0,0.0,0.0,0.0,1.7714809,1.369451,2.1726434,0.0,0.0,0.0,0.04734555,2.4982374,0.0,0.0,0.09222864,0.0,0.0,0.0,0.0,0.0,0.0,0.0,0.5870114039728288,0.30265884459309245,0.5652173913043478,0.30434782608695654
COc1cc(OC)c(OC)cc1/C=C/C(=O)N[C@@H]1[C@@H](O)[C@H](O)[C@@H](CO)O[C@H]1NC(=S)Nc1ccc(S(N)(=O)=O)cc1,CHEMBL4070358,COc1cc(OC)c(OC)cc1/C=C/C(=O)N[C@@H]1[C@@H](O)[C@H](O)[C@@H](CO)O[C@H]1NC(=S)Nc1ccc(S(N)(=O)=O)cc1,7.2,active,Active,1.5318543,0.0,0.0,0.0,0.0,0.0,0.0,0.0,0.0,0.0,0.0,0.0,0.0,0.0,0.0,0.0,0.0,0.0,0.0,0.14256498,0.0,0.0,1.8470949,0.0,0.0,2.3206358,0.0,0.0,0.0,0.56678706,0.0,0.0,0.32483557,0.0,0.0,1.5835408,0.0,0.0,0.0,0.0,0.38299876,0.9696323,0.0,0.0,1.9815116,1.528858,0.0,0.0,1.2660557,0.0,1.0324329,0.0,0.0,0.0,0.0,0.0,0.0,1.8269317,0.0,0.0,0.0,0.0,0.0,0.0,1.1057248,0.0,1.9996523,0.0,0.0,0.0,0.0,0.0,0.0,0.0,0.0,0.0,0.0,0.0,0.0,0.0,0.0,0.0,0.0,0.0,0.0,0.0,0.0,1.2296262,0.0,0.0,1.3139819,0.0,0.0,1.6662499,0.0,1.1567415,0.0,0.0,0.0,0.0,0.0,0.0,0.0,0.0,0.33477476,1.8613555,0.0,0.0,0.0,0.0,1.8332076,1.747808,1.9973748,0.0,0.0,0.0,0.0,2.4788527,0.0,0.054716982,0.0,0.0,0.0,0.0,0.0,0.0,0.0,0.0,0.8451534207339709,0.17990464022362376,0.8478260869565217,0.17391304347826086
COc1cc2c(cc1O)CC[C@@H]1[C@@H]2CC[C@]2(C)[C@@H](OS(N)(=O)=O)CC[C@@H]12,CHEMBL374721,COc1cc2c(cc1O)CC[C@@H]1[C@@H]2CC[C@]2(C)[C@@H](OS(N)(=O)=O)CC[C@@H]12,6.28,medium,Medium,0.602532,0.0,0.0,0.46269405,0.0,0.0,0.0,0.0,0.0,0.0,0.0,0.0,0.0,0.0,0.0,0.0,0.0,0.0,0.0,0.0,0.0,0.0,0.7071089,0.0,0.0,0.56799936,0.0,0.0,0.0,0.0,0.0,0.0,0.11707361,0.0,0.0,0.0,0.0,0.0,0.0,0.0,0.0,0.51817256,0.0,0.0,1.906644,1.2908454,0.0,0.0,0.50276625,0.0,0.0,0.0,0.0,0.0,0.0,0.0,0.0,0.79271466,0.0,0.0,0.0,0.0,0.0,1.3042003,0.44639647,0.0,1.1030897,0.0,0.0,0.0,0.18145207,0.0,0.0,0.0,0.1442625,0.0,0.0,0.0,0.0,0.0,0.0,0.0,0.0,0.0,0.0,0.0,0.0,0.7419363,0.0,0.0,0.65192264,0.0,0.0,0.28681624,0.0,0.0007968545,0.0,0.0,0.0,0.0,0.0,0.0,0.0,0.0,0.0,0.45516756,0.0,0.0,0.0,0.0,1.5843292,0.8214165,0.9148237,0.0,0.0,0.0,0.0,0.5638559,0.0,0.0,0.0,0.0,0.0,0.0,0.0,0.0,0.0,0.0,0.24733775807573016,0.611905035480092,0.2391304347826087,0.5869565217391304
COc1cc2c(cc1OS(N)(=O)=O)CC[C@@H]1[C@@H]2CC[C@]2(C)C(=O)CC[C@@H]12,CHEMBL372231,COc1cc2c(cc1OS(N)(=O)=O)CC[C@@H]1[C@@H]2CC[C@]2(C)C(=O)CC[C@@H]12,6.42,medium,Medium,0.64497936,0.0,0.0,0.7050436,0.0,0.0,0.0,0.0,0.0,0.0,0.0,0.0,0.0,0.0,0.0,0.0,0.0,0.0,0.0,0.0,0.0,0.0,0.8526023,0.0,0.0,0.67147046,0.0,0.0,0.0,0.0,0.0,0.0,0.15683557,0.0,0.0,0.15330285,0.0,0.0,0.0,0.0,0.0,0.6640937,0.0,0.0,1.9971962,1.3353475,0.0,0.0,0.60078365,0.0,0.00978706,0.0,0.0,0.0,0.0,0.0,0.0,0.9093943,0.0,0.0,0.0,0.0,0.0,1.0896943,0.60100996,0.0,1.2503879,0.0,0.0,0.0,0.34653714,0.0,0.0,0.0,0.16201562,0.0,0.0,0.0,0.0,0.0,0.0,0.0,0.0,0.0,0.0,0.0,0.0,0.8360496,0.0,0.0,0.7819835,0.0,0.0,0.47755003,0.0,0.19049034,0.0,0.0,0.0,0.0,0.0,0.0,0.0,0.0,0.0,0.5338666,0.0,0.0,0.0,0.0,1.6378146,0.831974,1.0741142,0.0,0.0,0.0,0.0,0.6979317,0.0,0.0,0.0,0.0,0.0,0.0,0.0,0.0,0.0,0.0,0.2542715095101202,0.6088885190410032,0.2391304347826087,0.5652173913043478
COc1cc2c(cc1OS(N)(=O)=O)CC[C@@H]1[C@@H]2CC[C@]2(C)[C@@H](CC#N)CC[C@@H]12,CHEMBL408967,COc1cc2c(cc1OS(N)(=O)=O)CC[C@@H]1[C@@H]2CC[C@]2(C)[C@@H](CC#N)CC[C@@H]12,5.82,inactive,Inactive,0.3103209,0.0,0.0,1.2170193,0.0,0.0,0.0,0.0,0.0,0.0,0.0,0.0,0.0,0.0,0.0,0.0,0.0,0.0,0.0,0.0,0.0,0.0,0.33358034,0.0,0.0,0.15071066,0.0,0.0,0.0,0.0,0.0,0.0,0.0,0.0,0.0,0.0,0.0,0.0,0.0,0.0,0.0,0.16750774,0.0,0.0,1.6767077,1.0420437,0.0,0.0,0.091500476,0.0,0.0,0.0,0.0,0.0,0.0,0.0,0.0,0.4194472,0.0,0.0,0.0,0.0,0.0,1.350328,0.1711099,0.0,0.6267844,0.0,0.0,0.0,0.215765,0.0,0.0,0.0,0.2813027,0.0,0.0,0.0,0.0,0.0,0.0,0.0,0.0,0.0,0.0,0.0,0.0,0.18180792,0.0,0.0,0.31247282,0.0,0.0,0.0,0.0,0.0,0.0,0.0,0.0,0.0,0.0,0.0,0.0,0.0,0.0,0.07055768,0.0,0.0,0.0,0.0,1.2394215,0.43467766,0.57858264,0.0,0.0,0.0,0.0,0.18206517,0.0,0.0,0.0,0.0,0.0,0.0,0.0,0.0,0.0,0.0,0.23936359224087467,0.6215315573441738,0.19565217391304346,0.6304347826086957
COc1cc2ncnc(Nc3ccc(Cl)c(C(F)(F)F)c3)c2cc1OCCCCC(=O)Nc1ccc(S(N)(=O)=O)cc1,CHEMBL4861346,COc1cc2ncnc(Nc3ccc(Cl)c(C(F)(F)F)c3)c2cc1OCCCCC(=O)Nc1ccc(S(N)(=O)=O)cc1,6.45,medium,Medium,0.5929395,0.0,0.0,0.0,0.0,0.0,0.0,0.0,0.0,0.0,0.0,0.0,0.0,0.0,0.0,0.0,0.0,0.0,0.0,0.0,0.0,0.0,1.3745503,0.0,0.0,1.3747133,0.0,0.0,0.0,0.0,0.0,0.0,0.26882792,0.081926584,0.0,0.76996624,0.0,0.0,0.0,0.0,0.0,0.6561273,0.0,0.0,1.6049345,0.8852191,0.0,0.0,0.9977224,0.0,0.90201527,0.0,0.0,0.0,0.0,0.0,0.0,1.1927269,0.0,0.0,0.0,0.0,0.0,0.22421977,0.746831,0.0,1.4519553,0.0,0.0,0.0,0.0,0.0,0.0,0.0,0.0,0.0,0.0,0.0,0.0,0.0,0.0,0.0,0.0,0.0,0.0,0.0,0.0,0.9761644,0.0,0.0,0.7420773,0.0,0.0,1.4434574,0.0,0.9351484,0.0,0.0,0.0,0.0,0.0,0.0,0.0,0.0,0.0,1.0276139,0.0,0.0,0.0,0.0,1.2013818,0.654019,1.0721331,0.0,0.0,0.011126136,0.0,1.533588,0.0,0.0,0.0,0.0,0.0,0.0,0.0,0.0,0.0,0.0,0.44072343270219,0.560404476288733,0.45652173913043476,0.5434782608695652
COc1cc2ncnc(Nc3cccc(C(F)(F)F)c3)c2cc1OCCCCC(=O)Nc1ccc(S(N)(=O)=O)cc1,CHEMBL4853833,COc1cc2ncnc(Nc3cccc(C(F)(F)F)c3)c2cc1OCCCCC(=O)Nc1ccc(S(N)(=O)=O)cc1,6.56,medium,Medium,0.5367682,0.0,0.0,0.0,0.0009307787,0.0,0.0,0.0,0.0,0.0,0.0,0.0,0.0,0.0,0.0,0.0,0.0,0.0,0.0,0.0,0.0,0.0,1.3331234,0.0,0.0,1.3716794,0.0,0.0,0.0,0.0,0.08971115,0.0,0.21893159,0.15489455,0.0,0.7380209,0.0,0.0,0.0,0.0,0.0,0.5771056,0.077893525,0.0,1.5067165,0.7969561,0.0,0.0,0.9466549,0.0,0.8299495,0.0,0.0,0.0,0.0,0.0,0.0,1.1604123,0.0,0.0,0.0,0.0,0.0740526,0.37471431,0.64970344,0.0,1.3886122,0.0,0.0,0.0,0.0,0.0,0.0,0.0,0.0,0.0,0.0,0.0,0.0,0.0,0.0,0.0,0.0,0.0,0.0,0.0,0.0,0.9088624,0.0,0.0,0.6869262,0.0,0.0,1.3386782,0.0,0.85595316,0.0,0.0,0.0,0.0,0.0,0.0,0.0,0.0,0.0,1.012192,0.0,0.0,0.0,0.0,1.1293011,0.64976954,0.99641216,0.0,0.0,0.19657777,0.0,1.4766371,0.0,0.0,0.0,0.0,0.0,0.0,0.0,0.0,0.0,0.0,0.4115251695380296,0.5628590831960503,0.43478260869565216,0.5652173913043478
COc1ccc(-c2c(N)oc3cc(Cl)ccc3c2=O)cc1,CHEMBL2019144,COc1ccc(-c2c(N)oc3cc(Cl)ccc3c2=O)cc1,5.09,inactive,Inactive,0.87927926,0.0,0.0,0.0,0.23017815,0.0,1.7193894,0.0,0.5047498,0.0,0.0,0.0,0.0,0.0,0.0,0.0,0.0,0.0,0.0,1.6556154,0.0,0.0,2.1335218,0.0,2.104447,2.5771532,0.0,0.0,0.0,0.50602,0.009815881,0.0,0.37684026,0.359445,0.0,1.5345079,0.057822846,0.0,2.22167,0.0,1.6729888,0.99762565,0.2614265,0.0,1.4169433,0.420812,0.0,0.0,1.6785703,1.2715757,1.7165104,0.0,0.29395166,0.0,0.0,0.0,0.0,1.841243,0.0,0.0,0.0,0.0,0.49840713,0.48155472,0.75985104,0.0,2.2021058,0.0,1.7483468,0.0,0.0,0.0,0.0,1.5668231,0.0,0.0,0.0,0.0,0.0,0.0,0.0,0.0,0.0,0.0,0.0,0.0,0.06704834,1.4734603,0.44946912,0.0,1.3976225,0.0,0.0,2.13938,0.0,1.6785086,0.0,0.0,0.0,0.0,0.0,0.0,0.0,0.0,2.0104995,1.6156887,0.0,0.0,0.0,0.0,1.4739012,0.9407934,1.7123315,0.0,0.0,0.8644011,0.0,2.615087,0.0,0.0,1.1561983,0.0,0.0,0.0,0.0,0.0,0.0,0.0,0.36325108323301114,0.09581081537955619,0.3913043478260869,0.08695652173913043
COc1ccc(-c2c(N)oc3cc(Cl)ccc3c2=O)cc1OC,CHEMBL2019147,COc1ccc(-c2c(N)oc3cc(Cl)ccc3c2=O)cc1OC,4.86,inactive,Inactive,1.0222955,0.0,0.0,0.0,0.0,0.0,1.7641491,0.0,0.5865299,0.0,0.0,0.0,0.0,0.0,0.0,0.0,0.0,0.0,0.0,1.7341089,0.0,0.0,2.2255485,0.0,1.9639289,2.6934938,0.0,0.0,0.0,0.54979444,0.0,0.0,0.4256757,0.0,0.0,1.6003032,0.0,0.0,2.0335147,0.0,1.7169635,1.1135398,0.0,0.0,1.5710697,0.56943434,0.0,0.0,1.7576389,0.9917818,1.827165,0.0,0.0,0.0,0.0,0.0,0.0,1.9444071,0.0,0.0,0.0,0.0,0.2665814,0.1740414,0.9415237,0.0,2.3763268,0.0,1.5708784,0.0,0.0,0.0,0.0,1.4047823,0.0,0.0,0.0,0.0,0.0,0.0,0.0,0.0,0.0,0.0,0.0,0.0,0.004089847,1.5967796,0.27763936,0.0,1.553965,0.0,0.0,2.303316,0.0,1.8134634,0.0,0.0,0.0,0.0,0.0,0.0,0.0,0.0,1.9831474,1.7600619,0.0,0.0,0.0,0.0,1.6205902,1.0779732,1.9153987,0.0,0.0,0.5081061,0.0,2.7892797,0.0,0.0,1.0277604,0.0,0.0,0.0,0.0,0.0,0.0,0.0,0.35116442881868254,0.08445442114859127,0.3913043478260869,0.06521739130434782
COc1ccc(-c2c(N)oc3cc(OC)ccc3c2=O)cc1,CHEMBL2019150,COc1ccc(-c2c(N)oc3cc(OC)ccc3c2=O)cc1,5.06,inactive,Inactive,0.9886533,0.0,0.0,0.0,0.0,0.0,2.2292302,0.0,0.8580043,0.0,0.0,0.0,0.0,0.0,0.0,0.0,0.0,0.0,0.0,2.0479245,0.0,0.0,2.249238,0.0,2.5931041,2.820042,0.0,0.0,0.0,1.0575367,0.0,0.0,0.3569733,0.0,0.0,1.6536988,0.0,0.0,2.651702,0.30795184,2.304809,1.0353323,0.17775111,0.0,1.4579599,0.43988013,0.0,0.0,1.7511476,1.635379,1.7941895,0.0,0.21816409,0.0,0.0,0.0,0.0,1.9786367,0.0,0.0,0.0,0.0,0.3627655,0.4301703,0.80587614,0.0,2.3467648,0.0,2.0918524,0.0,0.0,0.0,0.0,1.8903244,0.0,0.0,0.0,0.0,0.0,0.0,0.0,0.0,0.0,0.0,0.0,0.0,0.55094934,1.5554005,0.49253064,0.0,1.5717682,0.0,0.0,2.1968622,0.0,1.7466671,0.0,0.0,0.0,0.0,0.0,0.0,0.0,0.0,2.530026,1.8459682,0.0,0.0,0.0,0.0,1.5662776,1.1380181,1.8736087,0.0,0.0,0.7653406,0.0,2.7975342,0.0,0.0,1.628966,0.0,0.0,0.0,0.0,0.0,0.0,0.0,0.3327369270628976,0.08150555444526326,0.30434782608695654,0.08695652173913043
COc1ccc(-c2c(N)oc3ccc(Cl)cc3c2=O)cc1,CHEMBL2019143,COc1ccc(-c2c(N)oc3ccc(Cl)cc3c2=O)cc1,5.44,inactive,Inactive,0.87910163,0.0,0.0,0.0,0.23114288,0.0,1.7208234,0.0,0.5042723,0.0,0.0,0.0,0.0,0.0,0.0,0.0,0.0,0.0,0.0,1.654575,0.0,0.0,2.1338856,0.0,2.1069348,2.5782135,0.0,0.0,0.0,0.508145,0.012860123,0.0,0.37614712,0.36053926,0.0,1.53564,0.0590462,0.0,2.2246335,0.0,1.6752542,0.9969799,0.26285613,0.0,1.4171903,0.42005134,0.0,0.0,1.6785108,1.2745695,1.7162995,0.0,0.29521745,0.0,0.0,0.0,0.0,1.8418326,0.0,0.0,0.0,0.0,0.49774897,0.48460326,0.7583626,0.0,2.20129,0.0,1.750658,0.0,0.0,0.0,0.0,1.5686831,0.0,0.0,0.0,0.0,0.0,0.0,0.0,0.0,0.0,0.0,0.0,0.0,0.06908598,1.4735625,0.45042968,0.0,1.3987025,0.0,0.0,2.1389763,0.0,1.6777145,0.0,0.0,0.0,0.0,0.0,0.0,0.0,0.0,2.0119245,1.6170679,0.0,0.0,0.0,0.0,1.4741154,0.9411724,1.7121191,0.0,0.0,0.8656722,0.0,2.6145315,0.0,0.0,1.1579978,0.0,0.0,0.0,0.0,0.0,0.0,0.0,0.36233045668723357,0.09905281786231394,0.3913043478260869,0.10869565217391304
COc1ccc(-c2c(N)oc3ccc(Cl)cc3c2=O)cc1OC,CHEMBL2019146,COc1ccc(-c2c(N)oc3ccc(Cl)cc3c2=O)cc1OC,5.12,inactive,Inactive,1.0221335,0.0,0.0,0.0,0.0,0.0,1.7654582,0.0,0.586094,0.0,0.0,0.0,0.0,0.0,0.0,0.0,0.0,0.0,0.0,1.7331588,0.0,0.0,2.2258804,0.0,1.9662011,2.6944618,0.0,0.0,0.0,0.5517346,0.0,0.0,0.42504296,0.0,0.0,1.601337,0.0,0.0,2.0362208,0.0,1.7190319,1.1129502,0.0,0.0,1.5712953,0.56873983,0.0,0.0,1.7575843,0.9945151,1.8269726,0.0,0.0,0.0,0.0,0.0,0.0,1.9449455,0.0,0.0,0.0,0.0,0.2659805,0.17682484,0.9401646,0.0,2.375582,0.0,1.5729885,0.0,0.0,0.0,0.0,1.4064806,0.0,0.0,0.0,0.0,0.0,0.0,0.0,0.0,0.0,0.0,0.0,0.0,0.005950168,1.5968729,0.27851635,0.0,1.554951,0.0,0.0,2.3029475,0.0,1.8127385,0.0,0.0,0.0,0.0,0.0,0.0,0.0,0.0,1.9844487,1.7613211,0.0,0.0,0.0,0.0,1.6207857,1.0783192,1.9152048,0.0,0.0,0.50926644,0.0,2.788772,0.0,0.0,1.0294034,0.0,0.0,0.0,0.0,0.0,0.0,0.0,0.35089580605145276,0.08518671950080725,0.3695652173913043,0.08695652173913043
COc1ccc(-c2c(N)oc3ccccc3c2=O)cc1,CHEMBL2019142,COc1ccc(-c2c(N)oc3ccccc3c2=O)cc1,5.19,inactive,Inactive,0.7621201,0.0,0.0,0.0,0.31602794,0.0,2.1374784,0.0,0.7610141,0.0,0.0,0.0,0.0,0.0,0.0,0.0,0.0,0.0,0.0,1.8965018,0.0,0.0,2.0376356,0.0,2.7124588,2.5967689,0.0,0.0,0.0,1.0413876,0.3390069,0.0,0.25498682,0.42283976,0.0,1.5384219,0.25411284,0.0,2.8177836,0.48080283,2.2639933,0.8289083,0.5494439,0.0,1.2323878,0.22754917,0.0,0.0,1.554891,1.9488175,1.5712483,0.0,0.68256545,0.0,0.0,0.0,0.0,1.786677,0.0,0.0,0.0,0.0,0.5697341,0.8705943,0.5441887,0.0,2.0295224,0.0,2.2830656,0.0,0.0,0.0,0.0,2.024522,0.0,0.0,0.0,0.0,0.0,0.0,0.0,0.0,0.0,0.0,0.0,0.0,0.65463567,1.3221792,0.638116,0.0,1.3204968,0.0,0.0,1.918325,0.0,1.4999952,0.0,0.0,0.0,0.0,0.0,0.0,0.0,0.0,2.5040915,1.6248198,0.0,0.0,0.0,0.24414283,1.309129,0.9523083,1.5633016,0.0,0.0,1.1104084,0.0,2.456699,0.0,0.0,1.7992682,0.24057245,0.0,0.0,0.0,0.0,0.0,0.0,0.33403394670162506,0.0876951845322255,0.30434782608695654,0.13043478260869565
COc1ccc(-c2c(N)oc3ccccc3c2=O)cc1OC,CHEMBL2019145,COc1ccc(-c2c(N)oc3ccccc3c2=O)cc1OC,5.08,inactive,Inactive,0.92228794,0.0,0.0,0.0,0.0,0.0,2.1462638,0.0,0.82321453,0.0,0.0,0.0,0.0,0.0,0.0,0.0,0.0,0.0,0.0,1.9566641,0.0,0.0,2.1425622,0.0,2.5102792,2.716614,0.0,0.0,0.0,1.0384823,0.0,0.0,0.31711966,0.0,0.0,1.6068522,0.0,0.0,2.5668833,0.33301833,2.2562392,0.96542937,0.20231737,0.0,1.4102976,0.40049642,0.0,0.0,1.6487969,1.5947382,1.7001384,0.0,0.25835752,0.0,0.0,0.0,0.0,1.8994906,0.0,0.0,0.0,0.0,0.32088643,0.51373625,0.7537245,0.0,2.227351,0.0,2.04892,0.0,0.0,0.0,0.0,1.8135064,0.0,0.0,0.0,0.0,0.0,0.0,0.0,0.0,0.0,0.0,0.0,0.0,0.53539807,1.4648569,0.441326,0.0,1.4909569,0.0,0.0,2.1098077,0.0,1.657313,0.0,0.0,0.0,0.0,0.0,0.0,0.0,0.0,2.4306242,1.7749255,0.0,0.0,0.0,0.0,1.4774652,1.0946765,1.7891467,0.0,0.0,0.7155536,0.0,2.653208,0.0,0.0,1.6065313,0.0,0.0,0.0,0.0,0.0,0.0,0.0,0.333641152781114,0.08425536921955759,0.30434782608695654,0.10869565217391304
COc1ccc(-c2cc3cc(Cl)ccc3oc2=O)cc1,CHEMBL2019154,COc1ccc(-c2cc3cc(Cl)ccc3oc2=O)cc1,5.03,inactive,Inactive,0.92941236,0.0,0.0,0.0,0.20053494,0.0,1.8013464,0.0,0.5352067,0.0,0.0,0.0,0.0,0.0,0.0,0.0,0.0,0.0,0.0,1.7428229,0.0,0.0,2.251285,0.0,2.1346114,2.6902392,0.0,0.0,0.0,0.44449902,0.0,0.0,0.41920975,0.32160652,0.0,1.5959622,0.0,0.0,2.252157,0.0,1.7016115,1.0872045,0.19543667,0.0,1.4897379,0.45317617,0.0,0.0,1.7891467,1.2424161,1.8486732,0.0,0.21687856,0.0,0.0,0.0,0.0,1.9300767,0.0,0.0,0.0,0.0,0.4969436,0.38093737,0.8483254,0.0,2.355184,0.0,1.7657019,0.0,0.0,0.0,0.0,1.5928409,0.0,0.0,0.0,0.0,0.0,0.0,0.0,0.0,0.0,0.0,0.0,0.0,0.0,1.5804297,0.44020137,0.0,1.4895175,0.0,0.0,2.289618,0.0,1.8052891,0.0,0.0,0.0,0.0,0.0,0.0,0.0,0.0,2.0610085,1.6845754,0.0,0.0,0.0,0.0,1.5730894,0.9772418,1.815904,0.0,0.0,0.84344435,0.0,2.773158,0.0,0.0,1.1336275,0.0,0.0,0.0,0.0,0.0,0.0,0.0,0.35919304335820196,0.09406684451054122,0.3695652173913043,0.10869565217391304
COc1ccc(-c2ccc(S(=O)(=O)NC(P(=O)(O)O)P(=O)(O)O)cc2)cc1,CHEMBL3291012,COc1ccc(-c2ccc(S(=O)(=O)NC(P(=O)(O)O)P(=O)(O)O)cc2)cc1,7.16,active,Active,0.00759425,0.0,0.0,0.0,0.69217837,0.0,0.0,0.0,0.0,0.0,0.0,0.0,0.0,0.0,0.0,0.0,0.0,0.0,0.0,0.0,0.0,0.0,0.2684183,0.0,0.0,0.0,0.0,0.0,0.0,0.0,2.0183752,0.0,0.1209299,1.1620901,0.0,0.0,0.8999103,0.7612223,0.0,0.0,0.0,0.0341274,0.56671697,0.0,1.7424238,1.5867393,0.0,0.0,0.01334323,0.0,0.0,0.0,0.0,0.0,0.0,0.0,0.0,0.23632763,0.0,0.0,0.0,0.0,0.0,0.73244923,0.3902514,0.0,0.1457341,0.0,0.0,0.0,0.8378274,0.0,0.0,0.0,0.9196464,0.0,0.0,0.0,0.0,0.0,0.0,2.056663,0.0,0.0,0.0,0.0,0.0,0.34103364,0.0,0.0,0.0,0.0,0.9937928,0.19410463,0.0,0.0,0.0,0.0,0.0,0.0,0.0,0.0,0.0,0.0,0.0,0.059700478,0.0,1.5500914,0.0,0.055355318,0.6362187,0.2582028,0.0,0.0,0.0,0.0,0.0,0.0,0.0,0.0,0.0,0.7434365,0.0,0.0,1.3930008,0.0,0.0,0.0,0.1753892982002588,0.9197116193153744,0.15217391304347827,0.8913043478260869
COc1ccc(-n2cc(COc3ccc(/C=C/C(=O)O)cc3OC)nn2)cc1,CHEMBL4635834,COc1ccc(-n2cc(COc3ccc(/C=C/C(=O)O)cc3OC)nn2)cc1,5.28,inactive,Inactive,0.94926107,0.0,0.0,0.0,0.0,0.0,1.6882746,0.0,0.77317506,0.0,0.0,0.0,0.0,0.0,0.0,0.0,0.0,0.0,0.0,1.58839,0.0,0.0,1.9306651,0.0,2.1918213,2.507983,0.0,0.0,0.0,1.3072196,0.0,0.1626343,0.23126346,0.0,0.0,1.4394852,0.0,0.0,2.1643736,0.6856673,2.0382555,0.80856305,0.14257951,0.0,1.3452758,0.5305404,0.0,0.0,1.4459672,1.2490959,1.3964937,0.0,0.0,0.0,0.0,0.0,0.0,1.7330998,0.0,0.0,0.0,0.0,0.2325325,0.18732367,0.71423113,0.0,2.0140235,0.0,1.6406915,0.0,0.0,0.0,0.0,1.5617577,0.0,0.0,0.0,0.0,0.0,0.0,0.0,0.0,0.0,0.0,0.0,0.0,0.8345931,1.2536007,0.4389731,0.0,1.3354836,0.0,0.0,1.7842404,0.0,1.4038372,0.0,0.0,0.0,0.0,0.0,0.0,0.0,0.0,2.262321,1.725366,0.0,0.0,0.0,0.0,1.4119989,1.1991163,1.6712104,0.0,0.0,0.61884475,0.0,2.483141,0.0,0.0,1.4217579,0.0,0.0,0.0,0.0,0.0,0.0,0.0,0.34862873020647467,0.0,0.41304347826086957,0.0
COc1ccc(/C=C/C(=O)N[C@@H]2[C@@H](O)[C@H](O)[C@@H](CO)O[C@H]2NC(=S)Nc2ccc(S(N)(=O)=O)cc2)c(OC)c1,CHEMBL4103517,COc1ccc(/C=C/C(=O)N[C@@H]2[C@@H](O)[C@H](O)[C@@H](CO)O[C@H]2NC(=S)Nc2ccc(S(N)(=O)=O)cc2)c(OC)c1,7.6,active,Active,1.4760617,0.0,0.0,0.0,0.0,0.0,0.0,0.0,0.0,0.0,0.0,0.0,0.0,0.0,0.0,0.0,0.0,0.0,0.0,0.0060942136,0.0,0.0,1.7714647,0.0,0.0,2.2372246,0.0,0.0,0.0,0.5527319,0.0,0.0,0.2871845,0.0,0.0,1.5500177,0.0,0.0,0.0,0.0,0.29694617,0.89153624,0.0,0.0,1.9176106,1.491644,0.0,0.0,1.1894132,0.0,0.92364913,0.0,0.0,0.0,0.0,0.0,0.0,1.7623674,0.0,0.0,0.0,0.0,0.0,0.0,1.0060627,0.0,1.8745643,0.0,0.0,0.0,0.0,0.0,0.0,0.0,0.0,0.0,0.0,0.0,0.0,0.0,0.0,0.0,0.0,0.0,0.0,0.0,0.0,1.1379442,0.0,0.0,1.2164226,0.0,0.0,1.5370647,0.0,1.0402699,0.0,0.0,0.0,0.0,0.0,0.0,0.0,0.0,0.26395434,1.7902014,0.0,0.0,0.0,0.0,1.7602355,1.7080513,1.8856672,0.0,0.0,0.0,0.0,2.357015,0.0,0.037224002,0.0,0.0,0.0,0.0,0.0,0.0,0.0,0.0,0.8480919531161396,0.1828988205742289,0.8695652173913043,0.17391304347826086
COc1ccc(/C=C/C(=O)N[C@@H]2[C@@H](O)[C@H](O)[C@@H](CO)O[C@H]2NC(=S)Nc2ccc(S(N)(=O)=O)cc2)cc1,CHEMBL4063719,COc1ccc(/C=C/C(=O)N[C@@H]2[C@@H](O)[C@H](O)[C@@H](CO)O[C@H]2NC(=S)Nc2ccc(S(N)(=O)=O)cc2)cc1,7.19,active,Active,1.4032167,0.0,0.0,0.0,0.0,0.0,0.0,0.0,0.0,0.0,0.0,0.0,0.0,0.0,0.0,0.0,0.0,0.0,0.0,0.0,0.0,0.0,1.6669232,0.0,0.0,2.1179695,0.0,0.0,0.0,0.5267469,0.0,0.0,0.24323046,0.0,0.0,1.4944583,0.0,0.0,0.0,0.0,0.18329199,0.7953616,0.0,0.0,1.8320804,1.4503279,0.0,0.0,1.0918983,0.0,0.78081924,0.0,0.0,0.0,0.0,0.0,0.0,1.6698453,0.0,0.0,0.0,0.0,0.0,0.0,0.8896191,0.0,1.7114339,0.0,0.0,0.0,0.0,0.0,0.0,0.0,0.0,0.0,0.0,0.0,0.0,0.0,0.0,0.0,0.0,0.0,0.0,0.0,0.0,1.0129765,0.0,0.0,1.0880265,0.0,0.0,1.3633393,0.0,0.89393884,0.0,0.0,0.0,0.0,0.0,0.0,0.0,0.0,0.15962404,1.6924126,0.0,0.0,0.0,0.0,1.6600207,1.651206,1.7404448,0.0,0.0,0.0,0.0,2.19583,0.0,0.016532078,0.0,0.0,0.0,0.0,0.0,0.0,0.0,0.0,0.8498035986370741,0.18555002197935716,0.8695652173913043,0.21739130434782608
COc1ccc(/C=C/C(=O)N[C@H]2[C@H](OC)O[C@H](CO)[C@@H](O)[C@@H]2O)cc1,CHEMBL4072315,COc1ccc(/C=C/C(=O)N[C@H]2[C@H](OC)O[C@H](CO)[C@@H](O)[C@@H]2O)cc1,4.85,inactive,Inactive,1.9821175,0.0,0.0,0.0,0.0,0.0,0.6347952,0.0,1.0446372,0.0,0.0,0.0,0.0,0.0,0.0,0.0,0.0,0.0,0.0,1.0683026,0.0,0.0,1.9652709,0.0,1.1370902,2.9308095,0.0,0.0,0.0,2.345215,0.0,0.73291975,0.32475835,0.0,0.0,1.978495,0.0,0.0,0.89934593,1.4474502,1.6086936,0.99303955,0.0,0.0,1.9930425,1.6279945,0.0,0.0,1.3642113,0.0,1.0072646,0.0,0.0,0.0,0.0,0.0,0.0,2.047158,0.0,0.0,0.0,0.0,0.0,0.0,1.0318284,0.0,2.1041334,0.0,0.5115066,0.0,0.0,0.0,0.0,0.5557958,0.0,0.0,0.0,0.0,0.0,0.0,0.0,0.0,0.0,0.0,0.0,0.16092333,1.3526417,1.2008063,0.0,0.0,1.630072,0.0,0.0,1.6538881,0.0,1.2585429,0.0,0.0,0.0,0.0,0.0,0.0,0.0,0.0,1.6612525,2.2845585,0.0,0.0,0.0,0.0,2.042904,2.166209,2.3972042,0.0,0.0,0.0,0.26031193,3.0067124,0.0,0.19698933,0.922985,0.0,0.0,0.0,0.0,0.0,0.0,0.0,0.3401377824489132,0.006933980235681361,0.2826086956521739,0.021739130434782608
COc1ccc(C(=O)NC(=S)Nc2ccc(S(N)(=O)=O)cc2)cc1,CHEMBL1370332,COc1ccc(C(=O)NC(=S)Nc2ccc(S(N)(=O)=O)cc2)cc1,7.59,active,Active,0.5315143,0.0,0.0,0.0,0.0,0.0,0.0,0.0,0.0,0.0,0.0,0.0,0.0,0.0,0.0,0.0,0.0,0.0,0.0,0.0,0.0,0.0,1.3488508,0.0,0.0,1.2909465,0.0,0.0,0.0,0.0,0.0,0.0,0.099825025,0.0,0.0,0.86896384,0.0,0.0,0.0,0.0,0.0,0.55230755,0.0,0.0,1.4977822,0.8370137,0.0,0.0,0.8595528,0.0,0.7558065,0.0,0.0,0.0,0.0,0.0,0.0,1.2252395,0.0,0.0,0.0,0.0,0.0,0.2035928,0.70198405,0.0,1.2991214,0.0,0.0,0.0,0.0,0.0,0.0,0.0,0.0,0.0,0.0,0.0,0.0,0.0,0.0,0.0,0.0,0.0,0.0,0.0,0.0,0.82912445,0.0,0.0,0.74703383,0.0,0.0,1.1238658,0.0,0.68365,0.0,0.0,0.0,0.0,0.0,0.0,0.0,0.0,0.0,1.127547,0.0,0.0,0.0,0.0,1.0630643,0.84188914,0.9976181,0.0,0.0,0.0,0.0,1.2573737,0.0,0.0,0.0,0.0,0.0,0.0,0.0,0.0,0.0,0.0,0.40121841260135827,0.5646452318916554,0.3913043478260869,0.5217391304347826
COc1ccc(C(=O)NC(=S)Nc2cccc(S(N)(=O)=O)c2)cc1,CHEMBL4538894,COc1ccc(C(=O)NC(=S)Nc2cccc(S(N)(=O)=O)c2)cc1,6.04,medium,Medium,0.5642394,0.0,0.0,0.0,0.0,0.0,0.0,0.0,0.0,0.0,0.0,0.0,0.0,0.0,0.0,0.0,0.0,0.0,0.0,0.0,0.0,0.0,1.3938886,0.0,0.0,1.3368868,0.0,0.0,0.0,0.0,0.0,0.0,0.12839043,0.0,0.0,0.90714604,0.0,0.0,0.0,0.0,0.0,0.6040399,0.0,0.0,1.5349907,0.86617005,0.0,0.0,0.9065314,0.0,0.81821734,0.0,0.0,0.0,0.0,0.0,0.0,1.2637084,0.0,0.0,0.0,0.0,0.0,0.15910302,0.75214624,0.0,1.3625752,0.0,0.0,0.0,0.0,0.0,0.0,0.0,0.0,0.0,0.0,0.0,0.0,0.0,0.0,0.0,0.0,0.0,0.0,0.0,0.0,0.87695444,0.0,0.0,0.7844257,0.0,0.0,1.2008563,0.0,0.74766827,0.0,0.0,0.0,0.0,0.0,0.0,0.0,0.0,0.0,1.1525059,0.0,0.0,0.0,0.0,1.103732,0.8573667,1.052603,0.0,0.0,0.0,0.0,1.325242,0.0,0.0,0.0,0.0,0.0,0.0,0.0,0.0,0.0,0.0,0.41155169122417484,0.5576314047545392,0.43478260869565216,0.5434782608695652
COc1ccc(C(=O)c2coc(S(N)(=O)=O)c2)cc1,CHEMBL340519,COc1ccc(C(=O)c2coc(S(N)(=O)=O)c2)cc1,8.7,active,Active,0.7893535,0.0,0.0,0.0,0.0,0.0,0.0,0.0,0.0,0.0,0.0,0.0,0.0,0.0,0.0,0.0,0.0,0.0,0.0,0.0,0.0,0.0,1.8091552,0.0,0.0,1.6569619,0.0,0.0,0.0,0.0,0.0,0.0,0.41839585,0.0,0.0,1.1762053,0.0,0.0,0.0,0.0,0.0,1.0196507,0.0,0.0,1.7672366,1.1051897,0.0,0.0,1.3658262,0.0,1.3850108,0.0,0.0,0.0,0.0,0.0,0.0,1.5940068,0.0,0.0,0.0,0.0,0.0,0.0,1.1185635,0.0,1.9343737,0.0,0.0,0.0,0.0,0.0,0.0,0.0,0.0,0.0,0.0,0.0,0.0,0.0,0.0,0.0,0.0,0.0,0.0,0.0,0.0,1.4129556,0.0,0.0,1.0050534,0.0,0.0,1.8704951,0.0,1.2196666,0.0,0.0,0.0,0.0,0.0,0.0,0.0,0.0,0.0,1.295844,0.0,0.0,0.0,0.0,1.470333,0.9858279,1.4091288,0.0,0.0,0.0,0.0,1.8727363,0.0,0.0,0.0,0.0,0.0,0.0,0.0,0.0,0.0,0.0,0.5853061264742782,0.49154253700842965,0.6086956521739131,0.4782608695652174
COc1ccc(C(=O)c2csc(S(N)(=O)=O)c2)cc1,CHEMBL413114,COc1ccc(C(=O)c2csc(S(N)(=O)=O)c2)cc1,8.49,active,Active,1.0378234,0.0,0.0,0.0,0.0,0.0,0.0,0.0,0.0,0.0,0.0,0.0,0.0,0.0,0.0,0.0,0.0,0.0,0.0,0.0,0.0,0.0,2.1169333,0.0,0.0,1.9379438,0.0,0.0,0.0,0.0,0.0,0.0,0.56772447,0.0,0.0,1.5171652,0.0,0.0,0.0,0.0,0.0,1.3397076,0.0,0.0,2.1159751,1.3211997,0.0,0.0,1.6429577,0.0,1.7426726,0.0,0.0,0.0,0.0,0.0,0.0,1.8738829,0.0,0.0,0.0,0.0,0.0,0.0,1.4524666,0.0,2.2781966,0.0,0.0,0.0,0.08314521,0.0,0.0,0.0,0.0,0.0,0.0,0.0,0.0,0.0,0.0,0.0,0.0,0.0,0.0,0.0,0.0,1.6882211,0.0,0.0,1.3663132,0.0,0.0,2.2874527,0.0,1.5783077,0.0,0.0,0.0,0.0,0.0,0.0,0.0,0.0,0.0,1.5499748,0.0,0.0,0.0,0.0,1.7523721,1.1383485,1.8135582,0.0,0.0,0.0,0.0,2.2099068,0.0,0.0,0.0,0.0,0.0,0.0,0.0,0.0,0.0,0.0,0.7230702602788264,0.5724763752715023,0.7391304347826086,0.5652173913043478
COc1ccc(C2=NN(C(C)=O)C(c3ccc(OS(N)(=O)=O)cc3)C2)cc1,CHEMBL4533252,COc1ccc(C2=NN(C(C)=O)C(c3ccc(OS(N)(=O)=O)cc3)C2)cc1,9.4,active,Active,0.5709889,0.0,0.0,0.0,0.0,0.0,0.0,0.0,0.0,0.0,0.0,0.0,0.0,0.0,0.0,0.0,0.0,0.0,0.0,0.0,0.0,0.0,1.1142751,0.0,0.0,1.1008146,0.0,0.0,0.0,0.0,0.0,0.0,0.0954645,0.0,0.0,0.7110095,0.0,0.0,0.0,0.0,0.0,0.43610385,0.0,0.0,1.535992,0.9702127,0.0,0.0,0.6745859,0.0,0.46682394,0.0,0.0,0.0,0.0,0.0,0.0,1.0669713,0.0,0.0,0.0,0.0,0.0,0.2889924,0.60255677,0.0,1.0701642,0.0,0.0,0.0,0.0,0.0,0.0,0.0,0.0,0.0,0.0,0.0,0.0,0.0,0.0,0.0,0.0,0.0,0.0,0.0,0.0,0.65335536,0.0,0.0,0.5900888,0.0,0.0,0.9153223,0.0,0.47511572,0.0,0.0,0.0,0.0,0.0,0.0,0.0,0.0,0.0,1.0147088,0.0,0.0,0.0,0.0,1.0285094,0.81002086,0.89534694,0.0,0.0,0.0,0.0,1.097747,0.0,0.0,0.0,0.0,0.0,0.0,0.0,0.0,0.0,0.0,0.36374509102256775,0.5933565938159142,0.32608695652173914,0.5869565217391304
COc1ccc(C2CC(c3cc(F)cc(F)c3)=NN2c2ccc(S(N)(=O)=O)cc2)c(OC)c1,CHEMBL4847613,COc1ccc(C2CC(c3cc(F)cc(F)c3)=NN2c2ccc(S(N)(=O)=O)cc2)c(OC)c1,8.35,active,Active,0.82059,0.0,0.0,0.0,0.0,0.0,0.0,0.0,0.0,0.0,0.0,0.0,0.0,0.0,0.0,0.0,0.0,0.0,0.0,0.0041249096,0.0,0.0,1.6114757,0.0,0.0,1.7541314,0.0,0.0,0.0,0.0,0.0,0.0,0.28787002,0.0,0.0,1.0724223,0.0,0.0,0.0,0.0,0.009414665,0.79617274,0.0,0.0,1.5622433,0.9248282,0.0,0.0,1.1970524,0.0,1.1134777,0.0,0.0,0.0,0.0,0.0,0.0,1.4522156,0.0,0.0,0.0,0.0,0.0,0.0,0.87503326,0.0,1.7348707,0.0,0.0,0.0,0.0,0.0,0.0,0.0,0.0,0.0,0.0,0.0,0.0,0.0,0.0,0.0,0.0,0.0,0.0,0.0,0.0,1.1566286,0.0,0.0,0.977125,0.0,0.0,1.5862159,0.0,1.0834504,0.0,0.0,0.0,0.0,0.0,0.0,0.0,0.0,0.0,1.3049496,0.0,0.0,0.0,0.0,1.3664151,1.0072976,1.3657101,0.0,0.0,0.0,0.0,1.8813509,0.0,0.0,0.0,0.0,0.0,0.0,0.0,0.0,0.0,0.0,0.5048294828165537,0.48976355062880106,0.5,0.45652173913043476
COc1ccc(C2CC(c3cc(F)cc(F)c3)=NN2c2ccc(S(N)(=O)=O)cc2)cc1OC,CHEMBL4864555,COc1ccc(C2CC(c3cc(F)cc(F)c3)=NN2c2ccc(S(N)(=O)=O)cc2)cc1OC,8.35,active,Active,0.8075508,0.0,0.0,0.0,0.0,0.0,0.0,0.0,0.0,0.0,0.0,0.0,0.0,0.0,0.0,0.0,0.0,0.0,0.0,0.0,0.0,0.0,1.5873873,0.0,0.0,1.733176,0.0,0.0,0.0,0.0,0.0,0.0,0.26979455,0.0,0.0,1.0710223,0.0,0.0,0.0,0.0,0.0,0.7647984,0.0,0.0,1.541659,0.92204845,0.0,0.0,1.1617327,0.0,1.0668116,0.0,0.0,0.0,0.0,0.0,0.0,1.4314216,0.0,0.0,0.0,0.0,0.0,0.023442484,0.8375005,0.0,1.6844723,0.0,0.0,0.0,0.0,0.0,0.0,0.0,0.0,0.0,0.0,0.0,0.0,0.0,0.0,0.0,0.0,0.0,0.0,0.0,0.0,1.1156245,0.0,0.0,0.9398971,0.0,0.0,1.5296276,0.0,1.0417216,0.0,0.0,0.0,0.0,0.0,0.0,0.0,0.0,0.0,1.2902619,0.0,0.0,0.0,0.0,1.3436401,1.0013776,1.332313,0.0,0.0,0.0,0.0,1.8434553,0.0,0.0,0.0,0.0,0.0,0.0,0.0,0.0,0.0,0.0,0.4970427298528522,0.4934591210769487,0.4782608695652174,0.45652173913043476
COc1ccc(C2CC(c3cc(F)ccc3F)=NN2c2ccc(S(N)(=O)=O)cc2)c(OC)c1,CHEMBL4847624,COc1ccc(C2CC(c3cc(F)ccc3F)=NN2c2ccc(S(N)(=O)=O)cc2)c(OC)c1,8.35,active,Active,0.74756837,0.0,0.0,0.0,0.0,0.0,0.0,0.0,0.0,0.0,0.0,0.0,0.0,0.0,0.0,0.0,0.0,0.0,0.0,0.0,0.0,0.0,1.491199,0.0,0.0,1.6526088,0.0,0.0,0.0,0.0,0.0,0.0,0.22294831,0.0,0.0,0.99253386,0.0,0.0,0.0,0.0,0.026504956,0.6835829,0.0,0.0,1.4997315,0.87043524,0.0,0.0,1.0803316,0.0,0.97183114,0.0,0.0,0.0,0.0,0.0,0.0,1.3569059,0.0,0.0,0.0,0.0,0.0,0.1451416,0.75643796,0.0,1.5696752,0.0,0.0,0.0,0.0,0.0,0.0,0.0,0.0,0.0,0.0,0.0,0.0,0.0,0.0,0.0,0.0,0.0,0.0,0.0,0.0,1.0343912,0.0,0.0,0.8951254,0.0,0.0,1.4044086,0.0,0.93584836,0.0,0.0,0.0,0.0,0.0,0.0,0.0,0.0,0.0,1.2617193,0.0,0.0,0.0,0.0,1.2633833,0.9721129,1.2346787,0.0,0.0,0.0,0.0,1.6967368,0.0,0.0,0.0,0.0,0.0,0.0,0.0,0.0,0.0,0.0,0.48210757590379777,0.49968022012824365,0.43478260869565216,0.45652173913043476
COc1ccc(C2CC(c3cc(F)ccc3F)=NN2c2ccc(S(N)(=O)=O)cc2)cc1OC,CHEMBL4849196,COc1ccc(C2CC(c3cc(F)ccc3F)=NN2c2ccc(S(N)(=O)=O)cc2)cc1OC,8.35,active,Active,0.7345289,0.0,0.0,0.0,0.0,0.0,0.0,0.0,0.0,0.0,0.0,0.0,0.0,0.0,0.0,0.0,0.0,0.0,0.0,0.0,0.0,0.0,1.4671103,0.0,0.0,1.6316537,0.0,0.0,0.0,0.0,0.0,0.0,0.20487285,0.0,0.0,0.9911341,0.0,0.0,0.0,0.0,0.0,0.6522086,0.0065460764,0.0,1.4791471,0.8676554,0.0,0.0,1.0450118,0.0,0.9251654,0.0,0.0,0.0,0.0,0.0,0.0,1.336112,0.0,0.0,0.0,0.0,0.0,0.16862312,0.71890527,0.0,1.5192769,0.0,0.0,0.0,0.0,0.0,0.0,0.0,0.0,0.0,0.0,0.0,0.0,0.0,0.0,0.0,0.0,0.0,0.0,0.0,0.0,0.99338704,0.0,0.0,0.8578977,0.0,0.0,1.3478205,0.0,0.89411944,0.0,0.0,0.0,0.0,0.0,0.0,0.0,0.0,0.0,1.2470316,0.0,0.0,0.0,0.0,1.2406082,0.966193,1.2012814,0.0,0.0,0.0,0.0,1.6588411,0.0,0.0,0.0,0.0,0.0,0.0,0.0,0.0,0.0,0.0,0.47926863544692033,0.5100549824969519,0.43478260869565216,0.5
COc1ccc(CCCNC(=O)c2cc(S(N)(=O)=O)cnc2Sc2c(F)c(F)cc(F)c2F)cc1,CHEMBL1099152,COc1ccc(CCCNC(=O)c2cc(S(N)(=O)=O)cnc2Sc2c(F)c(F)cc(F)c2F)cc1,7.94,active,Active,0.8023355,0.0,0.0,0.0,0.0,0.0,0.0,0.0,0.0,0.0,0.0,0.0,0.0,0.0,0.0,0.0,0.0,0.0,0.0,0.0,0.0,0.0,1.5514889,0.0,0.0,1.4187658,0.0,0.0,0.0,0.0,0.0,0.0,0.39000547,0.0,0.0,1.1229682,0.0,0.0,0.0,0.0,0.0,1.0018402,0.0,0.0,1.9512957,1.1373606,0.0,0.0,1.1448784,0.0,1.1901495,0.0,0.0,0.0,0.0,0.0,0.0,1.3615543,0.0,0.0,0.0,0.0,0.0,0.0,1.1816032,0.0,1.6328988,0.0,0.0,0.0,0.3655634,0.0,0.0,0.0,0.0,0.0,0.0,0.0,0.0,0.0,0.0,0.0,0.0,0.0,0.0,0.0,0.0,1.0578545,0.0,0.0,1.066345,0.0,0.0,1.7808702,0.0,1.2989337,0.0,0.0,0.0,0.0,0.0,0.0,0.0,0.0,0.0,1.1072975,0.0,0.0,0.0,0.0,1.4097003,0.6369954,1.4697449,0.0,0.0,0.0,0.0,1.7164276,0.0,0.0,0.0,0.0,0.0,0.0,0.0,0.0,0.0,0.0,0.5682901507685654,0.5699142597862272,0.5652173913043478,0.5652173913043478
COc1ccc(CN2CCN(C(=S)SCC(=O)Nc3ccc(S(N)(=O)=O)cc3)CC2)cc1,CHEMBL4761403,COc1ccc(CN2CCN(C(=S)SCC(=O)Nc3ccc(S(N)(=O)=O)cc3)CC2)cc1,4.04,inactive,Inactive,0.45672938,0.0,0.0,0.0,0.0,0.0,0.0,0.0,0.0,0.0,0.0,0.0,0.0,0.0,0.0,0.0,0.0,0.0,0.0,0.0,0.0,0.0,0.66860527,0.0,0.0,0.5962573,0.0,0.0,0.0,0.0,0.2224993,0.0,0.04226618,0.0,0.0,0.27543056,0.0,0.08718206,0.0,0.0,0.0,0.19157866,0.0,0.0,1.4577965,1.0592985,0.0,0.0,0.34410715,0.0,0.0,0.0,0.0,0.0,0.0,0.0,0.0,0.6889406,0.0,0.0,0.0,0.0,0.0,0.70340055,0.3226297,0.0,0.65299124,0.0,0.0,0.0,0.0,0.0,0.0,0.0,0.0,0.0,0.0,0.0,0.0,0.0,0.0,0.27974522,0.0,0.0,0.0,0.0,0.0,0.39080256,0.0,0.0,0.23359603,0.0,0.0,0.3603456,0.0,0.0028657764,0.0,0.0,0.0,0.0,0.0,0.0,0.0,0.0,0.0,0.6002528,0.0,0.0,0.0,0.0,0.946824,0.66592413,0.5255686,0.0,0.0,0.0,0.0,0.58012265,0.0,0.0,0.0,0.0,0.0,0.0,0.012392543,0.0,0.0,0.0,0.27487958520505523,0.6596228211803307,0.2826086956521739,0.6739130434782609
COc1ccc(CNC(=O)c2cc(S(N)(=O)=O)cnc2Sc2ccc(F)c(F)c2)cc1,CHEMBL1095203,COc1ccc(CNC(=O)c2cc(S(N)(=O)=O)cnc2Sc2ccc(F)c(F)c2)cc1,8.66,active,Active,0.9253255,0.0,0.0,0.0,0.0,0.0,0.0,0.0,0.0,0.0,0.0,0.0,0.0,0.0,0.0,0.0,0.0,0.0,0.0,0.0,0.0,0.0,1.677528,0.0,0.0,1.6649095,0.0,0.0,0.0,0.0,0.0,0.0,0.39794242,0.0,0.0,1.1997502,0.0,0.0,0.0,0.0,0.0,0.98322636,0.0,0.0,1.842086,1.1858275,0.0,0.0,1.2742565,0.0,1.2343938,0.0,0.0,0.0,0.0,0.0,0.0,1.4865828,0.0,0.0,0.0,0.0,0.0,0.0,1.0935479,0.0,1.7552878,0.0,0.0,0.0,0.0,0.0,0.0,0.0,0.0,0.0,0.0,0.0,0.0,0.0,0.0,0.0,0.0,0.0,0.0,0.0,0.0,1.2163152,0.0,0.0,1.016507,0.0,0.0,1.7453046,0.0,1.2396065,0.0,0.0,0.0,0.0,0.0,0.0,0.0,0.0,0.0,1.27072,0.0,0.0,0.0,0.0,1.4862977,0.93833286,1.4751067,0.0,0.0,0.0,0.0,1.9061593,0.0,0.0,0.0,0.0,0.0,0.0,0.0,0.0,0.0,0.0,0.5759638149807726,0.5435598905247386,0.5869565217391304,0.5217391304347826
COc1ccc(CNCc2cc(S(N)(=O)=O)cnc2Sc2ccc(F)c(F)c2)cc1,CHEMBL1095855,COc1ccc(CNCc2cc(S(N)(=O)=O)cnc2Sc2ccc(F)c(F)c2)cc1,7.28,active,Active,0.8914336,0.0,0.0,0.0,0.0,0.0,0.0,0.0,0.0,0.0,0.0,0.0,0.0,0.0,0.0,0.0,0.0,0.0,0.0,0.0,0.0,0.0,1.5611769,0.0,0.0,1.5583184,0.0,0.0,0.0,0.0,0.0,0.0,0.3883961,0.0,0.0,1.1265856,0.0,0.0,0.0,0.0,0.0,0.8763821,0.0,0.0,1.7732496,1.194871,0.0,0.0,1.1745051,0.0,1.0920297,0.0,0.0,0.0,0.0024813786,0.0,0.0,1.3756206,0.0,0.0,0.0,0.0,0.0,0.0,0.9710296,0.0,1.6095691,0.0,0.0,0.0,0.0,0.0,0.0,0.0,0.0,0.0,0.0,0.0,0.0,0.0,0.0,0.0,0.0,0.0,0.0,0.0,0.0,1.1007392,0.0,0.0,0.86315584,0.0,0.0,1.5989041,0.0,1.1252432,0.0,0.0,0.0,0.0,0.0,0.0,0.0,0.0,0.0,1.160821,0.0,0.0,0.0,0.0,1.4234228,0.87053156,1.3553907,0.0,0.0,0.0,0.0,1.8101315,0.0,0.0,0.0,0.0,0.0,0.0,0.0,0.0,0.0,0.0,0.5506347523550764,0.5542487610600904,0.5652173913043478,0.5217391304347826
COc1ccc(CNc2ccc(S(N)(=O)=O)cc2)cc1OC,CHEMBL2392433,COc1ccc(CNc2ccc(S(N)(=O)=O)cc2)cc1OC,7.9,active,Active,0.8463249,0.0,0.0,0.0,0.0,0.0,0.0,0.0,0.0,0.0,0.0,0.0,0.0,0.0,0.0,0.0,0.0,0.0,0.0,0.0,0.0,0.0,1.4685533,0.0,0.0,1.5972037,0.0,0.0,0.0,0.0,0.0650187,0.0,0.211517,0.0,0.0,1.0424504,0.0,0.0,0.0,0.0,0.0,0.63224846,0.08413555,0.0,1.6831591,1.1627553,0.0,0.0,1.0010855,0.0,0.8159795,0.0,0.0,0.0,0.0,0.0,0.0,1.3713689,0.0,0.0,0.0,0.0,0.0,0.13966122,0.726621,0.0,1.4410304,0.0,0.0,0.0,0.0,0.0,0.0,0.0,0.0,0.0,0.0,0.0,0.0,0.0,0.0,0.11956,0.0,0.0,0.0,0.0,0.0,1.0023198,0.0,0.0,0.79986227,0.0,0.0,1.2036371,0.0,0.7502598,0.0,0.0,0.0,0.0,0.0,0.0,0.0,0.0,0.0,1.3581424,0.0,0.0,0.0,0.0,1.3371059,1.1232797,1.1721228,0.0,0.0,0.0,0.0,1.5968679,0.0,0.0,0.0,0.0,0.0,0.0,0.0,0.0,0.0,0.0,0.48207941290214873,0.5053145261376215,0.43478260869565216,0.4782608695652174
COc1ccc(Cl)cc1CNCCc1ccc(S(N)(=O)=O)cc1,CHEMBL2392431,COc1ccc(Cl)cc1CNCCc1ccc(S(N)(=O)=O)cc1,6.17,medium,Medium,0.30864343,0.0,0.0,0.0,0.043732338,0.0,0.0,0.0,0.0,0.0,0.0,0.0,0.0,0.0,0.0,0.0,0.0,0.0,0.0,0.0,0.0,0.0,0.8604796,0.0,0.0,0.73626375,0.0,0.0,0.0,0.0,0.42947248,0.0,0.054043468,0.28564703,0.0,0.50434154,0.052570164,0.0,0.0,0.0,0.0,0.2664658,0.13517255,0.0,1.3504287,0.8377484,0.0,0.0,0.46639788,0.0,0.29486883,0.0,0.0,0.0,0.0,0.0,0.0,0.7583445,0.0,0.0,0.0,0.0,0.0,0.36438173,0.44839138,0.0,0.77699935,0.0,0.0,0.0,0.0,0.0,0.0,0.0,0.0,0.0,0.0,0.0,0.0,0.0,0.0,0.45785946,0.0,0.0,0.0,0.0,0.0,0.3671131,0.0,0.0,0.23866662,0.0,0.06583929,0.72831243,0.0,0.37616038,0.0,0.0,0.0,0.0,0.0,0.0,0.0,0.0,0.0,0.6156982,0.0,0.077493176,0.0,0.0,0.81284684,0.41714004,0.5800378,0.0,0.0,0.0,0.0,0.81473094,0.0,0.0,0.0,0.0,0.0,0.0,0.12886436,0.0,0.0,0.0,0.3264711311622416,0.6487078577427077,0.32608695652173914,0.6521739130434783
COc1ccc(OC)c(C2CC(c3cc(F)cc(F)c3)=NN2c2ccc(S(N)(=O)=O)cc2)c1,CHEMBL4872387,COc1ccc(OC)c(C2CC(c3cc(F)cc(F)c3)=NN2c2ccc(S(N)(=O)=O)cc2)c1,8.35,active,Active,0.82310915,0.0,0.0,0.0,0.0,0.0,0.0,0.0,0.0,0.0,0.0,0.0,0.0,0.0,0.0,0.0,0.0,0.0,0.0,0.0096333735,0.0,0.0,1.6119334,0.0,0.0,1.7504617,0.0,0.0,0.0,0.0,0.0,0.0,0.29222894,0.0,0.0,1.0681307,0.0,0.0,0.0,0.0,0.0,0.80090237,0.0,0.0,1.5621322,0.9290647,0.0,0.0,1.1996578,0.0,1.1165537,0.0,0.0,0.0,0.0,0.0,0.0,1.4507903,0.0,0.0,0.0,0.0,0.0,0.0,0.88347745,0.0,1.741014,0.0,0.0,0.0,0.0,0.0,0.0,0.0,0.0,0.0,0.0,0.0,0.0,0.0,0.0,0.0,0.0,0.0,0.0,0.0,0.0,1.1589918,0.0,0.0,0.9743182,0.0,0.0,1.5901887,0.0,1.0894583,0.0,0.0,0.0,0.0,0.0,0.0,0.0,0.0,0.0,1.3001698,0.0,0.0,0.0,0.0,1.3672111,1.006221,1.3687378,0.0,0.0,0.0,0.0,1.8864385,0.0,0.0,0.0,0.0,0.0,0.0,0.0,0.0,0.0,0.0,0.5035449033631471,0.48995608401961505,0.5,0.4782608695652174
COc1ccc(OC)c(C2CC(c3cc(F)ccc3F)=NN2c2ccc(S(N)(=O)=O)cc2)c1,CHEMBL4869398,COc1ccc(OC)c(C2CC(c3cc(F)ccc3F)=NN2c2ccc(S(N)(=O)=O)cc2)c1,8.26,active,Active,0.75008726,0.0,0.0,0.0,0.0,0.0,0.0,0.0,0.0,0.0,0.0,0.0,0.0,0.0,0.0,0.0,0.0,0.0,0.0,0.0,0.0,0.0,1.4916568,0.0,0.0,1.6489391,0.0,0.0,0.0,0.0,0.0,0.0,0.22730717,0.0,0.0,0.9882421,0.0,0.0,0.0,0.0,0.016540296,0.68831253,0.0,0.0,1.4996204,0.87467176,0.0,0.0,1.082937,0.0,0.97490734,0.0,0.0,0.0,0.0,0.0,0.0,1.3554806,0.0,0.0,0.0,0.0,0.0,0.12887515,0.7648822,0.0,1.5758184,0.0,0.0,0.0,0.0,0.0,0.0,0.0,0.0,0.0,0.0,0.0,0.0,0.0,0.0,0.0,0.0,0.0,0.0,0.0,0.0,1.0367545,0.0,0.0,0.8923185,0.0,0.0,1.4083816,0.0,0.9418562,0.0,0.0,0.0,0.0,0.0,0.0,0.0,0.0,0.0,1.2569395,0.0,0.0,0.0,0.0,1.2641791,0.97103614,1.2377063,0.0,0.0,0.0,0.0,1.7018245,0.0,0.0,0.0,0.0,0.0,0.0,0.0,0.0,0.0,0.0,0.4853975047777779,0.504386784703726,0.45652173913043476,0.4782608695652174
COc1ccc(S(=O)(=O)c2coc(S(N)(=O)=O)c2)cc1,CHEMBL123979,COc1ccc(S(=O)(=O)c2coc(S(N)(=O)=O)c2)cc1,8.6,active,Active,0.7440233,0.0,0.0,0.0,0.0,0.0,0.0,0.0,0.0,0.0,0.0,0.0,0.0,0.0,0.0,0.0,0.0,0.0,0.0,0.0,0.0,0.0,1.8321974,0.0,0.0,1.1957113,0.0,0.0,0.0,0.0,0.0,0.0,0.58403206,0.0,0.0,1.1552758,0.0,0.0,0.0,0.0,0.0,1.225631,0.0,0.0,2.0493882,1.5656645,0.0,0.0,1.396037,0.0,1.4756942,0.0,0.0,0.0,0.100187324,0.0,0.0,1.563839,0.0,0.0,0.0,0.0,0.0,0.0,1.4623212,0.0,2.0065446,0.0,0.0,0.0,0.76282483,0.0,0.0,0.0,0.0,0.0,0.0,0.0,0.0,0.0,0.0,0.07739378,0.0,0.0,0.0,0.0,0.0,1.5801933,0.0,0.0,0.7978219,0.0,0.0,2.0094404,0.0,1.1819025,0.0,0.0,0.0,0.0,0.0,0.0,0.0,0.0,0.0,1.0533829,0.0,0.0,0.0,0.0,1.5812656,0.945716,1.3255674,0.0,0.0,0.0,0.0,1.5844246,0.0,0.0,0.0,0.0,0.0,0.0,0.0,0.0,0.0,0.0,0.6426069162076736,0.6821869592814861,0.6304347826086957,0.6739130434782609
COc1ccc(S(=O)(=O)c2csc(S(N)(=O)=O)c2)cc1,CHEMBL262726,COc1ccc(S(=O)(=O)c2csc(S(N)(=O)=O)c2)cc1,7.35,active,Active,0.975881,0.0,0.0,0.0,0.0,0.0,0.0,0.0,0.0,0.0,0.0,0.0,0.0,0.0,0.0,0.0,0.0,0.0,0.0,0.0,0.0,0.0,2.1266906,0.0,0.0,1.4694887,0.0,0.0,0.0,0.0,0.0,0.0,0.720103,0.0,0.0,1.4819614,0.0,0.0,0.0,0.0,0.0,1.5235568,0.0,0.0,2.3804984,1.7626591,0.0,0.0,1.6600474,0.0,1.814444,0.0,0.0,0.0,0.15539575,0.0,0.0,1.8330892,0.0,0.0,0.0,0.0,0.0,0.0,1.7694405,0.0,2.328847,0.0,0.0,0.0,1.0318441,0.0,0.0,0.0,0.0,0.0,0.0,0.0,0.0,0.0,0.0,0.0,0.0,0.0,0.0,0.0,0.0,1.8420687,0.0,0.0,1.1460819,0.0,0.0,2.4021745,0.0,1.5173457,0.0,0.0,0.0,0.0,0.0,0.0,0.0,0.0,0.0,1.3028775,0.0,0.0,0.0,0.0,1.8517933,1.0893853,1.7051843,0.0,0.0,0.0,0.0,1.903348,0.0,0.0,0.0,0.0,0.0,0.0,0.0,0.0,0.0,0.0,0.7757925264494824,0.7080717538166538,0.7826086956521738,0.717391304347826
COc1ccc(S(=O)(=O)n2cc(/C=C/C(=O)c3ccncc3)c3ccccc32)cc1,CHEMBL4177494,COc1ccc(S(=O)(=O)n2cc(/C=C/C(=O)c3ccncc3)c3ccccc32)cc1,4.53,inactive,Inactive,0.658115,0.0,0.0,0.0,0.25987247,0.0,0.7247761,0.0,0.0,0.0,0.0,0.0,0.0,0.0,0.0,0.0,0.0,0.0,0.0,0.6494463,0.0,0.0,1.895429,0.0,1.2097656,2.0901532,0.0,0.0,0.0,0.0,0.34715453,0.0,0.27261552,0.3157286,0.0,1.33923,0.25163776,0.0,1.0833178,0.0,0.8876072,0.8380505,0.41740817,0.0,1.3681028,0.5330674,0.0,0.0,1.4211111,0.62201077,1.4263573,0.0,0.3583579,0.0,0.0,0.0,0.0,1.6533598,0.0,0.0,0.0,0.0,0.2136751,0.6253104,0.7095945,0.0,1.9169518,0.0,0.9259656,0.0,0.0,0.0,0.0,0.68655586,0.0,0.0,0.0,0.0,0.0,0.0,0.0,0.0,0.0,0.0,0.0,0.0,0.0,1.3141629,0.13337341,0.0,1.0593771,0.0,0.0,1.8116093,0.0,1.2658333,0.0,0.0,0.0,0.0,0.0,0.0,0.0,0.0,0.9854373,1.3892679,0.0,0.0,0.0,0.003295526,1.310628,0.92704874,1.366615,0.0,0.0,0.6004213,0.0,2.0680723,0.0,0.0,0.33685872,0.1687536,0.0,0.0,0.0,0.0,0.0,0.0,0.48585870739007586,0.2932276065968364,0.4782608695652174,0.2826086956521739
COc1ccc2[nH]c(S(N)(=O)=O)cc2c1,CHEMBL165362,COc1ccc2[nH]c(S(N)(=O)=O)cc2c1,7.8,active,Active,0.78715813,0.0,0.0,0.0,0.14320035,0.0,0.0,0.0,0.0,0.0,0.0,0.0,0.0,0.0,0.0,0.0,0.0,0.0,0.0,0.0,0.0,0.0,2.0285254,0.0,0.0,1.7972039,0.0,0.0,0.0,0.0,0.15912147,0.0,0.50225,0.26645404,0.0,1.1847496,0.07452538,0.0,0.0,0.0,0.0,1.1155854,0.080935225,0.0,1.8643762,1.1716634,0.0,0.0,1.5547595,0.0,1.552699,0.0,0.0,0.0,0.011831485,0.0,0.0,1.7135707,0.0,0.0,0.0,0.0,0.0,0.10982779,1.1589127,0.0,2.21283,0.0,0.0,0.0,0.0,0.0,0.0,0.0,0.0,0.0,0.0,0.0,0.0,0.0,0.0,0.0,0.0,0.0,0.0,0.0,0.0,1.6264628,0.0,0.0,0.93481666,0.0,0.0,2.1255646,0.0,1.3501434,0.0,0.0,0.0,0.0,0.0,0.0,0.0,0.0,0.0,1.2934515,0.0,0.0,0.0,0.0,1.6270262,0.99117243,1.4323759,0.0,0.0,0.0,0.0,2.1049733,0.0,0.0,0.0,0.0,0.0,0.0,0.0,0.0,0.0,0.0,0.6576633725300138,0.5144311575586482,0.6521739130434783,0.4782608695652174
COc1ccc2c(=O)c(-c3ccc(Cl)cc3)c(N)oc2c1,CHEMBL2019149,COc1ccc2c(=O)c(-c3ccc(Cl)cc3)c(N)oc2c1,4.43,inactive,Inactive,0.8544718,0.0,0.0,0.0,0.2705357,0.0,1.6748303,0.0,0.50154394,0.0,0.0,0.0,0.0,0.0,0.0,0.0,0.0,0.0,0.0,1.5929188,0.0,0.0,2.0995183,0.0,2.131514,2.546818,0.0,0.0,0.0,0.5552112,0.06948021,0.0,0.3556905,0.38896945,0.0,1.4981971,0.1024764,0.0,2.2543614,0.0,1.6658322,0.9559284,0.32331544,0.0,1.3835007,0.40041178,0.0,0.0,1.6443677,1.3104428,1.6678432,0.0,0.3200719,0.0,0.0,0.0,0.0,1.8109628,0.0,0.0,0.0,0.0,0.5334798,0.50139236,0.7272015,0.0,2.1593714,0.0,1.765129,0.0,0.0,0.0,0.0,1.598673,0.0,0.0,0.0,0.0,0.0,0.0,0.0,0.0,0.0,0.0,0.0,0.0,0.15498579,1.4413832,0.5003028,0.0,1.357009,0.0,0.0,2.0859497,0.0,1.6288048,0.0,0.0,0.0,0.0,0.0,0.0,0.0,0.0,2.0295603,1.5915258,0.0,0.0,0.0,0.033328306,1.4487237,0.9422466,1.6696386,0.0,0.0,0.9364312,0.0,2.5676253,0.0,0.0,1.1866806,0.014528964,0.0,0.0,0.0,0.0,0.0,0.0,0.3589675597160595,0.10059433216401449,0.34782608695652173,0.10869565217391304
COc1ccc2c(=O)c(-c3ccc(OC)c(OC)c3)c(N)oc2c1,CHEMBL2019151,COc1ccc2c(=O)c(-c3ccc(OC)c(OC)c3)c(N)oc2c1,5.08,inactive,Inactive,1.1165957,0.0,0.0,0.0,0.0,0.0,2.2296379,0.0,0.9069387,0.0,0.0,0.0,0.0,0.0,0.0,0.0,0.0,0.0,0.0,2.0904553,0.0,0.0,2.3277872,0.0,2.4177206,2.911294,0.0,0.0,0.0,1.0535276,0.0,0.0,0.40542945,0.0,0.0,1.7068205,0.0,0.0,2.43555,0.18688686,2.2942998,1.1432744,0.0,0.0,1.6022464,0.58072066,0.0,0.0,1.8208733,1.3369262,1.8937602,0.0,0.0,0.0,0.0,0.0,0.0,2.066053,0.0,0.0,0.0,0.0,0.15190282,0.13975227,0.9761434,0.0,2.5016713,0.0,1.8931528,0.0,0.0,0.0,0.0,1.708077,0.0,0.0,0.0,0.0,0.0,0.0,0.0,0.0,0.0,0.0,0.0,0.0,0.45028883,1.666753,0.32427198,0.0,1.7070842,0.0,0.0,2.3491766,0.0,1.8703191,0.0,0.0,0.0,0.0,0.0,0.0,0.0,0.0,2.4605198,1.9651357,0.0,0.0,0.0,0.0,1.6991568,1.2530469,2.0547745,0.0,0.0,0.43214628,0.0,2.949265,0.0,0.0,1.4664826,0.0,0.0,0.0,0.0,0.0,0.0,0.0,0.33376361041509783,0.07952135756013787,0.30434782608695654,0.06521739130434782
COc1ccc2c(=O)c(-c3ccccc3)c(N)oc2c1,CHEMBL2019148,COc1ccc2c(=O)c(-c3ccccc3)c(N)oc2c1,5.1,inactive,Inactive,0.7816273,0.0,0.0,0.0,0.28007573,0.0,2.1217532,0.0,0.80138564,0.0,0.0,0.0,0.0,0.0,0.0,0.0,0.0,0.0,0.0,1.925475,0.0,0.0,2.0614986,0.0,2.679895,2.599951,0.0,0.0,0.0,0.9666649,0.21488856,0.0,0.2900443,0.38748485,0.0,1.5236721,0.21122436,0.0,2.807925,0.3790614,2.2009346,0.8750115,0.49059546,0.0,1.2485168,0.2592287,0.0,0.0,1.5848293,1.859697,1.6277694,0.0,0.6011327,0.0,0.0,0.0,0.0,1.7975532,0.0,0.0,0.0,0.0,0.58449644,0.76025987,0.6260779,0.0,2.1139514,0.0,2.2538435,0.0,0.0,0.0,0.0,1.9959707,0.0,0.0,0.0,0.0,0.0,0.0,0.0,0.0,0.0,0.0,0.0,0.0,0.6109557,1.3696808,0.608912,0.0,1.3065666,0.0,0.0,2.023394,0.0,1.5733753,0.0,0.0,0.0,0.0,0.0,0.0,0.0,0.0,2.4946315,1.5982152,0.0,0.0,0.0,0.21801963,1.3324028,0.95892894,1.6175836,0.0,0.0,1.0674591,0.0,2.5284686,0.0,0.0,1.7783548,0.1873878,0.0,0.0,0.0,0.0,0.0,0.0,0.3362102570948152,0.08868668303852727,0.32608695652173914,0.10869565217391304
COc1ccc2c(c1)CC(NS(=O)(=O)N(C)C)CC2,CHEMBL3786448,COc1ccc2c(c1)CC(NS(=O)(=O)N(C)C)CC2,8.06,active,Active,0.24949539,0.0,0.0,0.0,0.0,0.0,0.0,0.0,0.0,0.0,0.0,0.0,0.0,0.0,0.0,0.0,0.0,0.0,0.0,0.0,0.0,0.0,0.6313848,0.0,0.0,0.3799852,0.0,0.0,0.0,0.0,0.0,0.0,0.0,0.0,0.0,0.13054317,0.0,0.0,0.0,0.0,0.0,0.23016468,0.0,0.0,1.5006917,0.9216052,0.0,0.0,0.29615873,0.0,0.0,0.0,0.0,0.0,0.0,0.0,0.0,0.62135726,0.0,0.0,0.0,0.0,0.0,0.8037217,0.39069128,0.0,0.71108395,0.0,0.0,0.0,0.04102882,0.0,0.0,0.0,0.0,0.0,0.0,0.0,0.0,0.0,0.0,0.0,0.0,0.0,0.0,0.0,0.0,0.31984442,0.0,0.0,0.2828176,0.0,0.0,0.37378716,0.0,0.048487943,0.0,0.0,0.0,0.0,0.0,0.0,0.0,0.0,0.0,0.41845787,0.0,0.0,0.0,0.0,0.9315973,0.43454623,0.560826,0.0,0.0,0.0,0.0,0.42824227,0.0,0.0,0.0,0.0,0.0,0.0,0.0,0.0,0.0,0.0,0.2658468201801502,0.6771276691037339,0.2608695652173913,0.6739130434782609
COc1ccc2c(c1)CCC(NC(=O)N(C)C)C2,CHEMBL3786516,COc1ccc2c(c1)CCC(NC(=O)N(C)C)C2,7.93,active,Active,1.1833596,0.0,0.0,0.64273137,0.0,0.0,2.3425896,0.0,0.0,0.0,0.0,0.0,0.0,0.0,0.0,0.0,0.0,0.0,0.0,1.8664877,0.0,0.0,1.625554,0.0,0.0,2.16014,0.0,0.0,0.0,0.0,0.0,0.0,0.19753519,0.0,0.0,1.1295184,0.0,0.0,0.0,0.0,2.4337199,0.99503857,0.0,0.0,1.9543839,0.9797451,0.0,0.0,1.2360194,0.0,1.0175163,0.0,0.0,0.0,0.0,0.0,0.0,1.6499926,0.0,0.0,0.0,0.0,0.0,0.09259039,0.9484184,0.0,1.9366271,0.0,0.0,0.0,0.0,0.0,0.0,0.0,0.0,0.0,0.0,0.0,0.0,0.0,0.0,0.0,0.0,0.0,0.0,0.0,0.0,1.2570101,0.0,0.0,1.7758274,0.0,0.0,1.3847312,0.0,1.1834402,0.0,0.0,0.0,0.0,0.0,0.0,0.0,0.0,0.0,1.7174474,0.0,0.0,0.0,0.0,1.7887225,1.3374343,1.982818,0.0,0.0,0.0,0.008027352,2.0193748,0.0,0.0,0.0,0.0,0.0,0.0,0.0,0.0,0.0,0.0,0.5890031579473836,0.30300206351307374,0.6086956521739131,0.30434782608695654
COc1ccc2c(c1)CCC(NS(=O)(=O)N(C)C)C2,CHEMBL3787223,COc1ccc2c(c1)CCC(NS(=O)(=O)N(C)C)C2,8.08,active,Active,0.2482701,0.0,0.0,0.0,0.0,0.0,0.0,0.0,0.0,0.0,0.0,0.0,0.0,0.0,0.0,0.0,0.0,0.0,0.0,0.0,0.0,0.0,0.62834615,0.0,0.0,0.376102,0.0,0.0,0.0,0.0,0.0,0.0,0.0,0.0,0.0,0.12820508,0.0,0.0,0.0,0.0,0.0,0.22864664,0.0,0.0,1.4994694,0.92171216,0.0,0.0,0.29335767,0.0,0.0,0.0,0.0,0.0,0.0,0.0,0.0,0.6184518,0.0,0.0,0.0,0.0,0.0,0.8024551,0.3905117,0.0,0.7081978,0.0,0.0,0.0,0.043594636,0.0,0.0,0.0,0.0,0.0,0.0,0.0,0.0,0.0,0.0,0.0,0.0,0.0,0.0,0.0,0.0,0.3172117,0.0,0.0,0.280303,0.0,0.0,0.3709262,0.0,0.046526972,0.0,0.0,0.0,0.0,0.0,0.0,0.0,0.0,0.0,0.4159407,0.0,0.0,0.0,0.0,0.92919606,0.43340737,0.5589312,0.0,0.0,0.0,0.0,0.42470858,0.0,0.0,0.0,0.0,0.0,0.0,0.0,0.0,0.0,0.0,0.26015277970516903,0.6713651428707132,0.2391304347826087,0.6739130434782609
COc1ccc2c(c1)C[C@@H](NC(=O)N(C)C)CC2,CHEMBL3787502,COc1ccc2c(c1)C[C@@H](NC(=O)N(C)C)CC2,8.03,active,Active,1.1846532,0.0,0.0,0.63016355,0.0,0.0,2.3467567,0.0,0.0,0.0,0.0,0.0,0.0,0.0,0.0,0.0,0.0,0.0,0.0,1.8680589,0.0,0.0,1.6287614,0.0,0.0,2.1642392,0.0,0.0,0.0,0.0,0.0,0.0,0.19809496,0.0,0.0,1.1319864,0.0,0.0,0.0,0.0,2.437477,0.9966411,0.0,0.0,1.9556742,0.97963226,0.0,0.0,1.238976,0.0,1.0200726,0.0,0.0,0.0,0.0,0.0,0.0,1.6530594,0.0,0.0,0.0,0.0,0.0,0.09392732,0.94860816,0.0,1.9396737,0.0,0.0,0.0,0.0,0.0,0.0,0.0,0.0,0.0,0.0,0.0,0.0,0.0,0.0,0.0,0.0,0.0,0.0,0.0,0.0,1.2597891,0.0,0.0,1.7784817,0.0,0.0,1.3877511,0.0,1.1855102,0.0,0.0,0.0,0.0,0.0,0.0,0.0,0.0,0.0,1.7201045,0.0,0.0,0.0,0.0,1.7912571,1.3386364,1.9848183,0.0,0.0,0.0,0.0065957345,2.0231051,0.0,0.0,0.0,0.0,0.0,0.0,0.0,0.0,0.0,0.0,0.5889187957393421,0.3030890635006966,0.5869565217391304,0.30434782608695654
COc1ccc2c(c1)S(=O)(=O)C(S(N)(=O)=O)C2,CHEMBL69902,COc1ccc2c(c1)S(=O)(=O)C(S(N)(=O)=O)C2,6.1,medium,Medium,0.15954722,0.0,0.0,0.0,0.0,0.0,0.0,0.0,0.0,0.0,0.0,0.0,0.0,0.0,0.0,0.0,0.0,0.0,0.0,0.0,0.0,0.0,0.8640128,0.0,0.0,0.0,0.0,0.0,0.0,0.0,0.7425295,0.0,0.22563061,0.19654015,0.0,0.24296059,0.1795129,0.21558937,0.0,0.0,0.0,0.49794927,0.0,0.0,1.8260161,1.5690874,0.0,0.0,0.46141303,0.0,0.3253981,0.0,0.0,0.0,0.0,0.0,0.0,0.7063441,0.0,0.0,0.0,0.0,0.0,0.15104014,0.90235984,0.0,0.89909,0.0,0.0,0.0,1.0598079,0.0,0.0,0.0,0.60770553,0.0,0.0,0.0,0.0,0.0,0.0,1.1490002,0.0,0.0,0.0,0.0,0.0,0.7195101,0.0,0.0,0.0,0.0,0.28381553,0.8688617,0.0,0.12342944,0.0,0.0,0.0,0.0,0.0,0.0,0.0,0.0,0.0,0.31034416,0.0,0.44524354,0.0,0.0,0.9495432,0.4910858,0.289657,0.0,0.0,0.0,0.0,0.23722859,0.0,0.0,0.0,0.0,0.0,0.0,0.42194164,0.0,0.0,0.0,0.4252156287048471,0.714524926673252,0.41304347826086957,0.717391304347826
COc1ccc2cc(S(N)(=O)=O)[nH]c2c1,CHEMBL165245,COc1ccc2cc(S(N)(=O)=O)[nH]c2c1,7.22,active,Active,0.7874074,0.0,0.0,0.0,0.14265984,0.0,0.0,0.0,0.0,0.0,0.0,0.0,0.0,0.0,0.0,0.0,0.0,0.0,0.0,0.0,0.0,0.0,2.0285404,0.0,0.0,1.7967247,0.0,0.0,0.0,0.0,0.1569621,0.0,0.5028172,0.2658328,0.0,1.1840847,0.07368406,0.0,0.0,0.0,0.0,1.1161972,0.07994429,0.0,1.8643101,1.1722425,0.0,0.0,1.555053,0.0,1.5530868,0.0,0.0,0.0,0.01244361,0.0,0.0,1.7133666,0.0,0.0,0.0,0.0,0.0,0.1076421,1.1600546,0.0,2.2136874,0.0,0.0,0.0,0.0,0.0,0.0,0.0,0.0,0.0,0.0,0.0,0.0,0.0,0.0,0.0,0.0,0.0,0.0,0.0,0.0,1.6266298,0.0,0.0,0.93425125,0.0,0.0,2.1261203,0.0,1.3509173,0.0,0.0,0.0,0.0,0.0,0.0,0.0,0.0,0.0,1.2926527,0.0,0.0,0.0,0.0,1.6270708,0.99099094,1.4327188,0.0,0.0,0.0,0.0,2.1056888,0.0,0.0,0.0,0.0,0.0,0.0,0.0,0.0,0.0,0.0,0.6580045407380848,0.5163760955378375,0.6739130434782609,0.5
COc1ccc2cc(S(N)(=O)=O)n(C)c2c1,CHEMBL164438,COc1ccc2cc(S(N)(=O)=O)n(C)c2c1,6.96,medium,Medium,0.8972485,0.0,0.0,0.0,0.0,0.0,0.0,0.0,0.0,0.0,0.0,0.0,0.0,0.0,0.0,0.0,0.0,0.0,0.0,0.0,0.0,0.0,2.056611,0.0,0.0,1.8476117,0.0,0.0,0.0,0.0,0.0,0.0,0.5318497,0.0,0.0,1.3090199,0.0,0.0,0.0,0.0,0.0,1.2299829,0.0,0.0,2.05303,1.2767719,0.0,0.0,1.5535281,0.0,1.64135,0.0,0.0,0.0,0.0072461665,0.0,0.0,1.7764544,0.0,0.0,0.0,0.0,0.0,0.0,1.3185889,0.0,2.2679622,0.0,0.0,0.0,0.0,0.0,0.0,0.0,0.0,0.0,0.0,0.0,0.0,0.0,0.0,0.0,0.0,0.0,0.0,0.0,0.0,1.6528827,0.0,0.0,1.1659776,0.0,0.0,2.2343962,0.0,1.4913076,0.0,0.0,0.0,0.0,0.0,0.0,0.0,0.0,0.0,1.4202571,0.0,0.0,0.0,0.0,1.688831,1.0221266,1.6439977,0.0,0.0,0.0,0.0,2.1302025,0.0,0.0,0.0,0.0,0.0,0.0,0.0,0.0,0.0,0.0,0.7012546272065303,0.5440264747995436,0.717391304347826,0.5217391304347826
COc1ccc2cc(S(N)(=O)=O)oc2c1,CHEMBL162168,COc1ccc2cc(S(N)(=O)=O)oc2c1,7.82,active,Active,0.8870833,0.0,0.0,0.0,0.008987509,0.0,0.0,0.0,0.0,0.0,0.0,0.0,0.0,0.0,0.0,0.0,0.0,0.0,0.0,0.0,0.0,0.0,2.1130457,0.0,0.0,1.8103112,0.0,0.0,0.0,0.0,0.0,0.0,0.6098016,0.09554969,0.0,1.2964921,0.0,0.0,0.0,0.0,0.0,1.2624562,0.0,0.0,1.9512016,1.2958372,0.0,0.0,1.6530782,0.0,1.7114819,0.0,0.0,0.0,0.073860504,0.0,0.0,1.789969,0.0,0.0,0.0,0.0,0.0,0.0,1.3530799,0.0,2.3366039,0.0,0.0,0.0,0.026913784,0.0,0.0,0.0,0.0,0.0,0.0,0.0,0.0,0.0,0.0,0.0,0.0,0.0,0.0,0.0,0.0,1.7362188,0.0,0.0,1.033404,0.0,0.0,2.3161054,0.0,1.4930041,0.0,0.0,0.0,0.0,0.0,0.0,0.0,0.0,0.0,1.3178753,0.0,0.0,0.0,0.0,1.7218969,1.0334177,1.5796611,0.0,0.0,0.0,0.0,2.236966,0.0,0.0,0.0,0.0,0.0,0.0,0.0,0.0,0.0,0.0,0.7662216424003218,0.6037913867298695,0.8043478260869565,0.5652173913043478
COc1ccc2cc(S(N)(=O)=O)sc2c1,CHEMBL87939,COc1ccc2cc(S(N)(=O)=O)sc2c1,8.06,active,Active,1.1863638,0.0,0.0,0.0,0.0,0.0,0.0,0.0,0.0,0.0,0.0,0.0,0.0,0.0,0.0,0.0,0.0,0.0,0.0,0.0,0.0,0.0,2.4836287,0.0,0.0,2.1489387,0.0,0.0,0.0,0.0,0.0,0.0,0.7916164,0.0,0.0,1.7040281,0.0,0.0,0.0,0.0,0.0,1.6490014,0.0,0.0,2.378056,1.5639217,0.0,0.0,1.9899921,0.0,2.1447258,0.0,0.0,0.0,0.14838478,0.0,0.0,2.1295085,0.0,0.0,0.0,0.0,0.0,0.0,1.7587287,0.0,2.7559035,0.0,0.0,0.0,0.39335245,0.0,0.0,0.0,0.0,0.0,0.0,0.0,0.0,0.0,0.0,0.0,0.0,0.0,0.0,0.0,0.0,2.0683737,0.0,0.0,1.4690974,0.0,0.0,2.823613,0.0,1.9280446,0.0,0.0,0.0,0.0,0.0,0.0,0.0,0.0,0.0,1.6244215,0.0,0.0,0.0,0.0,2.0631537,1.2152343,2.0717204,0.0,0.0,0.0,0.0,2.6471963,0.0,0.0,0.0,0.0,0.0,0.0,0.0,0.0,0.0,0.0,0.831777812372983,0.6574197813919025,0.8695652173913043,0.6304347826086957
COc1ccc2oc(S(N)(=O)=O)cc2c1,CHEMBL162280,COc1ccc2oc(S(N)(=O)=O)cc2c1,8.29,active,Active,0.88664305,0.0,0.0,0.0,0.013020508,0.0,0.0,0.0,0.0,0.0,0.0,0.0,0.0,0.0,0.0,0.0,0.0,0.0,0.0,0.0,0.0,0.0,2.1148818,0.0,0.0,1.8148283,0.0,0.0,0.0,0.0,0.0,0.0,0.6073336,0.10007483,0.0,1.3009366,0.0,0.0,0.0,0.0,0.0,1.2603194,0.0,0.0,1.952211,1.2930527,0.0,0.0,1.6533271,0.0,1.7110263,0.0,0.0,0.0,0.070788585,0.0,0.0,1.7925724,0.0,0.0,0.0,0.0,0.0,0.0,1.3475562,0.0,2.3339992,0.0,0.0,0.0,0.018393427,0.0,0.0,0.0,0.0,0.0,0.0,0.0,0.0,0.0,0.0,0.0,0.0,0.0,0.0,0.0,0.0,1.7368983,0.0,0.0,1.037803,0.0,0.0,2.3148518,0.0,1.4903086,0.0,0.0,0.0,0.0,0.0,0.0,0.0,0.0,0.0,1.323316,0.0,0.0,0.0,0.0,1.723064,1.0349689,1.5790886,0.0,0.0,0.0,0.0,2.2354555,0.0,0.0,0.0,0.0,0.0,0.0,0.0,0.0,0.0,0.0,0.765592870632639,0.6026516555107289,0.7826086956521738,0.5652173913043478
COc1ccc2sc(S(N)(=O)=O)cc2c1,CHEMBL87740,COc1ccc2sc(S(N)(=O)=O)cc2c1,7.64,active,Active,1.184896,0.0,0.0,0.0,0.0,0.0,0.0,0.0,0.0,0.0,0.0,0.0,0.0,0.0,0.0,0.0,0.0,0.0,0.0,0.0,0.0,0.0,2.4888692,0.0,0.0,2.1595852,0.0,0.0,0.0,0.0,0.0,0.0,0.78565174,0.0,0.0,1.7126843,0.0,0.0,0.0,0.0,0.0,1.6448396,0.0,0.0,2.3809822,1.5589993,0.0,0.0,1.9919164,0.0,2.1450617,0.0,0.0,0.0,0.1403721,0.0,0.0,2.1374903,0.0,0.0,0.0,0.0,0.0,0.0,1.7474455,0.0,2.7514875,0.0,0.0,0.0,0.37190184,0.0,0.0,0.0,0.0,0.0,0.0,0.0,0.0,0.0,0.0,0.0,0.0,0.0,0.0,0.0,0.0,2.0706573,0.0,0.0,1.478594,0.0,0.0,2.8232415,0.0,1.9220551,0.0,0.0,0.0,0.0,0.0,0.0,0.0,0.0,0.0,1.6367459,0.0,0.0,0.0,0.0,2.0648491,1.21919,2.0701957,0.0,0.0,0.0,0.0,2.643289,0.0,0.0,0.0,0.0,0.0,0.0,0.0,0.0,0.0,0.0,0.8303316513958579,0.6580069067062103,0.8695652173913043,0.6521739130434783
COc1cccc(-c2nnc(Nc3cccc(S(N)(=O)=O)c3)c3ccccc23)c1,CHEMBL2336901,COc1cccc(-c2nnc(Nc3cccc(S(N)(=O)=O)c3)c3ccccc23)c1,7.21,active,Active,0.49039248,0.0,0.0,0.0,0.6976791,0.0,0.19685519,0.0,0.0,0.0,0.0,0.0,0.0,0.0,0.0,0.0,0.0,0.0,0.0,0.26772258,0.0,0.0,1.6998031,0.0,1.0063013,1.846691,0.0,0.0,0.0,0.0,0.99938893,0.0,0.22931907,0.8572136,0.0,1.0988948,0.67832506,0.08742362,0.92903626,0.0,0.43646717,0.6427189,0.8245477,0.0,1.221484,0.4793566,0.0,0.0,1.2534745,0.5895115,1.1845305,0.0,0.69502056,0.0,0.0,0.0,0.0,1.4454548,0.0,0.0,0.0,0.0,0.5470919,0.9056601,0.5221422,0.0,1.6863769,0.0,0.79234856,0.0,0.0,0.0,0.0,0.63214624,0.0,0.0,0.0,0.0,0.0,0.0,0.0,0.12372939,0.0,0.0,0.0,0.0,0.0,1.1344869,0.34897715,0.0,0.7432758,0.0,0.31007832,1.5737425,0.0,1.0259534,0.0,0.0,0.0,0.0,0.0,0.0,0.0,0.0,0.71220326,1.1712862,0.0,0.61114955,0.0,0.49253854,1.131529,0.7975724,1.0523087,0.0,0.0,1.0414139,0.0,1.8203816,0.0,0.0,0.18312277,0.6036305,0.0,0.0,0.5804404,0.0,0.0,0.0,0.4352812954135446,0.2436824150458181,0.41304347826086957,0.2391304347826087
COc1cccc(-n2cc(COc3ccc(/C=C/C(=O)O)cc3OC)nn2)c1,CHEMBL4641693,COc1cccc(-n2cc(COc3ccc(/C=C/C(=O)O)cc3OC)nn2)c1,5.44,inactive,Inactive,0.95551324,0.0,0.0,0.0,0.0,0.0,1.6887615,0.0,0.784384,0.0,0.0,0.0,0.0,0.0,0.0,0.0,0.0,0.0,0.0,1.5977868,0.0,0.0,1.9384769,0.0,2.1889596,2.51459,0.0,0.0,0.0,1.2887108,0.0,0.16077746,0.24122986,0.0,0.0,1.4397049,0.0,0.0,2.1685805,0.661136,2.0249455,0.821997,0.12985273,0.0,1.3491387,0.5367479,0.0,0.0,1.455541,1.2304713,1.4116563,0.0,0.0,0.0,0.0,0.0,0.0,1.7384137,0.0,0.0,0.0,0.0,0.23766784,0.15967174,0.7343417,0.0,2.0389442,0.0,1.6402761,0.0,0.0,0.0,0.0,1.558296,0.0,0.0,0.0,0.0,0.0,0.0,0.0,0.0,0.0,0.0,0.0,0.0,0.8238836,1.2668593,0.43323374,0.0,1.332999,0.0,0.0,1.8127894,0.0,1.4246085,0.0,0.0,0.0,0.0,0.0,0.0,0.0,0.0,2.264874,1.7196156,0.0,0.0,0.0,0.0,1.4214122,1.2016611,1.6863756,0.0,0.0,0.6107369,0.0,2.5072002,0.0,0.0,1.4177967,0.0,0.0,0.0,0.0,0.0,0.0,0.0,0.34295774211340857,0.012812746426703485,0.30434782608695654,0.021739130434782608
COc1cccc(/C=C/C(=O)N[C@@H]2[C@@H](O)[C@H](O)[C@@H](CO)O[C@H]2NC(=S)Nc2ccc(S(N)(=O)=O)cc2)c1,CHEMBL4075581,COc1cccc(/C=C/C(=O)N[C@@H]2[C@@H](O)[C@H](O)[C@@H](CO)O[C@H]2NC(=S)Nc2ccc(S(N)(=O)=O)cc2)c1,7.35,active,Active,1.405026,0.0,0.0,0.0,0.0,0.0,0.0,0.0,0.0,0.0,0.0,0.0,0.0,0.0,0.0,0.0,0.0,0.0,0.0,0.0,0.0,0.0,1.669379,0.0,0.0,2.1211407,0.0,0.0,0.0,0.5216935,0.0,0.0,0.24567544,0.0,0.0,1.4962043,0.0,0.0,0.0,0.0,0.18046251,0.79926836,0.0,0.0,1.8340517,1.4508696,0.0,0.0,1.0938699,0.0,0.78650063,0.0,0.0,0.0,0.0,0.0,0.0,1.6727115,0.0,0.0,0.0,0.0,0.0,0.0,0.8958509,0.0,1.7198634,0.0,0.0,0.0,0.0,0.0,0.0,0.0,0.0,0.0,0.0,0.0,0.0,0.0,0.0,0.0,0.0,0.0,0.0,0.0,0.0,1.0188488,0.0,0.0,1.0881746,0.0,0.0,1.3756001,0.0,0.90082324,0.0,0.0,0.0,0.0,0.0,0.0,0.0,0.0,0.16152455,1.6912992,0.0,0.0,0.0,0.0,1.6633263,1.652812,1.7462319,0.0,0.0,0.0,0.0,2.2030349,0.0,0.017063469,0.0,0.0,0.0,0.0,0.0,0.0,0.0,0.0,0.8478547583708852,0.18624184078609077,0.8478260869565217,0.21739130434782608
COc1cccc(/C=C/C(=O)N[C@@H]2[C@@H](O)[C@H](O)[C@@H](CO)O[C@H]2NC(=S)Nc2ccc(S(N)(=O)=O)cc2)c1OC,CHEMBL4075252,COc1cccc(/C=C/C(=O)N[C@@H]2[C@@H](O)[C@H](O)[C@@H](CO)O[C@H]2NC(=S)Nc2ccc(S(N)(=O)=O)cc2)c1OC,7.47,active,Active,1.4424713,0.0,0.0,0.0,0.0,0.0,0.0,0.0,0.0,0.0,0.0,0.0,0.0,0.0,0.0,0.0,0.0,0.0,0.0,0.0,0.0,0.0,1.7124724,0.0,0.0,2.1792536,0.0,0.0,0.0,0.55940366,0.0,0.0,0.26117697,0.0,0.0,1.5229601,0.0,0.0,0.0,0.0,0.28264508,0.84762484,0.0,0.0,1.8876201,1.4710258,0.0,0.0,1.134321,0.0,0.85871714,0.0,0.0,0.0,0.0,0.0,0.0,1.7175459,0.0,0.0,0.0,0.0,0.0,0.0,0.9618991,0.0,1.7916378,0.0,0.0,0.0,0.0,0.0,0.0,0.0,0.0,0.0,0.0,0.0,0.0,0.0,0.0,0.0,0.0,0.0,0.0,0.0,0.0,1.0758512,0.0,0.0,1.179672,0.0,0.0,1.4508649,0.0,0.97514766,0.0,0.0,0.0,0.0,0.0,0.0,0.0,0.0,0.20923258,1.7599703,0.0,0.0,0.0,0.0,1.7087957,1.6834501,1.8258823,0.0,0.0,0.0,0.0,2.26594,0.0,0.025833592,0.0,0.0,0.0,0.0,0.0,0.0,0.0,0.0,0.8442958791710018,0.17821107553776233,0.8695652173913043,0.15217391304347827
COc1cccc(C2CC(c3cc(F)cc(F)c3)=NN2c2ccc(S(N)(=O)=O)cc2)c1OC,CHEMBL4857592,COc1cccc(C2CC(c3cc(F)cc(F)c3)=NN2c2ccc(S(N)(=O)=O)cc2)c1OC,8.35,active,Active,0.78107285,0.0,0.0,0.0,0.0,0.0,0.0,0.0,0.0,0.0,0.0,0.0,0.0,0.0,0.0,0.0,0.0,0.0,0.0,0.0,0.0,0.0,1.541824,0.0,0.0,1.6853954,0.0,0.0,0.0,0.0,0.0,0.0,0.25736138,0.0,0.0,1.0401798,0.0,0.0,0.0,0.0,0.0,0.7445431,0.0,0.0,1.526786,0.90072495,0.0,0.0,1.1321318,0.0,1.0369092,0.0,0.0,0.0,0.0,0.0,0.0,1.3991805,0.0,0.0,0.0,0.0,0.0,0.061282583,0.82327074,0.0,1.6371506,0.0,0.0,0.0,0.0,0.0,0.0,0.0,0.0,0.0,0.0,0.0,0.0,0.0,0.0,0.0,0.0,0.0,0.0,0.0,0.0,1.0834111,0.0,0.0,0.9336608,0.0,0.0,1.484473,0.0,1.0067756,0.0,0.0,0.0,0.0,0.0,0.0,0.0,0.0,0.0,1.2690351,0.0,0.0,0.0,0.0,1.3056726,0.9781816,1.295202,0.0,0.0,0.0,0.0,1.7739149,0.0,0.0,0.0,0.0,0.0,0.0,0.0,0.0,0.0,0.0,0.49041601360389914,0.5011815375467387,0.4782608695652174,0.4782608695652174
COc1cccc(C2CC(c3cc(F)ccc3F)=NN2c2ccc(S(N)(=O)=O)cc2)c1OC,CHEMBL4876038,COc1cccc(C2CC(c3cc(F)ccc3F)=NN2c2ccc(S(N)(=O)=O)cc2)c1OC,8.35,active,Active,0.7080511,0.0,0.0,0.0,0.0,0.0,0.0,0.0,0.0,0.0,0.0,0.0,0.0,0.0,0.0,0.0,0.0,0.0,0.0,0.0,0.0,0.0,1.4215474,0.0,0.0,1.5838724,0.0,0.0,0.0,0.0,0.0,0.0,0.19243959,0.0,0.0,0.9602912,0.0,0.0,0.0,0.0,0.009119578,0.63195324,0.0,0.0,1.4642742,0.84633183,0.0,0.0,1.0154108,0.0,0.8952632,0.0,0.0,0.0,0.0,0.0,0.0,1.3038706,0.0,0.0,0.0,0.0,0.0,0.20646338,0.7046756,0.0,1.4719552,0.0,0.0,0.0,0.0,0.0,0.0,0.0,0.0,0.0,0.0,0.0,0.0,0.0,0.0,0.0,0.0,0.0,0.0,0.0,0.0,0.9611736,0.0,0.0,0.85166126,0.0,0.0,1.3026655,0.0,0.8591733,0.0,0.0,0.0,0.0,0.0,0.0,0.0,0.0,0.0,1.2258048,0.0,0.0,0.0,0.0,1.2026404,0.9429969,1.1641703,0.0,0.0,0.0,0.0,1.5893009,0.0,0.0,0.0,0.0,0.0,0.0,0.0,0.0,0.0,0.0,0.4722664735596752,0.5120297142338376,0.43478260869565216,0.5217391304347826
COc1cccc(N2C(CN3CCOCC3)=Cc3cc(S(N)(=O)=O)sc3S2(=O)=O)c1,CHEMBL433921,COc1cccc(N2C(CN3CCOCC3)=Cc3cc(S(N)(=O)=O)sc3S2(=O)=O)c1,8.9,active,Active,0.96761346,0.0,0.0,0.0,0.0,0.0,0.0,0.0,0.0,0.0,0.0,0.0,0.0,0.0,0.0,0.0,0.0,0.0,0.0,0.0,0.0,0.0,1.6479826,0.0,0.0,1.4223166,0.0,0.0,0.0,0.0,0.0,0.0,0.47917268,0.0,0.0,1.2976876,0.0,0.0,0.0,0.0,0.0,1.0774585,0.0,0.0,1.9931543,1.4589295,0.0,0.0,1.1965982,0.0,1.1115705,0.0,0.0,0.0,0.035924815,0.0,0.0,1.4906634,0.0,0.0,0.0,0.0,0.0,0.0,1.235886,0.0,1.8327646,0.0,0.0,0.0,0.4152211,0.0,0.0,0.0,0.0,0.0,0.0,0.0,0.0,0.0,0.0,0.0,0.0,0.0,0.0,0.0,0.0,1.2423705,0.0,0.0,0.938775,0.0,0.0,1.7553608,0.0,1.0623914,0.0,0.0,0.0,0.0,0.0,0.0,0.0,0.0,0.0,1.0921013,0.0,0.0,0.0,0.0,1.6202561,1.1043808,1.5448924,0.0,0.0,0.0,0.0,1.7351575,0.0,0.005712554,0.0,0.0,0.0,0.0,0.0,0.0,0.0,0.0,0.5804952828028879,0.5987250080744498,0.6086956521739131,0.6086956521739131
COc1cccc(OC)c1C(=O)Oc1ccc2nc(S(N)(=O)=O)sc2c1,CHEMBL82510,COc1cccc(OC)c1C(=O)Oc1ccc2nc(S(N)(=O)=O)sc2c1,8.4,active,Active,1.0220753,0.0,0.0,0.0,0.0,0.0,0.0,0.0,0.0,0.0,0.0,0.0,0.0,0.0,0.0,0.0,0.0,0.0,0.0,0.24418467,0.0,0.0,2.1185613,0.0,0.0,2.1065102,0.0,0.0,0.0,0.0,0.0,0.0,0.5068087,0.0,0.0,1.5044088,0.0,0.0,0.0,0.0,0.0,1.2372943,0.0,0.0,1.9557143,1.1263069,0.0,0.0,1.6340247,0.0,1.6986672,0.0,0.0,0.0,0.0,0.0,0.0,1.869989,0.0,0.0,0.0,0.0,0.0,0.0,1.3263538,0.0,2.2836087,0.0,0.0,0.0,0.0,0.0,0.0,0.0,0.0,0.0,0.0,0.0,0.0,0.0,0.0,0.0,0.0,0.0,0.0,0.0,0.0,1.5957843,0.0,0.0,1.3850704,0.0,0.0,2.2437909,0.0,1.599241,0.0,0.0,0.0,0.0,0.0,0.0,0.0,0.0,0.0,1.587957,0.0,0.0,0.0,0.0,1.6980394,1.1302519,1.8326678,0.0,0.0,0.0,0.0,2.3611424,0.0,0.0,0.0,0.0,0.0,0.0,0.0,0.0,0.0,0.0,0.7130775370123691,0.5544796165332946,0.7391304347826086,0.5217391304347826
COc1cccc2c1CCC(NS(=O)(=O)N(C)C)C2,CHEMBL3785269,COc1cccc2c1CCC(NS(=O)(=O)N(C)C)C2,7.15,active,Active,0.18578959,0.0,0.0,0.061652943,0.0,0.0,0.0,0.0,0.0,0.0,0.0,0.0,0.0,0.0,0.0,0.0,0.0,0.0,0.0,0.0,0.0,0.0,0.5182686,0.0,0.0,0.26211128,0.0,0.0,0.0,0.0,0.0,0.0,0.0,0.0,0.0,0.07175715,0.0,0.0,0.0,0.0,0.0,0.15005061,0.0,0.0,1.4407152,0.88733965,0.0,0.0,0.19195941,0.0,0.0,0.0,0.0,0.0,0.0,0.0,0.0,0.53018135,0.0,0.0,0.0,0.0,0.0,0.87661767,0.3183046,0.0,0.5579242,0.0,0.0,0.0,0.03582389,0.0,0.0,0.0,0.0,0.0,0.0,0.0,0.0,0.0,0.0,0.0,0.0,0.0,0.0,0.0,0.0,0.20134027,0.0,0.0,0.20533678,0.0,0.0,0.21418096,0.0,0.0,0.0,0.0,0.0,0.0,0.0,0.0,0.0,0.0,0.0,0.35423505,0.0,0.0,0.0,0.0,0.82958096,0.3853103,0.4475374,0.0,0.0,0.0,0.0,0.25842363,0.0,0.0,0.0,0.0,0.0,0.0,0.0,0.0,0.0,0.0,0.2591790780878745,0.6836291322144423,0.2391304347826087,0.6956521739130435
COc1cccc2c1CCCC2NS(=O)(=O)NC(=O)OCc1ccccc1,CHEMBL5219841,COc1cccc2c1CCCC2NS(=O)(=O)NC(=O)OCc1ccccc1,8.31,active,Active,0.22757062,0.0,0.0,0.0,0.0,0.0,0.0,0.0,0.0,0.0,0.0,0.0,0.0,0.0,0.0,0.0,0.0,0.0,0.0,0.0,0.0,0.0,0.5477392,0.0,0.0,0.503803,0.0,0.0,0.0,0.0,0.22115451,0.0,0.0,0.0,0.0,0.19033735,0.0,0.1436886,0.0,0.0,0.0,0.04584504,0.06734706,0.0,1.3615657,0.8009347,0.0,0.0,0.182571,0.0,0.0,0.0,0.0,0.0,0.0,0.0,0.0,0.57272327,0.0,0.0,0.0,0.0,0.0,1.0421332,0.14673866,0.0,0.46875432,0.0,0.0,0.0,0.0,0.0,0.0,0.0,0.0,0.0,0.0,0.0,0.0,0.0,0.0,0.06832269,0.0,0.0,0.0,0.0,0.0,0.15012944,0.0,0.0,0.1277174,0.0,0.0,0.15752341,0.0,0.0,0.0,0.0,0.0,0.0,0.0,0.0,0.0,0.0,0.0,0.4630384,0.0,0.0,0.0,0.0,0.77231026,0.47174695,0.40221715,0.0,0.0,0.0,0.0,0.3847653,0.0,0.0,0.0,0.0,0.0,0.0,0.06142181,0.0,0.0,0.0,0.2619554337052944,0.7047094525763445,0.2608695652173913,0.717391304347826
COc1cccc2c1CC[C@H](NC(=O)N(C)C)C2,CHEMBL3786651,COc1cccc2c1CC[C@H](NC(=O)N(C)C)C2,7.76,active,Active,1.1174078,0.0,0.0,1.0534625,0.0,0.0,2.2374732,0.0,0.0,0.0,0.0,0.0,0.0,0.0,0.0,0.0,0.0,0.0,0.0,1.7918983,0.0,0.0,1.5093609,0.0,0.0,2.0398166,0.0,0.0,0.0,0.0,0.0,0.0,0.14952731,0.0,0.0,1.0699339,0.0,0.0,0.0,0.0,2.3870678,0.9120763,0.0,0.0,1.8923657,0.94346297,0.0,0.0,1.1289878,0.0,0.8927181,0.0,0.0,0.0,0.0,0.0,0.0,1.5568179,0.0,0.0,0.0,0.0,0.0,0.17087317,0.87219983,0.0,1.778005,0.0,0.0,0.0,0.0,0.0,0.0,0.0,0.0,0.0,0.0,0.0,0.0,0.0,0.0,0.0,0.0,0.0,0.0,0.0,0.0,1.1347015,0.0,0.0,1.6966964,0.0,0.0,1.2192781,0.0,1.0611095,0.0,0.0,0.0,0.0,0.0,0.0,0.0,0.0,0.0,1.6523136,0.0,0.0,0.0,0.0,1.6835732,1.2866651,1.8652358,0.0,0.0,0.0,0.0117561035,1.8438519,0.0,0.0,0.0,0.0,0.0,0.0,0.0,0.0,0.0,0.0,0.5892894935379366,0.30112234322034137,0.5869565217391304,0.2608695652173913
COc1cccc2cc(S(N)(=O)=O)sc12,CHEMBL82865,COc1cccc2cc(S(N)(=O)=O)sc12,7.3,active,Active,1.1045419,0.0,0.0,0.0,0.0,0.0,0.0,0.0,0.0,0.0,0.0,0.0,0.0,0.0,0.0,0.0,0.0,0.0,0.0,0.0,0.0,0.0,2.3382204,0.0,0.0,2.0084438,0.0,0.0,0.0,0.0,0.0,0.0,0.7241703,0.0,0.0,1.6451125,0.0,0.0,0.0,0.0,0.0,1.5386202,0.0,0.0,2.3064525,1.5101444,0.0,0.0,1.8514915,0.0,1.9830881,0.0,0.0,0.0,0.09671309,0.0,0.0,2.0190687,0.0,0.0,0.0,0.0,0.0,0.0,1.6484745,0.0,2.5464642,0.0,0.0,0.0,0.36483285,0.0,0.0,0.0,0.0,0.0,0.0,0.0,0.0,0.0,0.0,0.0,0.0,0.0,0.0,0.0,0.0,1.9138931,0.0,0.0,1.3848072,0.0,0.0,2.6079876,0.0,1.7649949,0.0,0.0,0.0,0.0,0.0,0.0,0.0,0.0,0.0,1.5564657,0.0,0.0,0.0,0.0,1.9389424,1.1578274,1.9245945,0.0,0.0,0.0,0.0,2.4193873,0.0,0.0,0.0,0.0,0.0,0.0,0.0,0.0,0.0,0.0,0.8141223857824038,0.6423928732814722,0.8478260869565217,0.6086956521739131
COc1cccc2sc(S(N)(=O)=O)cc12,CHEMBL315921,COc1cccc2sc(S(N)(=O)=O)cc12,7.92,active,Active,1.1015521,0.0,0.0,0.0,0.0,0.0,0.0,0.0,0.0,0.0,0.0,0.0,0.0,0.0,0.0,0.0,0.0,0.0,0.0,0.0,0.0,0.0,2.3370962,0.0,0.0,2.0084608,0.0,0.0,0.0,0.0,0.0,0.0,0.72089285,0.0,0.0,1.6401008,0.0,0.0,0.0,0.0,0.0,1.5347245,0.0,0.0,2.3062987,1.5132319,0.0,0.0,1.8501,0.0,1.9806496,0.0,0.0,0.0,0.09058864,0.0,0.0,2.0208652,0.0,0.0,0.0,0.0,0.0,0.0,1.6435695,0.0,2.5433745,0.0,0.0,0.0,0.35313582,0.0,0.0,0.0,0.0,0.0,0.0,0.0,0.0,0.0,0.0,0.0,0.0,0.0,0.0,0.0,0.0,1.9121395,0.0,0.0,1.3822446,0.0,0.0,2.607224,0.0,1.7587405,0.0,0.0,0.0,0.0,0.0,0.0,0.0,0.0,0.0,1.5570713,0.0,0.0,0.0,0.0,1.9331615,1.159314,1.9207145,0.0,0.0,0.0,0.0,2.4126647,0.0,0.0,0.0,0.0,0.0,0.0,0.0,0.0,0.0,0.0,0.811120849426561,0.6433983295356291,0.8478260869565217,0.6304347826086957
COc1ccccc1/C=C/C(=O)N[C@@H]1[C@@H](O)[C@H](O)[C@@H](CO)O[C@H]1NC(=S)Nc1ccc(S(N)(=O)=O)cc1,CHEMBL4090618,COc1ccccc1/C=C/C(=O)N[C@@H]1[C@@H](O)[C@H](O)[C@@H](CO)O[C@H]1NC(=S)Nc1ccc(S(N)(=O)=O)cc1,7.28,active,Active,1.3817478,0.0,0.0,0.0,0.0,0.0,0.0,0.0,0.0,0.0,0.0,0.0,0.0,0.0,0.0,0.0,0.0,0.0,0.0,0.0,0.0,0.0,1.6316699,0.0,0.0,2.0815108,0.0,0.0,0.0,0.5069156,0.0,0.0,0.23226747,0.0,0.0,1.4773563,0.0,0.0,0.0,0.0,0.15695001,0.7767201,0.0,0.0,1.8205746,1.4381057,0.0,0.0,1.0554556,0.0,0.75929385,0.0,0.0,0.0,0.0,0.0,0.0,1.6459849,0.0,0.0,0.0,0.0,0.0,0.0,0.88407093,0.0,1.683986,0.0,0.0,0.0,0.0,0.0,0.0,0.0,0.0,0.0,0.0,0.0,0.0,0.0,0.0,0.0,0.0,0.0,0.0,0.0,0.0,0.99119824,0.0,0.0,1.0575095,0.0,0.0,1.3556715,0.0,0.87452555,0.0,0.0,0.0,0.0,0.0,0.0,0.0,0.0,0.122884944,1.6623757,0.0,0.0,0.0,0.0,1.6318047,1.637365,1.7212337,0.0,0.0,0.0,0.0,2.153805,0.0,0.009942703,0.0,0.0,0.0,0.0,0.0,0.0,0.0,0.0,0.8477018694794917,0.1828367040967515,0.8478260869565217,0.19565217391304346
COc1ccccc1C(=O)NC(=S)Nc1ccc(S(N)(=O)=O)cc1,CHEMBL4473329,COc1ccccc1C(=O)NC(=S)Nc1ccc(S(N)(=O)=O)cc1,8.68,active,Active,0.47733727,0.0,0.0,0.0,0.0,0.0,0.0,0.0,0.0,0.0,0.0,0.0,0.0,0.0,0.0,0.0,0.0,0.0,0.0,0.0,0.0,0.0,1.2533666,0.0,0.0,1.1949267,0.0,0.0,0.0,0.0,0.0,0.0,0.07131466,0.0,0.0,0.8184225,0.0,0.0,0.0,0.0,0.0,0.4959189,0.0,0.0,1.4562074,0.8128596,0.0,0.0,0.771549,0.0,0.6764155,0.0,0.0,0.0,0.0,0.0,0.0,1.1515115,0.0,0.0,0.0,0.0,0.0,0.24988142,0.6709941,0.0,1.2039299,0.0,0.0,0.0,0.0,0.0,0.0,0.0,0.0,0.0,0.0,0.0,0.0,0.0,0.0,0.0,0.0,0.0,0.0,0.0,0.0,0.7519585,0.0,0.0,0.66880935,0.0,0.0,1.0538989,0.0,0.6133548,0.0,0.0,0.0,0.0,0.0,0.0,0.0,0.0,0.0,1.0580381,0.0,0.0,0.0,0.0,0.98536843,0.8060118,0.92761755,0.0,0.0,0.0,0.0,1.1378012,0.0,0.0,0.0,0.0,0.0,0.0,0.0,0.0,0.0,0.0,0.3834753834373655,0.5770564917427589,0.3913043478260869,0.5652173913043478
COc1ccccc1C(=O)NC(=S)Nc1cccc(S(N)(=O)=O)c1,CHEMBL4456875,COc1ccccc1C(=O)NC(=S)Nc1cccc(S(N)(=O)=O)c1,7.68,active,Active,0.51006246,0.0,0.0,0.0,0.0,0.0,0.0,0.0,0.0,0.0,0.0,0.0,0.0,0.0,0.0,0.0,0.0,0.0,0.0,0.0,0.0,0.0,1.2984042,0.0,0.0,1.2408669,0.0,0.0,0.0,0.0,0.0,0.0,0.09987995,0.0,0.0,0.85660493,0.0,0.0,0.0,0.0,0.0,0.5476511,0.0,0.0,1.493416,0.84201604,0.0,0.0,0.81852764,0.0,0.73882633,0.0,0.0,0.0,0.0,0.0,0.0,1.18998,0.0,0.0,0.0,0.0,0.0,0.20539166,0.72115624,0.0,1.2673838,0.0,0.0,0.0,0.0,0.0,0.0,0.0,0.0,0.0,0.0,0.0,0.0,0.0,0.0,0.0,0.0,0.0,0.0,0.0,0.0,0.79978853,0.0,0.0,0.7062011,0.0,0.0,1.1308894,0.0,0.67737305,0.0,0.0,0.0,0.0,0.0,0.0,0.0,0.0,0.0,1.0829966,0.0,0.0,0.0,0.0,1.0260363,0.82148933,0.9826028,0.0,0.0,0.0,0.0,1.2056694,0.0,0.0,0.0,0.0,0.0,0.0,0.0,0.0,0.0,0.0,0.39767977159650686,0.5719578826654445,0.41304347826086957,0.5652173913043478
CS(=O)(=O)CCNCc1cc2cc(S(N)(=O)=O)sc2s1.Cl,CHEMBL539258,CS(=O)(=O)CCNCc1cc2cc(S(N)(=O)=O)sc2s1.Cl,8.35,active,Active,1.3563997,0.0,0.0,0.0,0.0,0.0,0.0,0.0,0.0,0.0,0.0,0.0,0.0,0.0,0.0,0.0,0.0,0.0,0.0,0.0,0.0,0.0,2.447225,0.0,0.0,1.8792197,0.0,0.0,0.0,0.0,0.0,0.0,0.93264544,0.0,0.0,1.9467409,0.0,0.0,0.0,0.0,0.0,1.9913694,0.0,0.0,2.7410765,1.9719608,0.0,0.0,1.991282,0.0,2.3261619,0.0,0.0,0.0,0.30507144,0.0,0.0,2.1201153,0.0,0.0,0.0,0.0,0.0,0.0,2.2505414,0.0,2.7686088,0.0,0.0,0.0,1.6061842,0.0,0.0,0.0,0.0,0.0,0.0,0.0,0.0,0.0,0.0,0.0,0.0,0.0,0.0,0.0,0.0,2.103473,0.0,0.0,1.7082299,0.0,0.0,2.9970305,0.0,2.186547,0.0,0.0,0.0,0.0,0.0,0.0,0.0,0.0,0.0,1.5594299,0.0,0.0,0.0,0.0,2.214731,1.1755658,2.3923557,0.0,0.0,0.0,0.0,2.5227761,0.0,0.15739053,0.0,0.0,0.0,0.0,0.0,0.0,0.0,0.0,0.9461318279253279,0.8261263621010554,0.9130434782608695,0.8478260869565217
CS(=O)(=O)Oc1ccc(-c2ccc3occc3c2)cc1,CHEMBL4592008,CS(=O)(=O)Oc1ccc(-c2ccc3occc3c2)cc1,5.67,inactive,Inactive,0.18382391,0.0,0.0,0.0,1.3258561,0.0,0.0,0.0,0.0,0.0,0.0,0.0,0.0,0.0,0.0,0.0,0.0,0.0,0.0,0.0,0.0,0.0,1.4521965,0.0,0.4473562,1.3758998,0.0,0.0,0.0,0.0,1.7424655,0.0,0.12806833,1.6745981,0.0,0.8087977,1.2431892,0.39954668,0.42776656,0.0,0.0,0.39479423,1.2106788,0.0,1.0547016,0.3376632,0.0,0.0,0.9954109,0.2149002,0.8540931,0.0,0.9794285,0.0,0.0,0.0,0.0,1.1632036,0.0,0.0,0.0,0.0,0.889906,1.1877149,0.26186422,0.0,1.3307155,0.0,0.22780843,0.0,0.0,0.0,0.0,0.289729,0.0,0.0,0.0,0.0,0.0,0.0,0.0,0.6681853,0.0,0.0,0.0,0.0,0.0,0.8432945,0.5243413,0.0,0.3362629,0.0,0.7996173,1.2489432,0.0,0.70481503,0.0,0.0,0.0,0.0,0.0,0.0,0.0,0.0,0.04237505,0.7649343,0.0,1.3987858,0.0,1.0374839,0.89422154,0.46881914,0.63664466,0.0,0.0,1.6296213,0.0,1.4071184,0.0,0.0,0.0,1.0594083,0.0,0.0,1.283524,0.0,0.0,0.0,0.002468904819902606,0.20640783059697637,0.043478260869565216,0.19565217391304346
CS(=O)(=O)Oc1ccc(-c2ccc3sccc3c2)cc1,CHEMBL4591628,CS(=O)(=O)Oc1ccc(-c2ccc3sccc3c2)cc1,5.82,inactive,Inactive,0.21091852,0.0,0.0,0.0,1.3015568,0.0,0.0,0.0,0.0,0.0,0.0,0.0,0.0,0.0,0.0,0.0,0.0,0.0,0.0,0.0,0.0,0.0,1.4738537,0.0,0.38298872,1.3719108,0.0,0.0,0.0,0.0,1.6089795,0.0,0.16717745,1.6396827,0.0,0.7966432,1.1907847,0.2914784,0.37108576,0.0,0.0,0.44645616,1.143696,0.0,1.0617473,0.36605728,0.0,0.0,1.0309296,0.11495527,0.9023046,0.0,0.89263797,0.0,0.0,0.0,0.0,1.1681197,0.0,0.0,0.0,0.0,0.89897585,1.0496049,0.3366779,0.0,1.4022049,0.0,0.16718446,0.0,0.0,0.0,0.0,0.24175088,0.0,0.0,0.0,0.0,0.0,0.0,0.0,0.64478153,0.0,0.0,0.0,0.0,0.0,0.8825744,0.4924779,0.0,0.33410764,0.0,0.7142872,1.3123535,0.0,0.77209383,0.0,0.0,0.0,0.0,0.0,0.0,0.0,0.0,0.010452801,0.73848295,0.0,1.3062407,0.0,0.9809496,0.9268264,0.46596423,0.6801816,0.0,0.0,1.5772032,0.0,1.4756349,0.0,0.0,0.0,0.98100525,0.0,0.0,1.185848,0.0,0.0,0.0,0.002476963467698136,0.20684006159850174,0.021739130434782608,0.21739130434782608
CSCCNCc1cc2cc(S(N)(=O)=O)sc2s1.Cl,CHEMBL544970,CSCCNCc1cc2cc(S(N)(=O)=O)sc2s1.Cl,8.4,active,Active,1.5941161,0.0,0.0,0.0,0.0,0.0,0.0,0.0,0.0,0.0,0.0,0.0,0.0,0.0,0.0,0.0,0.0,0.0,0.0,0.0,0.0,0.0,2.6107535,0.0,0.0,2.2427995,0.0,0.0,0.0,0.0,0.0,0.0,1.0291375,0.0,0.0,2.135548,0.0,0.0,0.0,0.0,0.0,2.1147811,0.0,0.0,2.7953365,1.9259573,0.0,0.0,2.1927652,0.0,2.5494463,0.0,0.0,0.0,0.30287015,0.0,0.0,2.2964666,0.0,0.0,0.0,0.0,0.0,0.0,2.353052,0.0,2.9693239,0.0,0.0,0.0,1.4006144,0.0,0.0,0.0,0.0,0.0,0.0,0.0,0.0,0.0,0.0,0.0,0.0,0.0,0.0,0.0,0.0,2.2372088,0.0,0.0,2.0148942,0.0,0.0,3.273425,0.0,2.454601,0.0,0.0,0.0,0.0,0.0,0.0,0.0,0.0,0.0,1.8043365,0.0,0.0,0.0,0.0,2.35672,1.2842824,2.7059412,0.0,0.0,0.0,0.0,2.931273,0.0,0.25735986,0.0,0.0,0.0,0.0,0.0,0.0,0.0,0.0,0.98337771459848,0.8466707640159671,0.9565217391304348,0.8260869565217391
C[C@@H](C(=O)O[C@H]1CC[C@H]2[C@@H]3CCc4cc(O)ccc4[C@H]3CC[C@]12C)N(C)C(=O)c1ccc(S(N)(=O)=O)cc1,CHEMBL4094577,C[C@@H](C(=O)O[C@H]1CC[C@H]2[C@@H]3CCc4cc(O)ccc4[C@H]3CC[C@]12C)N(C)C(=O)c1ccc(S(N)(=O)=O)cc1,6.49,medium,Medium,0.64003575,0.0,0.0,0.54762876,0.0,0.0,1.0765345,0.0,0.0,0.0,0.0,0.0,0.0,0.0,0.0,0.0,0.0,0.0,0.0,0.523483,0.0,0.0,1.0104439,0.0,0.0,1.1067351,0.0,0.0,0.0,0.0,0.0,0.0,0.07084741,0.0,0.0,0.46657187,0.0,0.0,0.0,0.0,1.0980767,0.58531076,0.0,0.0,1.674759,0.90206295,0.0,0.0,0.69420666,0.0,0.24887818,0.0,0.0,0.0,0.0,0.0,0.0,1.0454234,0.0,0.0,0.0,0.0,0.0,0.9637092,0.50993955,0.0,1.2570547,0.0,0.0,0.0,0.0,0.0,0.0,0.0,0.0,0.0,0.0,0.0,0.0,0.0,0.0,0.0,0.0,0.0,0.0,0.0,0.0,0.7477626,0.0,0.0,0.9838975,0.0,0.0,0.6188781,0.0,0.43013567,0.0,0.0,0.0,0.0,0.0,0.0,0.0,0.0,0.0,0.8256511,0.0,0.0,0.0,0.0,1.4246767,0.83273214,1.1886513,0.0,0.0,0.0,0.0,1.0023136,0.0,0.0,0.0,0.0,0.0,0.0,0.0,0.0,0.0,0.0,0.18058195553232512,0.5278105114795357,0.17391304347826086,0.5434782608695652
C[C@@H](O)[C@@H](C)Nc1nc(Nc2ccc([S+](N)[O-])cc2)ncc1Br,CHEMBL3604467,C[C@@H](O)[C@@H](C)Nc1nc(Nc2ccc([S+](N)[O-])cc2)ncc1Br,6.39,medium,Medium,0.6867533,0.0,0.0,0.0,0.0,0.0,0.0,0.0,0.0,0.0,0.0,0.0,0.0,0.0,0.0,0.0,0.0,0.0,0.0,0.0,0.0,0.0,1.1569226,0.0,0.0,1.2516654,0.0,0.0,0.0,0.0,0.0,0.0,0.26424626,0.0,0.0,0.72361934,0.0,0.0,0.0,0.0,0.0,0.5904504,0.0,0.0,1.7987716,1.0546688,0.0,0.0,0.85586286,0.0,0.7096513,0.0,0.0,0.0,0.0,0.0,0.0,1.0318321,0.0,0.0,0.0,0.0,0.0,0.0,0.7729015,0.0,1.1771173,0.0,0.0,0.0,0.0,0.0,0.0,0.0,0.0,0.0,0.0,0.0,0.0,0.0,0.0,0.0,0.0,0.0,0.0,0.0,0.0,0.7710296,0.0,0.0,0.7660597,0.0,0.0,1.3001626,0.0,0.84747577,0.0,0.0,0.0,0.0,0.0,0.0,0.0,0.0,0.0,1.0165185,0.0,0.0,0.0,0.0,1.2100216,0.5871238,1.0655088,0.0,0.0,0.0,0.0,1.384824,0.0,0.0,0.0,0.0,0.0,0.0,0.0,0.0,0.0,0.0,0.4373800096224763,0.5896077490277963,0.45652173913043476,0.5869565217391304
C[C@@H]1OC[C@@](O)(NC(=O)c2ccc(S(N)(=O)=O)cc2)[C@H](O)[C@H]1O,CHEMBL4876347,C[C@@H]1OC[C@@](O)(NC(=O)c2ccc(S(N)(=O)=O)cc2)[C@H](O)[C@H]1O,7.16,active,Active,1.5435995,0.0,0.0,0.0,0.0,0.0,0.0,0.0,0.0,0.0,0.0,0.0,0.0,0.0,0.0,0.0,0.0,0.0,0.0,0.0,0.0,0.0,1.5671753,0.0,0.0,1.8664252,0.0,0.0,0.0,0.0,0.0,0.0,0.3511961,0.0,0.0,1.4255482,0.0,0.0,0.0,0.0,0.0,0.8992911,0.0,0.0,2.049893,1.8072362,0.0,0.0,1.0332494,0.0,0.63950616,0.0,0.0,0.0,0.0,0.0,0.0,1.6438764,0.0,0.0,0.0,0.0,0.0,0.0,0.989501,0.0,1.6693283,0.0,0.0,0.0,0.0,0.0,0.0,0.0,0.0,0.0,0.0,0.0,0.0,0.0,0.0,0.0,0.0,0.0,0.0,0.0,0.0,1.0643834,0.0,0.0,0.9870754,0.0,0.0,1.3076108,0.0,0.7731896,0.0,0.0,0.0,0.0,0.0,0.0,0.0,0.0,0.0,1.5310494,0.0,0.0,0.0,0.0,1.8072209,1.6741457,1.7631551,0.0,0.0,0.0,0.0,2.057206,0.0,0.08881227,0.0,0.0,0.0,0.0,0.0,0.0,0.0,0.0,0.8401522126412289,0.17530581958570932,0.8260869565217391,0.19565217391304346
C[C@H](CO)Nc1nc(Nc2ccc(S(N)(=O)=O)cc2)ncc1Br,CHEMBL4741442,C[C@H](CO)Nc1nc(Nc2ccc(S(N)(=O)=O)cc2)ncc1Br,6.29,medium,Medium,0.7816334,0.0,0.0,0.0,0.0,0.0,0.0,0.0,0.0,0.0,0.0,0.0,0.0,0.0,0.0,0.0,0.0,0.0,0.0,0.0,0.0,0.0,1.5331699,0.0,0.0,1.3986831,0.0,0.0,0.0,0.0,0.0,0.0,0.4053134,0.0,0.0,0.9974877,0.0,0.0,0.0,0.0,0.0,0.9052556,0.0,0.0,1.9800632,1.3116473,0.0,0.0,1.1681504,0.0,1.110042,0.0,0.0,0.0,0.0,0.0,0.0,1.3430959,0.0,0.0,0.0,0.0,0.0,0.0,1.1390947,0.0,1.6521702,0.0,0.0,0.0,0.21616307,0.0,0.0,0.0,0.0,0.0,0.0,0.0,0.0,0.0,0.0,0.0,0.0,0.0,0.0,0.0,0.0,1.175495,0.0,0.0,0.92142415,0.0,0.0,1.6838802,0.0,1.0745262,0.0,0.0,0.0,0.0,0.0,0.0,0.0,0.0,0.0,1.1889904,0.0,0.0,0.0,0.0,1.458275,0.84516186,1.3261403,0.0,0.0,0.0,0.0,1.6030109,0.0,0.0,0.0,0.0,0.0,0.0,0.0,0.0,0.0,0.0,0.5554658271772261,0.5681054427297476,0.5434782608695652,0.5869565217391304
C[C@H](CO)Nc1nc(Nc2ccc(S(N)(=O)=O)cc2)ncc1Br.Cl,CHEMBL4764656,C[C@H](CO)Nc1nc(Nc2ccc(S(N)(=O)=O)cc2)ncc1Br.Cl,6.29,medium,Medium,0.7159413,0.0,0.0,0.0,0.0,0.0,0.0,0.0,0.0,0.0,0.0,0.0,0.0,0.0,0.0,0.0,0.0,0.0,0.0,0.0,0.0,0.0,1.4152844,0.0,0.0,1.2655431,0.0,0.0,0.0,0.0,0.0,0.0,0.3707308,0.0,0.0,0.8971278,0.0,0.0,0.0,0.0,0.0,0.82473415,0.0,0.0,1.9122748,1.2782396,0.0,0.0,1.0695293,0.0,0.99544615,0.0,0.0,0.0,0.0,0.0,0.0,1.2348837,0.0,0.0,0.0,0.0,0.0,0.0,1.0697292,0.0,1.5174168,0.0,0.0,0.0,0.24226826,0.0,0.0,0.0,0.0,0.0,0.0,0.0,0.0,0.0,0.0,0.0,0.0,0.0,0.0,0.0,0.0,1.0713658,0.0,0.0,0.8205561,0.0,0.0,1.5576054,0.0,0.9724223,0.0,0.0,0.0,0.0,0.0,0.0,0.0,0.0,0.0,1.0923681,0.0,0.0,0.0,0.0,1.3705239,0.77325666,1.211316,0.0,0.0,0.0,0.0,1.4587774,0.0,0.0,0.0,0.0,0.0,0.0,0.0,0.0,0.0,0.0,0.5151609792384155,0.5759325988409065,0.5,0.6086956521739131
C[C@H](CO)Nc1nc(Nc2ccc([S+](N)[O-])cc2)ncc1Br,CHEMBL3604466,C[C@H](CO)Nc1nc(Nc2ccc([S+](N)[O-])cc2)ncc1Br,6.29,medium,Medium,0.7608504,0.0,0.0,0.0,0.0,0.0,0.0,0.0,0.0,0.0,0.0,0.0,0.0,0.0,0.0,0.0,0.0,0.0,0.0,0.0,0.0,0.0,1.2433033,0.0,0.0,1.3448329,0.0,0.0,0.0,0.0,0.0,0.0,0.2876562,0.0,0.0,0.77428377,0.0,0.0,0.0,0.0,0.0,0.6436933,0.0,0.0,1.9241251,1.1521555,0.0,0.0,0.9378103,0.0,0.77716786,0.0,0.0,0.0,0.0,0.0,0.0,1.1072868,0.0,0.0,0.0,0.0,0.0,0.0,0.8563308,0.0,1.2700704,0.0,0.0,0.0,0.0,0.0,0.0,0.0,0.0,0.0,0.0,0.0,0.0,0.0,0.0,0.0,0.0,0.0,0.0,0.0,0.0,0.845092,0.0,0.0,0.8613641,0.0,0.0,1.3910613,0.0,0.9101136,0.0,0.0,0.0,0.0,0.0,0.0,0.0,0.0,0.0,1.130182,0.0,0.0,0.0,0.0,1.3118286,0.6753674,1.1614491,0.0,0.0,0.0,0.0,1.4983308,0.0,0.0,0.0,0.0,0.0,0.0,0.0,0.0,0.0,0.0,0.4582346489451554,0.5818067316780365,0.45652173913043476,0.5652173913043478
C[C@H](NC(=O)c1ccc(S(N)(=O)=O)cc1)C(=O)O[C@H]1CC[C@H]2[C@@H]3CCc4cc(O)ccc4[C@H]3CC[C@]12C,CHEMBL4064401,C[C@H](NC(=O)c1ccc(S(N)(=O)=O)cc1)C(=O)O[C@H]1CC[C@H]2[C@@H]3CCc4cc(O)ccc4[C@H]3CC[C@]12C,6.6,medium,Medium,0.56370616,0.0,0.0,0.3022671,0.0,0.0,0.97316545,0.0,0.0,0.0,0.0,0.0,0.0,0.0,0.0,0.0,0.0,0.0,0.0,0.40246937,0.0,0.0,0.93391824,0.0,0.0,1.0288653,0.0,0.0,0.0,0.0,0.0,0.0,0.046839517,0.0,0.0,0.40070128,0.0,0.0,0.0,0.0,1.0062948,0.50316674,0.0,0.0,1.5695148,0.84777635,0.0,0.0,0.6373603,0.0,0.15674236,0.0,0.0,0.0,0.0,0.0,0.0,0.9558513,0.0,0.0,0.0,0.0,0.0,1.108454,0.4044882,0.0,1.1646423,0.0,0.0,0.0,0.0,0.0,0.0,0.0,0.0,0.0,0.0,0.0,0.0,0.0,0.0,0.0,0.0,0.0,0.0,0.0,0.0,0.6722235,0.0,0.0,0.85541326,0.0,0.0,0.5141921,0.0,0.3379706,0.0,0.0,0.0,0.0,0.0,0.0,0.0,0.0,0.0,0.72039235,0.0,0.0,0.0,0.0,1.362199,0.78358877,1.0650597,0.0,0.0,0.0,0.0,0.91516817,0.0,0.0,0.0,0.0,0.0,0.0,0.0,0.0,0.0,0.0,0.18693107108868529,0.535408842670989,0.19565217391304346,0.5434782608695652
C[C@]12CC[C@@H]3c4ccc(O)cc4CC[C@H]3[C@@H]1CC[C@@H]2OC(=O)CNC(=O)c1ccc(S(N)(=O)=O)cc1,CHEMBL4085932,C[C@]12CC[C@@H]3c4ccc(O)cc4CC[C@H]3[C@@H]1CC[C@@H]2OC(=O)CNC(=O)c1ccc(S(N)(=O)=O)cc1,7.19,active,Active,0.5309911,0.0,0.0,0.2681753,0.0,0.0,0.81100845,0.0,0.0,0.0,0.0,0.0,0.0,0.0,0.0,0.0,0.0,0.0,0.0,0.2549226,0.0,0.0,0.8786446,0.0,0.0,0.96151483,0.0,0.0,0.0,0.0,0.0,0.0,0.022105362,0.0,0.0,0.33431256,0.0,0.0,0.0,0.0,0.8606072,0.44663933,0.0,0.0,1.5501814,0.8446252,0.0,0.0,0.5878288,0.0,0.080366515,0.0,0.0,0.0,0.0,0.0,0.0,0.90055066,0.0,0.0,0.0,0.0,0.0,1.1153204,0.35897166,0.0,1.1014985,0.0,0.0,0.0,0.0,0.0,0.0,0.0,0.0,0.0,0.0,0.0,0.0,0.0,0.0,0.0,0.0,0.0,0.0,0.0,0.0,0.61715657,0.0,0.0,0.78967845,0.0,0.0,0.43243617,0.0,0.26704302,0.0,0.0,0.0,0.0,0.0,0.0,0.0,0.0,0.0,0.6685945,0.0,0.0,0.0,0.0,1.3371779,0.76226896,0.99241114,0.0,0.0,0.0,0.0,0.85592777,0.0,0.0,0.0,0.0,0.0,0.0,0.0,0.0,0.0,0.0,0.18985012605725726,0.5386057091799007,0.19565217391304346,0.5652173913043478
C[C@]12CC[C@@H]3c4ccc(O)cc4CC[C@H]3[C@@H]1CC[C@@H]2OC(=O)[C@@H]1CCCN1C(=O)Cc1ccc(S(N)(=O)=O)cc1,CHEMBL4059816,C[C@]12CC[C@@H]3c4ccc(O)cc4CC[C@H]3[C@@H]1CC[C@@H]2OC(=O)[C@@H]1CCCN1C(=O)Cc1ccc(S(N)(=O)=O)cc1,6.3,medium,Medium,0.59686565,0.0,0.0,1.0171125,0.0,0.0,0.9565233,0.0,0.0,0.0,0.0,0.0,0.0,0.0,0.0,0.0,0.0,0.0,0.0,0.33117834,0.0,0.0,0.7691367,0.0,0.0,0.8946956,0.0,0.0,0.0,0.0,0.0,0.0,0.012882236,0.0,0.0,0.26289958,0.0,0.0,0.0,0.0,0.99787956,0.42668918,0.0,0.0,1.6471788,0.9230812,0.0,0.0,0.503463,0.0,0.0,0.0,0.0,0.0,0.0,0.0,0.0,0.8499188,0.0,0.0,0.0,0.0,0.0,1.3456153,0.28259963,0.0,0.9941563,0.0,0.0,0.0,0.0,0.0,0.0,0.0,0.0,0.0,0.0,0.0,0.0,0.0,0.0,0.0,0.0,0.0,0.0,0.0,0.0,0.5462915,0.0,0.0,0.79600465,0.0,0.0,0.22835203,0.0,0.13987894,0.0,0.0,0.0,0.0,0.0,0.0,0.0,0.0,0.0,0.6056164,0.0,0.0,0.0,0.0,1.4170564,0.7642094,1.0206759,0.0,0.0,0.0,0.0,0.75775105,0.0,0.0,0.0,0.0,0.0,0.0,0.0,0.0,0.0,0.0,0.18666716446192677,0.5362696496777424,0.17391304347826086,0.5652173913043478
C[C@]12CC[C@@H]3c4ccc(O)cc4CC[C@H]3[C@@H]1CC[C@@H]2OC(=O)[C@@H]1CCCN1C(=O)c1ccc(-c2ccc(S(N)(=O)=O)cc2)cc1,CHEMBL4073866,C[C@]12CC[C@@H]3c4ccc(O)cc4CC[C@H]3[C@@H]1CC[C@@H]2OC(=O)[C@@H]1CCCN1C(=O)c1ccc(-c2ccc(S(N)(=O)=O)cc2)cc1,6.54,medium,Medium,0.5878614,0.0,0.0,0.0,0.0,0.0,1.4641607,0.0,0.0,0.0,0.0,0.0,0.0,0.0,0.0,0.0,0.0,0.0,0.0,0.7262985,0.0,0.0,1.0175339,0.0,0.0,1.1934042,0.0,0.0,0.0,0.0,0.0,0.0,0.046845656,0.0,0.0,0.46127486,0.0,0.0,0.0,0.0,1.4603188,0.5160333,0.0,0.0,1.5541683,0.75676537,0.0,0.0,0.7308078,0.0,0.20150341,0.0,0.0,0.0,0.0,0.0,0.0,1.035094,0.0,0.0,0.0,0.0,0.0,1.3853266,0.31457716,0.0,1.2226717,0.0,0.0,0.0,0.0,0.0,0.0,0.0,0.0,0.0,0.0,0.0,0.0,0.0,0.0,0.0,0.0,0.0,0.0,0.0,0.0,0.741654,0.0,0.0,0.9346623,0.0,0.0,0.5186528,0.0,0.36307877,0.0,0.0,0.0,0.0,0.0,0.0,0.0,0.0,0.0,0.7850996,0.0,0.0,0.0,0.0,1.4205003,0.8111604,1.1038791,0.0,0.0,0.0,0.0,1.0135814,0.0,0.0,0.0,0.0,0.0,0.0,0.0,0.0,0.0,0.0,0.17322889025234697,0.5179268107850782,0.17391304347826086,0.4782608695652174
C[C@]12CC[C@@H]3c4ccc(O)cc4CC[C@H]3[C@@H]1CC[C@@H]2OC(=O)[C@@H]1CCCN1C(=O)c1ccc(S(N)(=O)=O)cc1,CHEMBL4075710,C[C@]12CC[C@@H]3c4ccc(O)cc4CC[C@H]3[C@@H]1CC[C@@H]2OC(=O)[C@@H]1CCCN1C(=O)c1ccc(S(N)(=O)=O)cc1,6.96,medium,Medium,0.63446176,0.0,0.0,0.8088885,0.0,0.0,1.3627996,0.0,0.0,0.0,0.0,0.0,0.0,0.0,0.0,0.0,0.0,0.0,0.0,0.59346896,0.0,0.0,0.9160552,0.0,0.0,1.030584,0.0,0.0,0.0,0.0,0.0,0.0,0.0566685,0.0,0.0,0.33915418,0.0,0.0,0.0,0.0,1.298025,0.5500525,0.0,0.0,1.6863143,0.9170201,0.0,0.0,0.65893203,0.0,0.06937121,0.0,0.0,0.0,0.0,0.0,0.0,0.97272146,0.0,0.0,0.0,0.0,0.0,1.2980865,0.38779998,0.0,1.1998234,0.0,0.0,0.0,0.0,0.0,0.0,0.0,0.0,0.0,0.0,0.0,0.0,0.0,0.0,0.0,0.0,0.0,0.0,0.0,0.0,0.7261741,0.0,0.0,0.9521273,0.0,0.0,0.41178256,0.0,0.2835678,0.0,0.0,0.0,0.0,0.0,0.0,0.0,0.0,0.0,0.7073573,0.0,0.0,0.0,0.0,1.5151584,0.8380194,1.1453308,0.0,0.0,0.0,0.0,0.8885236,0.0,0.0,0.0,0.0,0.0,0.0,0.0,0.0,0.0,0.0,0.17927211531755932,0.5263937389248882,0.19565217391304346,0.5217391304347826
C[C@]12CC[C@@H]3c4ccc(O)cc4CC[C@H]3[C@@H]1CC[C@@H]2OC(=O)[C@@H]1CCCN1C(=O)c1ccc(S(N)(=O)=O)cn1,CHEMBL4098852,C[C@]12CC[C@@H]3c4ccc(O)cc4CC[C@H]3[C@@H]1CC[C@@H]2OC(=O)[C@@H]1CCCN1C(=O)c1ccc(S(N)(=O)=O)cn1,5.3,inactive,Inactive,0.6859342,0.0,0.0,0.52753514,0.0,0.0,1.431121,0.0,0.0,0.0,0.0,0.0,0.0,0.0,0.0,0.0,0.0,0.0,0.0,0.6742387,0.0,0.0,1.0024264,0.0,0.0,1.109545,0.0,0.0,0.0,0.0,0.0,0.0,0.10782568,0.0,0.0,0.38264674,0.0,0.0,0.0,0.0,1.2966213,0.6322018,0.0,0.0,1.7329317,0.95292276,0.0,0.0,0.7472041,0.0,0.1787775,0.0,0.0,0.0,0.0,0.0,0.0,1.0375779,0.0,0.0,0.0,0.0,0.0,1.2113951,0.46847665,0.0,1.3281686,0.0,0.0,0.0,0.0,0.0,0.0,0.0,0.0,0.0,0.0,0.0,0.0,0.0,0.0,0.0,0.0,0.0,0.0,0.0,0.0,0.8214057,0.0,0.0,1.0051206,0.0,0.0,0.5521008,0.0,0.39720345,0.0,0.0,0.0,0.0,0.0,0.0,0.0,0.0,0.0,0.7389189,0.0,0.0,0.0,0.0,1.5906984,0.8612466,1.2387159,0.0,0.0,0.0,0.0,1.025991,0.0,0.0,0.0,0.0,0.0,0.0,0.0,0.0,0.0,0.0,0.17295150088793054,0.5179027394963321,0.15217391304347827,0.5
C[C@]12CC[C@@H]3c4ccc(O)cc4CC[C@H]3[C@@H]1CC[C@@H]2OC(=O)[C@@H]1CCCN1C(=O)c1ccc(S(N)(=O)=O)nc1,CHEMBL4071193,C[C@]12CC[C@@H]3c4ccc(O)cc4CC[C@H]3[C@@H]1CC[C@@H]2OC(=O)[C@@H]1CCCN1C(=O)c1ccc(S(N)(=O)=O)nc1,6.6,medium,Medium,0.68376637,0.0,0.0,0.5503372,0.0,0.0,1.3911257,0.0,0.0,0.0,0.0,0.0,0.0,0.0,0.0,0.0,0.0,0.0,0.0,0.63637656,0.0,0.0,0.9914411,0.0,0.0,1.0841136,0.0,0.0,0.0,0.0,0.0,0.0,0.1106012,0.0,0.0,0.37394089,0.0,0.0,0.0,0.0,1.2575822,0.63167816,0.0,0.0,1.733342,0.9604469,0.0,0.0,0.73871714,0.0,0.17237407,0.0,0.0,0.0,0.0,0.0,0.0,1.0286026,0.0,0.0,0.0,0.0,0.0,1.1762742,0.48106438,0.0,1.3235337,0.0,0.0,0.0,0.0,0.0,0.0,0.0,0.0,0.0,0.0,0.0,0.0,0.0,0.0,0.0,0.0,0.0,0.0,0.0,0.0,0.81486624,0.0,0.0,0.9971389,0.0,0.0,0.5520033,0.0,0.39200103,0.0,0.0,0.0,0.0,0.0,0.0,0.0,0.0,0.0,0.7250053,0.0,0.0,0.0,0.0,1.5877715,0.85528624,1.2373862,0.0,0.0,0.0,0.0,1.017535,0.0,0.0,0.0,0.0,0.0,0.0,0.0,0.0,0.0,0.0,0.17469330998391794,0.5201943114172956,0.17391304347826086,0.5
C[C@]12CC[C@@H]3c4ccc(O)cc4CC[C@H]3[C@@H]1CC[C@@H]2OC(=O)[C@@H]1CCCN1C(=O)c1ccc(S(N)(=O)=O)o1,CHEMBL4081744,C[C@]12CC[C@@H]3c4ccc(O)cc4CC[C@H]3[C@@H]1CC[C@@H]2OC(=O)[C@@H]1CCCN1C(=O)c1ccc(S(N)(=O)=O)o1,6.6,medium,Medium,0.69371533,0.0,0.0,0.8476177,0.0,0.0,1.343884,0.0,0.0,0.0,0.0,0.0,0.0,0.0,0.0,0.0,0.0,0.0,0.0,0.5907378,0.0,0.0,0.96275014,0.0,0.0,1.03909,0.0,0.0,0.0,0.0,0.0,0.0,0.11393939,0.0,0.0,0.36853796,0.0,0.0,0.0,0.0,1.2029338,0.63841486,0.0,0.0,1.7640715,0.9987131,0.0,0.0,0.7154727,0.0,0.14189777,0.0,0.0,0.0,0.0,0.0,0.0,1.0133474,0.0,0.0,0.0,0.0,0.0,1.1634578,0.49780667,0.0,1.2981492,0.0,0.0,0.0,0.0,0.0,0.0,0.0,0.0,0.0,0.0,0.0,0.0,0.0,0.0,0.0,0.0,0.0,0.0,0.0,0.0,0.800732,0.0,0.0,1.0087491,0.0,0.0,0.52216125,0.0,0.3678813,0.0,0.0,0.0,0.0,0.0,0.0,0.0,0.0,0.0,0.7098908,0.0,0.0,0.0,0.0,1.5981642,0.85954565,1.2447797,0.0,0.0,0.0,0.0,0.971538,0.0,0.0,0.0,0.0,0.0,0.0,0.0,0.0,0.0,0.0,0.17487918015938372,0.5205914138432967,0.13043478260869565,0.5217391304347826
C[C@]12CC[C@@H]3c4ccc(O)cc4CC[C@H]3[C@@H]1CC[C@@H]2OC(=O)[C@@H]1CCCN1C(=O)c1cccc(-c2ccc(S(N)(=O)=O)cc2)c1,CHEMBL4077445,C[C@]12CC[C@@H]3c4ccc(O)cc4CC[C@H]3[C@@H]1CC[C@@H]2OC(=O)[C@@H]1CCCN1C(=O)c1cccc(-c2ccc(S(N)(=O)=O)cc2)c1,6.92,medium,Medium,0.5914328,0.0,0.0,0.0,0.0,0.0,1.46535,0.0,0.0,0.0,0.0,0.0,0.0,0.0,0.0,0.0,0.0,0.0,0.0,0.7308915,0.0,0.0,1.0223259,0.0,0.0,1.1980762,0.0,0.0,0.0,0.0,0.0,0.0,0.05221754,0.0,0.0,0.46210444,0.0,0.0,0.0,0.0,1.4538715,0.52350676,0.0,0.0,1.5565104,0.75980204,0.0,0.0,0.73621464,0.0,0.21027221,0.0,0.0,0.0,0.0,0.0,0.0,1.0386219,0.0,0.0,0.0,0.0,0.0,1.3710982,0.32557565,0.0,1.2369674,0.0,0.0,0.0,0.0,0.0,0.0,0.0,0.0,0.0,0.0,0.0,0.0,0.0,0.0,0.0,0.0,0.0,0.0,0.0,0.0,0.74957806,0.0,0.0,0.9338421,0.0,0.0,0.535616,0.0,0.37485063,0.0,0.0,0.0,0.0,0.0,0.0,0.0,0.0,0.0,0.7824402,0.0,0.0,0.0,0.0,1.4261264,0.81302035,1.1127293,0.0,0.0,0.0,0.0,1.027369,0.0,0.0,0.0,0.0,0.0,0.0,0.0,0.0,0.0,0.0,0.17056166098311276,0.5146899239126683,0.15217391304347827,0.4782608695652174
C[C@]12CC[C@@H]3c4ccc(O)cc4CC[C@H]3[C@@H]1CC[C@@H]2OC(=O)[C@@H]1CCCN1C(=O)c1cccc(-c2cccc(S(N)(=O)=O)c2)c1,CHEMBL4078353,C[C@]12CC[C@@H]3c4ccc(O)cc4CC[C@H]3[C@@H]1CC[C@@H]2OC(=O)[C@@H]1CCCN1C(=O)c1cccc(-c2cccc(S(N)(=O)=O)c2)c1,5.0,inactive,Inactive,0.6097151,0.0,0.0,0.0,0.0,0.0,1.4827011,0.0,0.0,0.0,0.0,0.0,0.0,0.0,0.0,0.0,0.0,0.0,0.0,0.7612695,0.0,0.0,1.0477824,0.0,0.0,1.223849,0.0,0.0,0.0,0.0,0.0,0.0,0.06847271,0.0,0.0,0.48289287,0.0,0.0,0.0,0.0,1.4486803,0.55247253,0.0,0.0,1.5769154,0.77595156,0.0,0.0,0.76276577,0.0,0.24530905,0.0,0.0,0.0,0.0,0.0,0.0,1.0599875,0.0,0.0,0.0,0.0,0.0,1.3450806,0.3537923,0.0,1.2732718,0.0,0.0,0.0,0.0,0.0,0.0,0.0,0.0,0.0,0.0,0.0,0.0,0.0,0.0,0.0,0.0,0.0,0.0,0.0,0.0,0.7764743,0.0,0.0,0.95419365,0.0,0.0,0.57890314,0.0,0.41104782,0.0,0.0,0.0,0.0,0.0,0.0,0.0,0.0,0.0,0.79587555,0.0,0.0,0.0,0.0,1.4491882,0.8215431,1.1436555,0.0,0.0,0.0,0.0,1.0664713,0.0,0.0,0.0,0.0,0.0,0.0,0.0,0.0,0.0,0.0,0.17513044936119015,0.5202712509353121,0.19565217391304346,0.4782608695652174
C[C@]12CC[C@@H]3c4ccc(O)cc4CC[C@H]3[C@@H]1CC[C@@H]2OC(=O)[C@@H]1CCCN1C(=O)c1cccc(S(N)(=O)=O)c1,CHEMBL4083620,C[C@]12CC[C@@H]3c4ccc(O)cc4CC[C@H]3[C@@H]1CC[C@@H]2OC(=O)[C@@H]1CCCN1C(=O)c1cccc(S(N)(=O)=O)c1,6.52,medium,Medium,0.6559931,0.0,0.0,0.7709261,0.0,0.0,1.3824606,0.0,0.0,0.0,0.0,0.0,0.0,0.0,0.0,0.0,0.0,0.0,0.0,0.62973493,0.0,0.0,0.9459111,0.0,0.0,1.0601941,0.0,0.0,0.0,0.0,0.0,0.0,0.07611975,0.0,0.0,0.36266375,0.0,0.0,0.0,0.0,1.2907594,0.58425635,0.0,0.0,1.7100227,0.9363016,0.0,0.0,0.6901454,0.0,0.11064733,0.0,0.0,0.0,0.0,0.0,0.0,0.99735844,0.0,0.0,0.0,0.0,0.0,1.2657852,0.42168623,0.0,1.2430147,0.0,0.0,0.0,0.0,0.0,0.0,0.0,0.0,0.0,0.0,0.0,0.0,0.0,0.0,0.0,0.0,0.0,0.0,0.0,0.0,0.7577739,0.0,0.0,0.9753675,0.0,0.0,0.46286237,0.0,0.3265249,0.0,0.0,0.0,0.0,0.0,0.0,0.0,0.0,0.0,0.7223242,0.0,0.0,0.0,0.0,1.542125,0.84781635,1.1818174,0.0,0.0,0.0,0.0,0.93492,0.0,0.0,0.0,0.0,0.0,0.0,0.0,0.0,0.0,0.0,0.17766545763468825,0.5242216373879466,0.17391304347826086,0.5217391304347826
C[C@]12CC[C@@H]3c4ccc(O)cc4CC[C@H]3[C@@H]1CC[C@@H]2OC(=O)[C@@H]1CCCN1C(=O)c1coc(S(N)(=O)=O)c1,CHEMBL4098239,C[C@]12CC[C@@H]3c4ccc(O)cc4CC[C@H]3[C@@H]1CC[C@@H]2OC(=O)[C@@H]1CCCN1C(=O)c1coc(S(N)(=O)=O)c1,8.15,active,Active,0.77615833,0.0,0.0,0.5883824,0.0,0.0,1.4249265,0.0,0.0,0.0,0.0,0.0,0.0,0.0,0.0,0.0,0.0,0.0,0.0,0.70097685,0.0,0.0,1.0872223,0.0,0.0,1.157727,0.0,0.0,0.0,0.0,0.0,0.0,0.18038057,0.0,0.0,0.4481129,0.0,0.0,0.0,0.0,1.2081966,0.7532469,0.0,0.0,1.8453534,1.062456,0.0,0.0,0.8361782,0.0,0.29245633,0.0,0.0,0.0,0.0,0.0,0.0,1.1154609,0.0,0.0,0.0,0.0,0.0,1.0386221,0.6146371,0.0,1.4667755,0.0,0.0,0.0,0.0,0.0,0.0,0.0,0.0,0.0,0.0,0.0,0.0,0.0,0.0,0.0,0.0,0.0,0.0,0.0,0.0,0.9303271,0.0,0.0,1.1016935,0.0,0.0,0.70632446,0.0,0.51584125,0.0,0.0,0.0,0.0,0.0,0.0,0.0,0.0,0.0,0.7788932,0.0,0.0,0.0,0.0,1.7077398,0.91163486,1.3801843,0.0,0.0,0.0,0.0,1.1545882,0.0,0.0,0.0,0.0,0.0,0.0,0.0,0.0,0.0,0.0,0.17779910157347917,0.5243040409408318,0.21739130434782608,0.5
C[C@]12CC[C@@H]3c4ccc(O)cc4CC[C@H]3[C@@H]1CC[C@@H]2OC(=O)[C@@H]1CCCN1Cc1ccc(S(N)(=O)=O)cc1,CHEMBL4089618,C[C@]12CC[C@@H]3c4ccc(O)cc4CC[C@H]3[C@@H]1CC[C@@H]2OC(=O)[C@@H]1CCCN1Cc1ccc(S(N)(=O)=O)cc1,6.89,medium,Medium,0.73588526,0.0,0.0,0.76761204,0.0,0.0,1.1754442,0.0,0.0,0.0,0.0,0.0,0.0,0.0,0.0,0.0,0.0,0.0,0.0,0.49432087,0.0,0.0,0.91571665,0.0,0.0,1.081059,0.0,0.0,0.0,0.0,0.0,0.0,0.059032466,0.0,0.0,0.39936894,0.0,0.0,0.0,0.0,1.1752329,0.52998865,0.0,0.0,1.6936479,1.0127711,0.0,0.0,0.62684584,0.0,0.0,0.0,0.0,0.0,0.0,0.0,0.0,0.99540854,0.0,0.0,0.0,0.0,0.0,1.4002658,0.31303757,0.0,1.1720746,0.0,0.0,0.0,0.0,0.0,0.0,0.0,0.0,0.0,0.0,0.0,0.0,0.0,0.0,0.0,0.0,0.0,0.0,0.0,0.0,0.68654305,0.0,0.0,0.86998165,0.0,0.0,0.3262065,0.0,0.19533116,0.0,0.0,0.0,0.0,0.0,0.0,0.0,0.0,0.0,0.6978813,0.0,0.0,0.0,0.0,1.56795,0.93048453,1.1603342,0.0,0.0,0.0,0.0,0.94600564,0.0,0.0,0.0,0.0,0.0,0.0,0.0,0.0,0.0,0.0,0.1772940272317488,0.5237732911754739,0.19565217391304346,0.5
C[C@]12CC[C@@H]3c4ccc(O)cc4CC[C@H]3[C@@H]1CC[C@@H]2OC(=O)[C@@H]1CCCN1S(N)(=O)=O,CHEMBL4062557,C[C@]12CC[C@@H]3c4ccc(O)cc4CC[C@H]3[C@@H]1CC[C@@H]2OC(=O)[C@@H]1CCCN1S(N)(=O)=O,5.0,inactive,Inactive,0.3685601,0.0,0.0,1.7508548,0.0,0.0,0.63881814,0.0,0.0,0.0,0.0,0.0,0.0,0.0,0.0,0.0,0.0,0.0,0.0,0.0,0.0,0.0,0.4201633,0.13464156,0.0,0.35012323,0.0,0.0,0.0,0.0,0.0,0.0,0.0,0.0,0.0,0.0,0.0,0.0,0.0,0.0,0.5638955,0.25760794,0.0,0.0,1.6282816,0.95137453,0.0,0.0,0.22130796,0.0,0.0,0.0,0.0,0.0,0.0,0.0,0.0,0.5300934,0.0,0.0,0.0,0.0,0.0,1.6564816,0.1395149,0.0,0.7161051,0.0,0.0,0.0,0.030944124,0.0,0.0,0.0,0.15473223,0.0,0.0,0.0,0.0,0.0,0.0,0.0,0.0,0.0,0.0,0.0,0.0,0.32821548,0.0,0.0,0.5213367,0.0,0.0,0.0,0.0,0.0,0.0,0.0,0.0,0.0,0.0,0.0,0.0,0.0,0.0,0.2067528,0.0,0.0,0.0,0.0,1.3200109,0.56028533,0.70955926,0.0,0.0,0.0,0.0,0.23566441,0.0,0.0,0.0,0.0,0.0,0.0,0.0,0.0,0.0,0.0,0.23016711832194156,0.6065705499245589,0.19565217391304346,0.6086956521739131
C[C@]12CC[C@@H]3c4ccc(O)cc4CC[C@H]3[C@@H]1CC[C@@H]2OC(=O)[C@@H]1CCCN1c1ccc(S(N)(=O)=O)cc1,CHEMBL4068479,C[C@]12CC[C@@H]3c4ccc(O)cc4CC[C@H]3[C@@H]1CC[C@@H]2OC(=O)[C@@H]1CCCN1c1ccc(S(N)(=O)=O)cc1,6.7,medium,Medium,0.6379062,0.0,0.0,0.62320334,0.0,0.0,1.3519176,0.0,0.0,0.0,0.0,0.0,0.0,0.0,0.0,0.0,0.0,0.0,0.0,0.5595643,0.0,0.0,0.90778387,0.0,0.0,1.0404285,0.0,0.0,0.0,0.0,0.0,0.0,0.058407437,0.0,0.0,0.32329887,0.0,0.0,0.0,0.0,1.2864136,0.521908,0.0,0.0,1.6764826,0.9327454,0.0,0.0,0.64715457,0.0,0.017598895,0.0,0.0,0.0,0.0,0.0,0.0,0.9649714,0.0,0.0,0.0,0.0,0.0,1.4423006,0.32557708,0.0,1.1988791,0.0,0.0,0.0,0.0,0.0,0.0,0.0,0.0,0.0,0.0,0.0,0.0,0.0,0.0,0.0,0.0,0.0,0.0,0.0,0.0,0.7210608,0.0,0.0,0.9112218,0.0,0.0,0.36737102,0.0,0.23032445,0.0,0.0,0.0,0.0,0.0,0.0,0.0,0.0,0.0,0.67700034,0.0,0.0,0.0,0.0,1.5405158,0.85531634,1.11728,0.0,0.0,0.0,0.0,0.89123285,0.0,0.0,0.0,0.0,0.0,0.0,0.0,0.0,0.0,0.0,0.18107728060084827,0.5286555540073098,0.15217391304347827,0.5652173913043478
C[C@]12CC[C@@H]3c4ccc(O)cc4CC[C@H]3[C@@H]1CC[C@@H]2OC(=O)[C@H](Cc1ccccc1)NC(=O)c1ccc(S(N)(=O)=O)cc1,CHEMBL4067116,C[C@]12CC[C@@H]3c4ccc(O)cc4CC[C@H]3[C@@H]1CC[C@@H]2OC(=O)[C@H](Cc1ccccc1)NC(=O)c1ccc(S(N)(=O)=O)cc1,7.0,active,Active,0.51720405,0.0,0.0,0.0,0.0,0.0,0.63009626,0.0,0.0,0.0,0.0,0.0,0.0,0.0,0.0,0.0,0.0,0.0,0.0,0.22946861,0.0,0.0,0.86160976,0.0,0.0,1.0524938,0.0,0.0,0.0,0.0,0.0,0.0,0.0,0.0,0.0,0.4300512,0.0,0.0,0.0,0.0,0.82558787,0.3471323,0.0,0.0,1.410879,0.7615138,0.0,0.0,0.5557152,0.0,0.07113357,0.0,0.0,0.0,0.0,0.0,0.0,0.8895974,0.0,0.0,0.0,0.0,0.0,1.1745907,0.25120693,0.0,0.99520624,0.0,0.0,0.0,0.0,0.0,0.0,0.0,0.0,0.0,0.0,0.0,0.0,0.0,0.0,0.0,0.0,0.0,0.0,0.0,0.0,0.5292942,0.0,0.0,0.6734963,0.0,0.0,0.41761154,0.0,0.24596937,0.0,0.0,0.0,0.0,0.0,0.0,0.0,0.0,0.0,0.70722663,0.0,0.0,0.0,0.0,1.207679,0.76482415,0.91500956,0.0,0.0,0.0,0.0,0.8987475,0.0,0.0,0.0,0.0,0.0,0.0,0.0,0.0,0.0,0.0,0.18770134820332307,0.5354316587084814,0.21739130434782608,0.5434782608695652
C[C@]12CC[C@@H]3c4ccc(OS(N)(=O)=O)cc4CC[C@H]3[C@@H]1CCC2=O,CHEMBL122708,C[C@]12CC[C@@H]3c4ccc(OS(N)(=O)=O)cc4CC[C@H]3[C@@H]1CCC2=O,7.64,active,Active,0.44833687,0.0,0.0,0.82329535,0.0,0.0,0.0,0.0,0.0,0.0,0.0,0.0,0.0,0.0,0.0,0.0,0.0,0.0,0.0,0.0,0.0,0.0,0.61102355,0.0,0.0,0.35963792,0.0,0.0,0.0,0.0,0.0,0.0,0.059216376,0.0,0.0,0.0,0.0,0.0,0.0,0.0,0.0,0.46656546,0.0,0.0,1.8472058,1.2288525,0.0,0.0,0.38628033,0.0,0.0,0.0,0.0,0.0,0.0,0.0,0.0,0.69413507,0.0,0.0,0.0,0.0,0.0,1.4857596,0.3573954,0.0,0.93420744,0.0,0.0,0.0,0.32948044,0.0,0.0,0.0,0.37172845,0.0,0.0,0.0,0.0,0.0,0.0,0.0,0.0,0.0,0.0,0.0,0.0,0.61509544,0.0,0.0,0.5268093,0.0,0.0,0.10742359,0.0,0.0,0.0,0.0,0.0,0.0,0.0,0.0,0.0,0.0,0.0,0.27257794,0.0,0.0,0.0,0.0,1.4710203,0.6821419,0.7629227,0.0,0.0,0.0,0.0,0.30703264,0.0,0.0,0.0,0.0,0.0,0.0,0.0,0.0,0.0,0.0,0.2429534521514265,0.6138995189646451,0.21739130434782608,0.5869565217391304
C[S+]([O-])CCNC(=O)c1cc2cc(S(N)(=O)=O)sc2s1,CHEMBL53964,C[S+]([O-])CCNC(=O)c1cc2cc(S(N)(=O)=O)sc2s1,8.34,active,Active,1.7128043,0.0,0.0,0.0,0.0,0.0,0.0,0.0,0.0,0.0,0.0,0.0,0.0,0.0,0.0,0.0,0.0,0.0,0.0,0.0,0.0,0.0,2.7468364,0.0,0.0,2.3755198,0.0,0.0,0.0,0.0,0.0,0.0,1.0316942,0.0,0.0,2.1770349,0.0,0.0,0.0,0.0,0.0,2.2189782,0.0,0.0,3.0049107,2.0156164,0.0,0.0,2.2740107,0.0,2.6392438,0.0,0.0,0.0,0.24680609,0.0,0.0,2.4625125,0.0,0.0,0.0,0.0,0.0,0.0,2.495537,0.0,3.1430793,0.0,0.0,0.0,1.3278544,0.0,0.0,0.0,0.0,0.0,0.0,0.0,0.0,0.0,0.0,0.0,0.0,0.0,0.0,0.0,0.0,2.404435,0.0,0.0,2.2035136,0.0,0.0,3.411442,0.0,2.526409,0.0,0.0,0.0,0.0,0.0,0.0,0.0,0.0,0.0,2.0025952,0.0,0.0,0.0,0.0,2.4844756,1.4514942,2.8696814,0.0,0.0,0.0,0.0,3.0577672,0.0,0.24424309,0.0,0.0,0.0,0.0,0.0,0.0,0.0,0.0,0.9941180887761493,0.8601214457433843,0.9782608695652174,0.8913043478260869
C[S+]([O-])CCNCc1cc2cc(S(N)(=O)=O)sc2s1.Cl,CHEMBL553217,C[S+]([O-])CCNCc1cc2cc(S(N)(=O)=O)sc2s1.Cl,8.08,active,Active,1.4895607,0.0,0.0,0.0,0.0,0.0,0.0,0.0,0.0,0.0,0.0,0.0,0.0,0.0,0.0,0.0,0.0,0.0,0.0,0.0,0.0,0.0,2.3983436,0.0,0.0,1.996075,0.0,0.0,0.0,0.0,0.0,0.0,0.9641558,0.0,0.0,1.9163178,0.0,0.0,0.0,0.0,0.0,1.9594816,0.0,0.0,2.7588203,1.9239568,0.0,0.0,2.004654,0.0,2.3025517,0.0,0.0,0.0,0.2666542,0.0,0.0,2.1097002,0.0,0.0,0.0,0.0,0.0,0.0,2.2121918,0.0,2.7252023,0.0,0.0,0.0,1.444612,0.0,0.0,0.0,0.0,0.0,0.0,0.0,0.0,0.0,0.0,0.0,0.0,0.0,0.0,0.0,0.0,2.0828443,0.0,0.0,1.8208091,0.0,0.0,3.0229688,0.0,2.2266672,0.0,0.0,0.0,0.0,0.0,0.0,0.0,0.0,0.0,1.6543299,0.0,0.0,0.0,0.0,2.2378132,1.1846261,2.4729037,0.0,0.0,0.0,0.0,2.65628,0.0,0.223293,0.0,0.0,0.0,0.0,0.0,0.0,0.0,0.0,0.9624380227290498,0.8332556723535055,0.9347826086956521,0.8260869565217391
Cc1c(C)c2c(c(C)c1O)CCC(C)(COc1ccc(CC3SC(=O)NC3=O)cc1)O2,CHEMBL408,Cc1c(C)c2c(c(C)c1O)CCC(C)(COc1ccc(CC3SC(=O)NC3=O)cc1)O2,6.01,medium,Medium,0.5856943,0.0,0.0,0.0,0.0,0.0,0.39461035,0.0,0.0,0.0,0.0,0.0,0.0,0.0,0.0,0.0,0.0,0.0,0.0,0.5083016,0.0,0.0,1.0080041,0.0,0.0,1.309209,0.0,0.0,0.0,0.0,0.0,0.0,0.04256663,0.0,0.0,0.76356536,0.0,0.0,0.0,0.0,0.6870413,0.43196866,0.0,0.0,1.3900938,0.6219456,0.0,0.0,0.6018025,0.0,0.47108,0.0,0.0,0.0,0.0,0.0,0.0,0.97516346,0.0,0.0,0.0,0.0,0.0,0.3565235,0.46901053,0.0,1.0329375,0.0,0.0,0.0,0.0,0.0,0.0,0.0,0.0,0.0,0.0,0.0,0.0,0.0,0.0,0.0,0.0,0.0,0.0,0.0,0.0,0.48504013,0.0,0.0,0.8485731,0.0,0.0,0.8715657,0.0,0.7324639,0.0,0.0,0.0,0.0,0.0,0.0,0.0,0.0,0.0,0.9596628,0.0,0.0,0.0,0.0,0.9880957,0.602922,1.1308886,0.0,0.0,0.0,0.0,1.2588462,0.0,0.0,0.0,0.0,0.0,0.0,0.0,0.0,0.0,0.0,0.37024354867909326,0.5762120768406116,0.34782608695652173,0.5217391304347826
Cc1c(CCC2CCCCC2)c(=O)oc2cc(OS(N)(=O)=O)ccc12,CHEMBL167368,Cc1c(CCC2CCCCC2)c(=O)oc2cc(OS(N)(=O)=O)ccc12,7.82,active,Active,0.94754326,0.0,0.0,0.0,0.0,0.0,0.14547956,0.0,0.0,0.0,0.0,0.0,0.0,0.0,0.0,0.0,0.0,0.0,0.0,0.08077872,0.0,0.0,1.559147,0.0,0.0,1.4276394,0.0,0.0,0.0,0.0,0.0,0.0,0.36241937,0.0,0.0,0.76344985,0.0,0.0,0.0,0.0,0.0,1.1637145,0.0,0.0,2.4902816,1.4487871,0.0,0.0,1.1563393,0.0,0.8131785,0.0,0.0,0.0,0.0,0.0,0.0,1.4898214,0.0,0.0,0.0,0.0,0.0,0.53339076,1.100592,0.0,1.9408426,0.0,0.0,0.0,0.36889762,0.0,0.0,0.0,0.0,0.0,0.0,0.0,0.0,0.0,0.0,0.0,0.0,0.0,0.0,0.0,0.0,1.3439981,0.0,0.0,1.3416464,0.0,0.0,1.4155675,0.0,1.0060245,0.0,0.0,0.0,0.0,0.0,0.0,0.0,0.0,0.0,1.1214969,0.0,0.0,0.0,0.0,1.9756072,0.9231332,1.7162646,0.0,0.0,0.0,0.0,1.5508556,0.0,0.0,0.0,0.0,0.0,0.0,0.0,0.0,0.0,0.0,0.5917436617396676,0.572776048048729,0.5869565217391304,0.5652173913043478
Cc1c(NS(N)(=O)=O)cccc1Oc1cc(F)cc(Nc2ccc(I)cc2F)c1C(N)=O,CHEMBL3747256,Cc1c(NS(N)(=O)=O)cccc1Oc1cc(F)cc(Nc2ccc(I)cc2F)c1C(N)=O,6.16,medium,Medium,0.0,0.0,0.0,0.0,0.74245495,0.0,0.0,0.0,0.0,0.0,0.0,0.0,0.0,0.0,0.0,0.0,0.0,0.0,0.0,0.0,0.0,0.0,0.4882944,0.0,0.0,0.21278718,0.0,0.0,0.0,0.0,1.1425334,0.0,0.0,1.2461349,0.0,0.09177245,0.6924687,0.09678782,0.0,0.0,0.0,0.0,0.49505424,0.0,1.2067605,0.65248346,0.0,0.0,0.15187192,0.0,0.0,0.0,0.0,0.0,0.0,0.0,0.0,0.3264792,0.0,0.0,0.0,0.0,0.44356,0.46533912,0.2673938,0.0,0.3847644,0.0,0.0,0.0,0.0,0.0,0.0,0.0,0.0,0.0,0.0,0.0,0.0,0.0,0.0,1.0266535,0.0,0.0,0.0,0.0,0.0,0.0,0.0,0.0,0.0,0.0,0.52272236,0.57218915,0.0,0.09215484,0.0,0.0,0.0,0.0,0.0,0.0,0.0,0.0,0.0,0.13041276,0.0,0.90007716,0.0,0.4065344,0.46124175,0.0,0.088149175,0.0,0.0,0.91676027,0.0,0.37049025,0.0,0.0,0.0,0.40847296,0.0,0.0,0.8821933,0.0,0.0,0.0,0.25626197086066216,0.9004761491047617,0.2608695652173913,0.8913043478260869
Cc1c(S(N)(=O)=O)oc2cc(O)ccc12,CHEMBL451547,Cc1c(S(N)(=O)=O)oc2cc(O)ccc12,6.68,medium,Medium,0.85647905,0.0,0.0,0.0,0.0,0.0,0.0,0.0,0.0,0.0,0.0,0.0,0.0,0.0,0.0,0.0,0.0,0.0,0.0,0.0,0.0,0.0,2.1005578,0.0,0.0,1.7528081,0.0,0.0,0.0,0.0,0.0,0.0,0.62990695,0.014440695,0.0,1.3741224,0.0,0.0,0.0,0.0,0.0,1.3193104,0.0,0.0,2.0313313,1.2743015,0.0,0.0,1.6329861,0.0,1.7545977,0.0,0.0,0.0,0.08765311,0.0,0.0,1.7847683,0.0,0.0,0.0,0.0,0.0,0.0,1.3805392,0.0,2.2929134,0.0,0.0,0.0,0.23817125,0.0,0.0,0.0,0.0,0.0,0.0,0.0,0.0,0.0,0.0,0.0,0.0,0.0,0.0,0.0,0.0,1.727559,0.0,0.0,1.0997767,0.0,0.0,2.3701234,0.0,1.554057,0.0,0.0,0.0,0.0,0.0,0.0,0.0,0.0,0.0,1.2782154,0.0,0.0,0.0,0.0,1.6809307,0.9257209,1.6195441,0.0,0.0,0.0,0.0,2.109081,0.0,0.0,0.0,0.0,0.0,0.0,0.0,0.0,0.0,0.0,0.7746250932485579,0.6136300091366601,0.7826086956521738,0.6086956521739131
Cc1cc(-c2nnc(Nc3ccc(S(N)(=O)=O)cc3)c3ccccc23)ccc1S(N)(=O)=O,CHEMBL2336906,Cc1cc(-c2nnc(Nc3ccc(S(N)(=O)=O)cc3)c3ccccc23)ccc1S(N)(=O)=O,7.57,active,Active,0.2682774,0.0,0.0,0.0,0.7751224,0.0,0.0,0.0,0.0,0.0,0.0,0.0,0.0,0.0,0.0,0.0,0.0,0.0,0.0,0.0,0.0,0.0,1.351217,0.0,0.0,1.106705,0.0,0.0,0.0,0.0,1.2903887,0.0,0.1838311,1.0523922,0.0,0.7368347,0.80273044,0.28341255,0.0,0.0,0.0,0.5001952,0.7692748,0.0,1.3036387,0.72726923,0.0,0.0,0.91600925,0.0,0.80738324,0.0,0.44845682,0.0,0.0,0.0,0.0,1.1134412,0.0,0.0,0.0,0.0,0.28384295,0.7868144,0.5404466,0.0,1.311831,0.0,0.0,0.0,0.0,0.0,0.0,0.0,0.0,0.0,0.0,0.0,0.0,0.0,0.0,0.71730196,0.0,0.0,0.0,0.0,0.0,0.89926875,0.0,0.0,0.2888272,0.0,0.53521425,1.2454293,0.0,0.63131183,0.0,0.0,0.0,0.0,0.0,0.0,0.0,0.0,0.0,0.74813783,0.0,0.96404994,0.0,0.4237353,0.9722145,0.58837533,0.65461195,0.0,0.0,0.64663935,0.0,1.1890553,0.0,0.0,0.0,0.65462273,0.0,0.0,0.88904786,0.0,0.0,0.0,0.3011782408760821,0.8627770405279004,0.30434782608695654,0.8695652173913043
Cc1cc(C(=O)N2CCC[C@H]2C(=O)O[C@H]2CC[C@H]3[C@@H]4CCc5cc(O)ccc5[C@H]4CC[C@]23C)ccc1S(N)(=O)=O,CHEMBL4102621,Cc1cc(C(=O)N2CCC[C@H]2C(=O)O[C@H]2CC[C@H]3[C@@H]4CCc5cc(O)ccc5[C@H]4CC[C@]23C)ccc1S(N)(=O)=O,6.68,medium,Medium,0.63061726,0.0,0.0,1.00544,0.0,0.0,1.1441709,0.0,0.0,0.0,0.0,0.0,0.0,0.0,0.0,0.0,0.0,0.0,0.0,0.45652544,0.0,0.0,0.882441,0.0,0.0,0.98956066,0.0,0.0,0.0,0.0,0.0,0.0,0.034176346,0.0,0.0,0.3214314,0.0,0.0,0.0,0.0,1.1170589,0.52673113,0.0,0.0,1.7123383,0.9376976,0.0,0.0,0.60814685,0.0,0.03335547,0.0,0.0,0.0,0.0,0.0,0.0,0.93943286,0.0,0.0,0.0,0.0,0.0,1.1505916,0.41337377,0.0,1.165499,0.0,0.0,0.0,0.0,0.0,0.0,0.0,0.0,0.0,0.0,0.0,0.0,0.0,0.0,0.0,0.0,0.0,0.0,0.0,0.0,0.66301966,0.0,0.0,0.9239226,0.0,0.0,0.40735286,0.0,0.28298885,0.0,0.0,0.0,0.0,0.0,0.0,0.0,0.0,0.0,0.6942078,0.0,0.0,0.0,0.0,1.4990969,0.8176968,1.1439266,0.0,0.0,0.0,0.0,0.8839324,0.0,0.0,0.0,0.0,0.0,0.0,0.0,0.0,0.0,0.0,0.1773805872528253,0.5239585514928478,0.15217391304347827,0.5434782608695652
Cc1cc(C)nc(NS(=O)(=O)c2ccc(/N=C/c3c(Cl)c4cc(C(C)(C)C)cc(C(C)(C)C)c4oc3=O)cc2)n1,CHEMBL2408083,Cc1cc(C)nc(NS(=O)(=O)c2ccc(/N=C/c3c(Cl)c4cc(C(C)(C)C)cc(C(C)(C)C)c4oc3=O)cc2)n1,6.76,medium,Medium,1.0340565,0.0,0.0,0.0,0.0,0.0,0.6996861,0.0,0.0,0.0,0.0,0.0,0.0,0.0,0.0,0.0,0.0,0.0,0.0,1.0078933,0.0,0.0,2.0221286,0.0,0.0,2.1486707,0.0,0.0,0.0,0.0,0.0,0.0,0.50403583,0.0,0.0,1.3984458,0.0,0.0,0.0,0.0,0.5032453,1.3042024,0.0,0.0,2.0163205,1.0044005,0.0,0.0,1.5720882,0.0,1.7332643,0.0,0.0,0.0,0.0,0.0,0.0,1.8029583,0.0,0.0,0.0,0.0,0.0,0.0,1.3191054,0.0,2.3107088,0.0,0.0,0.0,0.0,0.0,0.0,0.0,0.0,0.0,0.0,0.0,0.0,0.0,0.0,0.0,0.0,0.0,0.0,0.0,0.0,1.6081614,0.0,0.0,1.5613196,0.0,0.0,2.2723162,0.0,1.7764771,0.0,0.0,0.0,0.0,0.0,0.0,0.0,0.0,0.0,1.5629724,0.0,0.0,0.0,0.0,1.6954337,0.93334955,1.9640262,0.0,0.0,0.0,0.0,2.3552825,0.0,0.0,0.0,0.0,0.0,0.0,0.0,0.0,0.0,0.0,0.5981868324230959,0.3693025149337288,0.6304347826086957,0.3695652173913043
Cc1cc(C)nc(NS(=O)(=O)c2ccc(/N=C/c3c(Cl)c4ccccc4oc3=O)cc2)n1,CHEMBL2408077,Cc1cc(C)nc(NS(=O)(=O)c2ccc(/N=C/c3c(Cl)c4ccccc4oc3=O)cc2)n1,7.64,active,Active,0.855356,0.0,0.0,0.0,0.0,0.0,0.076787636,0.0,0.0,0.0,0.0,0.0,0.0,0.0,0.0,0.0,0.0,0.0,0.0,0.44878933,0.0,0.0,1.9699244,0.0,0.0,2.0028353,0.0,0.0,0.0,0.0,0.0,0.0,0.45081398,0.0,0.0,1.4007062,0.0,0.0,0.0,0.0,0.0,1.1335137,0.0,0.0,1.7967883,0.8888951,0.0,0.0,1.5031815,0.0,1.6252337,0.0,0.0,0.0,0.0,0.0,0.0,1.7150238,0.0,0.0,0.0,0.0,0.0,0.0,1.1375529,0.0,2.1168606,0.0,0.0,0.0,0.0,0.0,0.0,0.0,0.0,0.0,0.0,0.0,0.0,0.0,0.0,0.0,0.0,0.0,0.0,0.0,0.0,1.4506018,0.0,0.0,1.2628787,0.0,0.0,2.1575432,0.0,1.5867953,0.0,0.0,0.0,0.0,0.0,0.0,0.0,0.0,0.0,1.3943788,0.0,0.0,0.0,0.0,1.507075,0.87498975,1.6872787,0.0,0.0,0.0,0.0,2.2059581,0.0,0.0,0.0,0.0,0.0,0.0,0.0,0.0,0.0,0.0,0.5967835851543365,0.41738089001614964,0.6304347826086957,0.41304347826086957
Cc1cc(NNS(=O)(=O)c2ccc(/N=C\c3ccc(OCCn4c([N+](=O)[O-])cnc4C)cc3)cc2)no1,CHEMBL4878420,Cc1cc(NNS(=O)(=O)c2ccc(/N=C\c3ccc(OCCn4c([N+](=O)[O-])cnc4C)cc3)cc2)no1,7.48,active,Active,0.6231632,0.0,0.0,0.0,0.0,0.0,0.047191266,0.0,0.0,0.0,0.0,0.0,0.0,0.0,0.0,0.0,0.0,0.0,0.0,0.25976762,0.0,0.0,1.5512481,0.0,0.065736145,1.6539364,0.0,0.0,0.0,0.0,0.0,0.0,0.21471846,0.0,0.0,1.0226053,0.0,0.0,0.0,0.0,0.2661688,0.7107687,0.0,0.0,1.41941,0.685169,0.0,0.0,1.1024307,0.0,1.0904752,0.0,0.0,0.0,0.0,0.0,0.0,1.3505409,0.0,0.0,0.0,0.0,0.0,0.14211395,0.7676009,0.0,1.6315961,0.0,0.0,0.0,0.0,0.0,0.0,0.0,0.0,0.0,0.0,0.0,0.0,0.0,0.0,0.0,0.0,0.0,0.0,0.0,0.0,1.0072607,0.0,0.0,0.91248095,0.0,0.0,1.525036,0.0,1.1026648,0.0,0.0,0.0,0.0,0.0,0.0,0.0,0.0,0.15202022,1.1897271,0.0,0.0,0.0,0.0,1.1679511,0.78666705,1.2562486,0.0,0.0,0.053497538,0.0,1.7468481,0.0,0.0,0.0,0.0,0.0,0.0,0.0,0.0,0.0,0.0,0.5111437574008888,0.43277621436952013,0.4782608695652174,0.43478260869565216
Cc1cc(NS(=O)(=O)c2ccc(/N=C/c3c(Cl)c4cc(C(C)(C)C)cc(C(C)(C)C)c4oc3=O)cc2)no1,CHEMBL2408084,Cc1cc(NS(=O)(=O)c2ccc(/N=C/c3c(Cl)c4cc(C(C)(C)C)cc(C(C)(C)C)c4oc3=O)cc2)no1,6.76,medium,Medium,0.9712473,0.0,0.0,0.0,0.0,0.0,0.62085295,0.0,0.0,0.0,0.0,0.0,0.0,0.0,0.0,0.0,0.0,0.0,0.0,0.9065701,0.0,0.0,1.9654726,0.0,0.0,2.0698092,0.0,0.0,0.0,0.0,0.0,0.0,0.49309704,0.0,0.0,1.3229933,0.0,0.0,0.0,0.0,0.4265436,1.2480305,0.0,0.0,1.9367412,0.9575985,0.0,0.0,1.5351812,0.0,1.6719302,0.0,0.0,0.0,0.0,0.0,0.0,1.7389314,0.0,0.0,0.0,0.0,0.0,0.0,1.2548532,0.0,2.2468324,0.0,0.0,0.0,0.0,0.0,0.0,0.0,0.0,0.0,0.0,0.0,0.0,0.0,0.0,0.0,0.0,0.0,0.0,0.0,0.0,1.5639926,0.0,0.0,1.4576133,0.0,0.0,2.201722,0.0,1.7076628,0.0,0.0,0.0,0.0,0.0,0.0,0.0,0.0,0.0,1.4725085,0.0,0.0,0.0,0.0,1.6420387,0.8785979,1.8625039,0.0,0.0,0.0,0.0,2.2864223,0.0,0.0,0.0,0.0,0.0,0.0,0.0,0.0,0.0,0.0,0.5972149482281189,0.3692534862965282,0.6086956521739131,0.3695652173913043
Cc1cc(NS(=O)(=O)c2ccc(/N=C/c3c(Cl)c4ccccc4oc3=O)cc2)no1,CHEMBL2408078,Cc1cc(NS(=O)(=O)c2ccc(/N=C/c3c(Cl)c4ccccc4oc3=O)cc2)no1,7.58,active,Active,0.76388454,0.0,0.0,0.0,0.0,0.0,0.0,0.0,0.0,0.0,0.0,0.0,0.0,0.0,0.0,0.0,0.0,0.0,0.0,0.28317326,0.0,0.0,1.8946799,0.0,0.0,1.893222,0.0,0.0,0.0,0.0,0.0,0.0,0.43340972,0.01684156,0.0,1.3052834,0.0,0.0,0.0,0.0,0.0,1.0509832,0.0,0.0,1.6813524,0.8219127,0.0,0.0,1.4518384,0.0,1.540342,0.0,0.0,0.0,0.0,0.0,0.0,1.6280606,0.0,0.0,0.0,0.0,0.0,0.07400924,1.0440633,0.0,2.0230272,0.0,0.0,0.0,0.0,0.0,0.0,0.0,0.0,0.0,0.0,0.0,0.0,0.0,0.0,0.0,0.0,0.0,0.0,0.0,0.0,1.3841513,0.0,0.0,1.1116219,0.0,0.0,2.060473,0.0,1.4869852,0.0,0.0,0.0,0.0,0.0,0.0,0.0,0.0,0.0,1.2685516,0.0,0.0,0.0,0.0,1.4268844,0.80174625,1.5402344,0.0,0.0,0.0,0.0,2.1087801,0.0,0.0,0.0,0.0,0.0,0.0,0.0,0.0,0.0,0.0,0.5829804458038325,0.43728677515366376,0.5869565217391304,0.41304347826086957
Cc1ccc(-c2cc(C(F)(F)F)nn2-c2ccc(S(N)(=O)=O)cc2)cc1,CHEMBL118,Cc1ccc(-c2cc(C(F)(F)F)nn2-c2ccc(S(N)(=O)=O)cc2)cc1,7.68,active,Active,0.0,0.0,0.0,0.0,1.0667402,0.0,0.0,0.0,0.0,0.0,0.0,0.0,0.0,0.0,0.0,0.0,0.0,0.0,0.0,0.0,0.0,0.0,0.6657728,0.0,0.0,0.36620402,0.0,0.0,0.0,0.0,1.8007643,0.0,0.0,1.609453,0.0,0.160098,1.0363245,0.36829242,0.0,0.0,0.0,0.036813825,0.85763645,0.0,1.2211215,0.68535763,0.0,0.0,0.3150845,0.0,0.051305298,0.0,0.33032182,0.0,0.0,0.0,0.0,0.5088699,0.0,0.0,0.0,0.0,0.5305058,0.8676042,0.1349779,0.0,0.47090024,0.0,0.0,0.0,0.0,0.0,0.0,0.0,0.0,0.0,0.0,0.0,0.0,0.0,0.0,1.2680109,0.0,0.0,0.0,0.0,0.0,0.23941465,0.0,0.0,0.0,0.0,0.8255493,0.5223933,0.0,0.06051583,0.0,0.0,0.0,0.0,0.0,0.0,0.0,0.0,0.0,0.2591136,0.0,1.3778445,0.0,0.70494026,0.5921863,0.11239092,0.044892404,0.0,0.0,0.899102,0.0,0.45126465,0.0,0.0,0.0,0.80600774,0.0,0.0,1.2629192,0.0,0.0,0.0,0.2462696068521048,0.9578246654526972,0.2826086956521739,0.9347826086956521
Cc1ccc(-c2nnc(Nc3ccc(S(N)(=O)=O)cc3)c3ccccc23)cc1S(N)(=O)=O,CHEMBL2336905,Cc1ccc(-c2nnc(Nc3ccc(S(N)(=O)=O)cc3)c3ccccc23)cc1S(N)(=O)=O,6.26,medium,Medium,0.28473407,0.0,0.0,0.0,0.77631986,0.0,0.0,0.0,0.0,0.0,0.0,0.0,0.0,0.0,0.0,0.0,0.0,0.0,0.0,0.0,0.0,0.0,1.3765532,0.0,0.0,1.1294159,0.0,0.0,0.0,0.0,1.2728022,0.0,0.19793049,1.0497836,0.0,0.74921614,0.79138064,0.25551307,0.0,0.0,0.0,0.525087,0.7602608,0.0,1.3124832,0.746575,0.0,0.0,0.94507325,0.0,0.838558,0.0,0.4280964,0.0,0.0,0.0,0.0,1.1293519,0.0,0.0,0.0,0.0,0.28579935,0.7462129,0.5642036,0.0,1.345688,0.0,0.0,0.0,0.0,0.0,0.0,0.0,0.0,0.0,0.0,0.0,0.0,0.0,0.0,0.7156329,0.0,0.0,0.0,0.0,0.0,0.9227148,0.0,0.0,0.2988075,0.0,0.5112959,1.2740396,0.0,0.66074437,0.0,0.0,0.0,0.0,0.0,0.0,0.0,0.0,0.0,0.75712675,0.0,0.9441963,0.0,0.4095924,0.9943946,0.60006905,0.6741903,0.0,0.0,0.6278833,0.0,1.2295644,0.0,0.0,0.0,0.63800836,0.0,0.0,0.8702136,0.0,0.0,0.0,0.30941990613682935,0.8561110656646574,0.32608695652173914,0.8478260869565217
Cc1ccc(C(=O)c2csc(S(N)(=O)=O)c2)cc1,CHEMBL341037,Cc1ccc(C(=O)c2csc(S(N)(=O)=O)c2)cc1,8.7,active,Active,0.6519748,0.0,0.0,0.0,0.0,0.0,0.0,0.0,0.0,0.0,0.0,0.0,0.0,0.0,0.0,0.0,0.0,0.0,0.0,0.0,0.0,0.0,1.601816,0.0,0.0,1.2774607,0.0,0.0,0.0,0.0,0.0,0.0,0.3690977,0.0,0.0,1.0933468,0.0,0.0,0.0,0.0,0.0,0.92598456,0.0,0.0,1.8301193,1.1332315,0.0,0.0,1.1425856,0.0,1.1419345,0.0,0.0,0.0,0.0,0.0,0.0,1.3703053,0.0,0.0,0.0,0.0,0.0,0.0,1.0847123,0.0,1.6332881,0.0,0.0,0.0,0.23268136,0.0,0.0,0.0,0.0,0.0,0.0,0.0,0.0,0.0,0.0,0.0,0.0,0.0,0.0,0.0,0.0,1.0938054,0.0,0.0,0.77947795,0.0,0.0,1.680153,0.0,1.0847282,0.0,0.0,0.0,0.0,0.0,0.0,0.0,0.0,0.0,0.9910598,0.0,0.0,0.0,0.0,1.3425896,0.7036446,1.2269148,0.0,0.0,0.0,0.0,1.5763955,0.0,0.0,0.0,0.0,0.0,0.0,0.0,0.0,0.0,0.0,0.5248058281493357,0.5635701830312311,0.5217391304347826,0.5869565217391304
Cc1ccc(CN2CCN(C(=S)SCC(=O)Nc3ccc(S(N)(=O)=O)cc3)CC2)cc1,CHEMBL4763412,Cc1ccc(CN2CCN(C(=S)SCC(=O)Nc3ccc(S(N)(=O)=O)cc3)CC2)cc1,6.88,medium,Medium,0.21394289,0.0,0.0,0.0,0.047456354,0.0,0.0,0.0,0.0,0.0,0.0,0.0,0.0,0.0,0.0,0.0,0.0,0.0,0.0,0.0,0.0,0.0,0.32278436,0.0,0.0,0.16947083,0.0,0.0,0.0,0.0,0.70867497,0.0,0.0,0.34274614,0.0,0.0,0.08919534,0.32857254,0.0,0.0,0.0,0.0,0.219694,0.0,1.2705845,0.9417075,0.0,0.0,0.0116702095,0.0,0.0,0.0,0.0,0.0,0.0,0.0,0.0,0.35831684,0.0,0.0,0.0,0.0,0.0,0.8728732,0.07264868,0.0,0.22610207,0.0,0.0,0.0,0.0,0.0,0.0,0.0,0.0,0.0,0.0,0.0,0.0,0.0,0.0,0.7296038,0.0,0.0,0.0,0.0,0.0,0.0038054287,0.0,0.0,0.0,0.0,0.25053278,0.0,0.0,0.0,0.0,0.0,0.0,0.0,0.0,0.0,0.0,0.0,0.0,0.2450856,0.0,0.3439137,0.0,0.0,0.6829002,0.3982759,0.14338925,0.0,0.0,0.0,0.0,0.1597037,0.0,0.0,0.0,0.054108974,0.0,0.0,0.49208307,0.0,0.0,0.0,0.25209128954566556,0.7495823220676964,0.2391304347826087,0.7608695652173912
Cc1ccc(N2NC(=O)/C(=C/c3cccn3-c3ccc(S(N)(=O)=O)cc3)C2=O)cc1,CHEMBL2392426,Cc1ccc(N2NC(=O)/C(=C/c3cccn3-c3ccc(S(N)(=O)=O)cc3)C2=O)cc1,7.57,active,Active,0.4221677,0.0,0.0,0.0,0.0,0.0,0.0,0.0,0.0,0.0,0.0,0.0,0.0,0.0,0.0,0.0,0.0,0.0,0.0,0.0,0.0,0.0,1.215879,0.0,0.0,1.3002499,0.0,0.0,0.0,0.0,0.17498909,0.0,0.009916123,0.0,0.0,0.812906,0.0,0.0,0.0,0.0,0.0,0.3945306,0.20760699,0.0,1.307468,0.63062406,0.0,0.0,0.7569232,0.0,0.62108785,0.0,0.0,0.0,0.0,0.0,0.0,1.0967715,0.0,0.0,0.0,0.0,0.0,0.4449758,0.47142237,0.0,1.1073729,0.0,0.0,0.0,0.0,0.0,0.0,0.0,0.0,0.0,0.0,0.0,0.0,0.0,0.0,0.0,0.0,0.0,0.0,0.0,0.0,0.6360189,0.0,0.0,0.62226814,0.0,0.0,0.954929,0.0,0.60178727,0.0,0.0,0.0,0.0,0.0,0.0,0.0,0.0,0.0,1.0267029,0.0,0.0,0.0,0.0,0.9325269,0.70819193,0.84223133,0.0,0.0,0.16611706,0.0,1.2014916,0.0,0.0,0.0,0.0,0.0,0.0,0.0,0.0,0.0,0.0,0.37644988387516704,0.5785144291546945,0.34782608695652173,0.5434782608695652
Cc1ccc(OS(=O)(=O)c2ccc3nc(S(N)(=O)=O)sc3c2)cc1,CHEMBL84021,Cc1ccc(OS(=O)(=O)c2ccc3nc(S(N)(=O)=O)sc3c2)cc1,8.39,active,Active,0.37566105,0.0,0.0,0.0,0.4776914,0.0,0.0,0.0,0.0,0.0,0.0,0.0,0.0,0.0,0.0,0.0,0.0,0.0,0.0,0.0,0.0,0.0,1.3901229,0.0,0.0,0.7018518,0.0,0.0,0.0,0.0,0.8107503,0.0,0.38352773,0.86934245,0.0,0.7536429,0.39139995,0.0,0.0,0.0,0.0,0.7584252,0.121180594,0.0,1.7798425,1.2567773,0.0,0.0,0.9583015,0.0,0.8705349,0.0,0.0,0.0,0.03574703,0.0,0.0,1.1137552,0.0,0.0,0.0,0.0,0.0,0.06572152,0.9998006,0.0,1.398633,0.0,0.0,0.0,0.6244304,0.0,0.0,0.0,0.0,0.0,0.0,0.0,0.0,0.0,0.0,0.7878467,0.0,0.0,0.0,0.0,0.0,0.9566116,0.0,0.0,0.24728876,0.0,0.18683362,1.4827769,0.0,0.73565644,0.0,0.0,0.0,0.0,0.0,0.0,0.0,0.0,0.0,0.5508212,0.0,0.63320655,0.0,0.0,1.1811378,0.47311378,0.7795586,0.0,0.0,0.0,0.0,1.136655,0.0,0.0,0.0,0.03685447,0.0,0.0,0.4919452,0.0,0.0,0.0,0.4419028693435372,0.7249539601991024,0.43478260869565216,0.7608695652173912
Cc1ccc(S(=O)(=O)N2C(=O)C=CC2O)cc1,CHEMBL1163554,Cc1ccc(S(=O)(=O)N2C(=O)C=CC2O)cc1,5.22,inactive,Inactive,0.0,0.0,0.0,0.0,0.43280452,0.0,0.0,0.0,0.0,0.0,0.0,0.0,0.0,0.0,0.0,0.0,0.0,0.0,0.0,0.0,0.0,0.0,0.18541019,0.0,0.0,0.0,0.0,0.0,0.0,0.0,1.0628465,0.0,0.0,0.75507665,0.0,0.0,0.50965345,0.53210723,0.0,0.0,0.0,0.0,0.46404016,0.0,0.91669935,0.64256895,0.0,0.0,0.0,0.0,0.0,0.0,0.0,0.0,0.0,0.0,0.0,0.12936129,0.0,0.0,0.0,0.0,0.017060764,0.5648241,0.07844336,0.0,0.0,0.0,0.0,0.0,0.048898526,0.0,0.0,0.0,0.0,0.0,0.0,0.0,0.0,0.0,0.0,1.2223458,0.0,0.0,0.0,0.0,0.0,0.0,0.0,0.0,0.0,0.0,0.6262067,0.0,0.0,0.0,0.0,0.0,0.0,0.0,0.0,0.0,0.0,0.0,0.0,0.0,0.0,0.8299471,0.0,0.2017873,0.23910204,0.005171597,0.0,0.0,0.0,0.3538188,0.0,0.0,0.0,0.0,0.0,0.31006426,0.0,0.0,0.9293083,0.0,0.0,0.0,0.2313787332002905,0.8723739532300582,0.21739130434782608,0.8695652173913043
Cc1ccc(S(=O)(=O)N2CC=CC2=O)cc1,CHEMBL1163131,Cc1ccc(S(=O)(=O)N2CC=CC2=O)cc1,4.74,inactive,Inactive,0.0,0.0,0.0,0.0,0.44510743,0.0,0.0,0.0,0.0,0.0,0.0,0.0,0.0,0.0,0.0,0.0,0.0,0.0,0.0,0.0,0.0,0.0,0.19722106,0.0,0.0,0.0,0.0,0.0,0.0,0.0,1.0612677,0.0,0.0,0.77110803,0.0,0.0,0.5415418,0.5087523,0.0,0.0,0.0,0.0,0.4574948,0.0,0.9099428,0.5725852,0.0,0.0,0.0,0.0,0.0,0.0,0.032680124,0.0,0.0,0.0,0.0,0.11734642,0.0,0.0,0.0,0.0,0.0,0.69807243,0.06622382,0.0,0.012303272,0.0,0.0,0.0,0.106998794,0.0,0.0,0.0,0.0,0.0,0.0,0.0,0.0,0.0,0.0,1.0869367,0.0,0.0,0.0,0.0,0.0,0.0,0.0,0.0,0.0,0.0,0.620987,0.0,0.0,0.0,0.0,0.0,0.0,0.0,0.0,0.0,0.0,0.0,0.0,0.0,0.0,0.8491218,0.0,0.20516166,0.24196655,0.0,0.0,0.0,0.0,0.23983721,0.0,0.0,0.0,0.0,0.0,0.34533125,0.0,0.0,0.91742337,0.0,0.0,0.0,0.23519180497508793,0.8667590666959571,0.21739130434782608,0.8478260869565217
Cc1ccc(S(=O)(=O)NC(=O)C2C(C(=O)O)[C@H]3CC[C@@H]2[C@H](O)[C@@H]3O)cc1,CHEMBL3402249,Cc1ccc(S(=O)(=O)NC(=O)C2C(C(=O)O)[C@H]3CC[C@@H]2[C@H](O)[C@@H]3O)cc1,6.9,medium,Medium,0.7664076,0.0,0.0,0.8222482,0.0,0.0,0.0,0.0,0.0,0.0,0.0,0.0,0.0,0.0,0.0,0.0,0.0,0.0,0.0,0.0,0.0,0.0,0.7249039,0.0,0.0,0.79008794,0.0,0.0,0.0,0.0,0.0,0.0,0.0,0.0,0.0,0.47680533,0.0,0.0,0.0,0.0,0.0,0.28795448,0.0,0.0,1.5665131,1.2288754,0.0,0.0,0.30140793,0.0,0.0,0.0,0.0,0.0,0.0,0.0,0.0,0.8006557,0.0,0.0,0.0,0.0,0.0,0.40124005,0.3905977,0.0,0.7975311,0.0,0.0,0.0,0.0,0.0,0.0,0.0,0.0,0.0,0.0,0.0,0.0,0.0,0.0,0.0,0.0,0.0,0.0,0.0,0.0,0.2560358,0.0,0.0,0.41025394,0.0,0.0,0.25115073,0.0,0.039475054,0.0,0.0,0.0,0.0,0.0,0.0,0.0,0.0,0.0,0.62618136,0.0,0.0,0.0,0.0,1.2186438,0.92893904,0.9225646,0.0,0.0,0.0,0.0,0.89246094,0.0,0.0,0.0,0.0,0.0,0.0,0.0,0.0,0.0,0.0,0.26567208699958367,0.6169593415719842,0.2826086956521739,0.5869565217391304
Cc1ccc(S(=O)(=O)NC(=O)C2C(C(=O)OCc3ccccc3)[C@@H]3C=C[C@H]2CC3)cc1,CHEMBL3402244,Cc1ccc(S(=O)(=O)NC(=O)C2C(C(=O)OCc3ccccc3)[C@@H]3C=C[C@H]2CC3)cc1,6.92,medium,Medium,0.31303164,0.0,0.0,0.11991583,0.0,0.0,0.0,0.0,0.0,0.0,0.0,0.0,0.0,0.0,0.0,0.0,0.0,0.0,0.0,0.0,0.0,0.0,0.51072085,0.0,0.0,0.5853651,0.0,0.0,0.0,0.0,0.0,0.0,0.0,0.0,0.0,0.25939274,0.0,0.09506473,0.0,0.0,0.0,0.036574192,0.0,0.0,1.1960832,0.7181443,0.0,0.0,0.15122154,0.0,0.0,0.0,0.0,0.0,0.0,0.0,0.0,0.5492183,0.0,0.0,0.0,0.0,0.0,0.96310073,0.096691206,0.0,0.4771354,0.0,0.0,0.0,0.0,0.0,0.0,0.0,0.0,0.0,0.0,0.0,0.0,0.0,0.0,0.0,0.0,0.0,0.0,0.0,0.0,0.05380781,0.0,0.0,0.17015296,0.0,0.0,0.085640326,0.0,0.0,0.0,0.0,0.0,0.0,0.0,0.0,0.0,0.0,0.0,0.40736738,0.0,0.0,0.0,0.0,0.78519607,0.5413049,0.50547624,0.0,0.0,0.0,0.0,0.50386685,0.0,0.0,0.0,0.0,0.0,0.0,0.0,0.0,0.0,0.0,0.26333186342846154,0.698762441328195,0.2826086956521739,0.717391304347826
Cc1ccc(S(=O)(=O)NC(=O)C2CC(C)(O)C(O)CC2C(=O)O)cc1,CHEMBL3402252,Cc1ccc(S(=O)(=O)NC(=O)C2CC(C)(O)C(O)CC2C(=O)O)cc1,6.84,medium,Medium,0.316905,0.0,0.0,0.6936664,0.0,0.0,0.0,0.0,0.0,0.0,0.0,0.0,0.0,0.0,0.0,0.0,0.0,0.0,0.0,0.0,0.0,0.0,0.42133382,0.0,0.0,0.34058604,0.0,0.0,0.0,0.0,0.0,0.0,0.0,0.0,0.0,0.16427654,0.0,0.0,0.0,0.0,0.0,0.07421132,0.0,0.0,1.2592388,0.86982316,0.0,0.0,0.09122183,0.0,0.0,0.0,0.0,0.0,0.0,0.0,0.0,0.45660588,0.0,0.0,0.0,0.0,0.0,0.502805,0.28667578,0.0,0.45001554,0.0,0.0,0.0,0.0,0.0,0.0,0.0,0.0,0.0,0.0,0.0,0.0,0.0,0.0,0.0,0.0,0.0,0.0,0.0,0.0,0.038832113,0.0,0.0,0.18329161,0.0,0.0,0.09986432,0.0,0.0,0.0,0.0,0.0,0.0,0.0,0.0,0.0,0.0,0.0,0.3332351,0.0,0.0,0.0,0.0,0.78174144,0.47246516,0.5206604,0.0,0.0,0.0,0.0,0.39382523,0.0,0.0,0.0,0.0,0.0,0.0,0.0,0.0,0.0,0.0,0.2538768189192254,0.6626926488785442,0.21739130434782608,0.6521739130434783
Cc1ccc(S(=O)(=O)NC(=O)C2CC(O)C(O)CC2C(=O)O)cc1,CHEMBL3402251,Cc1ccc(S(=O)(=O)NC(=O)C2CC(O)C(O)CC2C(=O)O)cc1,6.81,medium,Medium,0.37438127,0.0,0.0,0.538297,0.0,0.0,0.0,0.0,0.0,0.0,0.0,0.0,0.0,0.0,0.0,0.0,0.0,0.0,0.0,0.0,0.0,0.0,0.45431542,0.0,0.0,0.36682305,0.0,0.0,0.0,0.0,0.0,0.0,0.0,0.0,0.0,0.1894902,0.0,0.0,0.0,0.0,0.0,0.07852297,0.0,0.0,1.2673315,0.93591535,0.0,0.0,0.10430806,0.0,0.0,0.0,0.0,0.0,0.0,0.0,0.0,0.49206862,0.0,0.0,0.0,0.0,0.0,0.4783681,0.28355807,0.0,0.4831931,0.0,0.0,0.0,0.0,0.0,0.0,0.0,0.0,0.0,0.0,0.0,0.0,0.0,0.0,0.08054888,0.0,0.0,0.0,0.0,0.0,0.052986667,0.0,0.0,0.15043327,0.0,0.0,0.08086462,0.0,0.0,0.0,0.0,0.0,0.0,0.0,0.0,0.0,0.0,0.0,0.33741173,0.0,0.0,0.0,0.0,0.83766705,0.56540865,0.53668016,0.0,0.0,0.0,0.0,0.44400108,0.0,0.0,0.0,0.0,0.0,0.0,0.0,0.0,0.0,0.0,0.25752124728707454,0.6597355353590757,0.2391304347826087,0.6521739130434783
Cc1ccc(S(=O)(=O)NC(=O)C2CC=CCC2C(=O)OCc2ccccc2)cc1,CHEMBL3402246,Cc1ccc(S(=O)(=O)NC(=O)C2CC=CCC2C(=O)OCc2ccccc2)cc1,6.96,medium,Medium,0.10505378,0.0,0.0,0.0,0.0,0.0,0.0,0.0,0.0,0.0,0.0,0.0,0.0,0.0,0.0,0.0,0.0,0.0,0.0,0.0,0.0,0.0,0.4112018,0.0,0.0,0.38219965,0.0,0.0,0.0,0.0,0.28849843,0.0,0.0,0.046227504,0.0,0.17727906,0.0,0.21853366,0.0,0.0,0.0,0.0,0.14312133,0.0,1.0437785,0.5781162,0.0,0.0,0.049793333,0.0,0.0,0.0,0.008949121,0.0,0.0,0.0,0.0,0.40484416,0.0,0.0,0.0,0.0,0.0,0.9455557,0.043769896,0.0,0.3126682,0.0,0.0,0.0,0.0,0.0,0.0,0.0,0.0,0.0,0.0,0.0,0.0,0.0,0.0,0.1809558,0.0,0.0,0.0,0.0,0.0,0.0,0.0,0.0,0.013505943,0.0,0.087611035,0.021225736,0.0,0.0,0.0,0.0,0.0,0.0,0.0,0.0,0.0,0.0,0.0,0.2685466,0.0,0.0,0.0,0.0,0.5561819,0.33604622,0.30528077,0.0,0.0,0.0,0.0,0.2994076,0.0,0.0,0.0,0.0,0.0,0.0,0.21551165,0.0,0.0,0.0,0.2585236507928681,0.716684881808357,0.2391304347826087,0.7391304347826086
Cc1ccc(S(=O)(=O)NC(=O)C2[C@H](C(=O)OCc3ccccc3)[C@@]3(Cl)C(Cl)=C(Cl)[C@@]2(Cl)C3(Cl)Cl)cc1,CHEMBL3402248,Cc1ccc(S(=O)(=O)NC(=O)C2[C@H](C(=O)OCc3ccccc3)[C@@]3(Cl)C(Cl)=C(Cl)[C@@]2(Cl)C3(Cl)Cl)cc1,7.15,active,Active,0.0,0.0,0.0,0.0,0.68198663,0.0,0.0,0.0,0.0,0.0,0.0,0.0,0.0,0.0,0.0,0.0,0.0,0.0,0.0,0.0,0.0,0.0,0.0,0.0,0.0,0.0,0.0,0.0,0.0,0.0,1.9471427,0.0,0.0,1.261522,0.0,0.0,0.90511394,0.853378,0.0,0.0,0.0,0.0,0.6056019,0.0,1.2437258,1.1395243,0.0,0.0,0.0,0.0,0.0,0.0,0.0,0.0,0.0,0.0,0.0,0.0,0.0,0.0,0.0,0.0,0.0,0.73681664,0.0,0.0,0.0,0.0,0.0,0.0,0.75808054,0.0,0.0,0.0,1.2060686,0.0,0.0,0.0,0.0,0.0,0.0,2.2500815,0.0,0.0,0.0,0.0,0.0,0.0,0.0,0.0,0.0,0.0,1.1153827,0.0,0.0,0.0,0.0,0.0,0.0,0.0,0.0,0.0,0.0,0.0,0.0,0.0,0.0,1.5060545,0.0,0.35022855,0.0,0.0,0.0,0.0,0.0,0.0,0.0,0.0,0.0,0.0,0.0,0.70247585,0.0,0.0,1.541719,0.0,0.0,0.0,0.17150173324326057,0.9286702736742163,0.15217391304347827,0.9130434782608695
Cc1ccc(S(=O)(=O)NC(=O)C2[C@H]3C=C[C@H](C3)[C@H]2C(=O)OCc2ccccc2)cc1,CHEMBL3402245,Cc1ccc(S(=O)(=O)NC(=O)C2[C@H]3C=C[C@H](C3)[C@H]2C(=O)OCc2ccccc2)cc1,6.96,medium,Medium,0.27356115,0.0,0.0,0.0,0.0,0.0,0.0,0.0,0.0,0.0,0.0,0.0,0.0,0.0,0.0,0.0,0.0,0.0,0.0,0.0,0.0,0.0,0.49233818,0.0,0.0,0.5718478,0.0,0.0,0.0,0.0,0.22340345,0.0,0.0,0.0,0.0,0.2866162,0.0,0.21278703,0.0,0.0,0.0,0.0,0.12354395,0.0,1.1095232,0.6713346,0.0,0.0,0.12468896,0.0,0.0,0.0,0.0,0.0,0.0,0.0,0.0,0.51906615,0.0,0.0,0.0,0.0,0.0,0.87788934,0.091874585,0.0,0.42881462,0.0,0.0,0.0,0.0,0.0,0.0,0.0,0.0,0.0,0.0,0.0,0.0,0.0,0.0,0.24688184,0.0,0.0,0.0,0.0,0.0,0.008994579,0.0,0.0,0.09033959,0.0,0.053329814,0.12839513,0.0,0.0,0.0,0.0,0.0,0.0,0.0,0.0,0.0,0.0,0.0,0.39862216,0.0,0.0,0.0,0.0,0.68409103,0.50582236,0.44034216,0.0,0.0,0.0,0.0,0.50554633,0.0,0.0,0.0,0.0,0.0,0.0,0.18186575,0.0,0.0,0.0,0.2601627086073262,0.7119789448585014,0.2608695652173913,0.7391304347826086
Cc1ccc(S(=O)(=O)NC(=O)[C@@H]2[C@H](C(=O)O)[C@]3(Cl)C(Cl)(Cl)[C@]2(Cl)[C@@](O)(Cl)[C@]3(O)Cl)cc1,CHEMBL3402253,Cc1ccc(S(=O)(=O)NC(=O)[C@@H]2[C@H](C(=O)O)[C@]3(Cl)C(Cl)(Cl)[C@]2(Cl)[C@@](O)(Cl)[C@]3(O)Cl)cc1,6.92,medium,Medium,0.0,0.0,0.0,0.0,0.8700483,0.0,0.0,0.0,0.0,0.0,0.0,0.0,0.0,0.0,0.0,0.0,0.0,0.0,0.0,0.0,0.0,0.0,0.0,0.0,0.0,0.0,0.0,0.0,0.0,0.0,2.1779947,0.0,0.0,1.6398666,0.0,0.0,1.019729,0.8034805,0.0,0.0,0.0,0.0,0.48519796,0.0,1.269115,1.2246014,0.0,0.0,0.0,0.0,0.0,0.0,0.0,0.0,0.0,0.0,0.0,0.0,0.0,0.0,0.0,0.0,0.07931599,0.57559127,0.0,0.0,0.0,0.0,0.0,0.0,1.3585346,0.0,0.0,0.0,2.315229,0.0,0.0,0.0,0.0,0.0,0.0,2.73834,0.0,0.0,0.0,0.0,0.0,0.0,0.0,0.0,0.0,0.0,1.2571594,0.0,0.0,0.0,0.0,0.0,0.0,0.0,0.0,0.0,0.0,0.0,0.0,0.0,0.0,1.7686964,0.0,0.4116719,0.0,0.0,0.0,0.0,0.0,0.0,0.0,0.0,0.0,0.0,0.0,0.67880654,0.0,0.0,1.7187271,0.0,0.0,0.0,0.15320516514240348,0.9478350806230805,0.08695652173913043,0.9565217391304348
Cc1ccc(S(=O)(=O)NC(=O)[C@H]2[C@@H]3C[C@@H]([C@@H](O)[C@H]3O)[C@H]2C(=O)O)cc1,CHEMBL3402250,Cc1ccc(S(=O)(=O)NC(=O)[C@H]2[C@@H]3C[C@@H]([C@@H](O)[C@H]3O)[C@H]2C(=O)O)cc1,6.96,medium,Medium,0.7298957,0.0,0.0,0.46051794,0.0,0.0,0.0,0.0,0.0,0.0,0.0,0.0,0.0,0.0,0.0,0.0,0.0,0.0,0.0,0.0,0.0,0.0,0.70675504,0.0,0.0,0.776603,0.0,0.0,0.0,0.0,0.0,0.0,0.0,0.0,0.0,0.5102846,0.0,0.0,0.0,0.0,0.0,0.24072304,0.0,0.0,1.4711769,1.1889362,0.0,0.0,0.27413198,0.0,0.0,0.0,0.0,0.0,0.0,0.0,0.0,0.7675864,0.0,0.0,0.0,0.0,0.0,0.27685815,0.39431465,0.0,0.7499458,0.0,0.0,0.0,0.0,0.0,0.0,0.0,0.0,0.0,0.0,0.0,0.0,0.0,0.0,0.14460114,0.0,0.0,0.0,0.0,0.0,0.20718674,0.0,0.0,0.32084686,0.0,0.0,0.30532795,0.0,0.05366242,0.0,0.0,0.0,0.0,0.0,0.0,0.0,0.0,0.0,0.62110007,0.0,0.0,0.0,0.0,1.109773,0.90028983,0.853744,0.0,0.0,0.0,0.0,0.9028463,0.0,0.0,0.0,0.0,0.0,0.0,0.0,0.0,0.0,0.0,0.2701256099459493,0.6206154454439516,0.2826086956521739,0.6086956521739131
Cc1ccc(S(=O)(=O)NCC(=O)O)cc1,CHEMBL287486,Cc1ccc(S(=O)(=O)NCC(=O)O)cc1,5.44,inactive,Inactive,0.0,0.0,0.0,0.0,0.5903784,0.0,0.0,0.0,0.0,0.0,0.0,0.0,0.0,0.0,0.0,0.0,0.0,0.0,0.0,0.0,0.0,0.0,0.0,0.0,0.0,0.0,0.0,0.0,0.0,0.0,1.331226,0.0,0.0,1.0674701,0.0,0.0,0.67097783,0.6077988,0.0,0.0,0.0,0.0,0.5277346,0.0,0.9357548,0.60656923,0.0,0.0,0.0,0.0,0.0,0.0,0.0,0.0,0.0,0.0,0.0,0.0,0.0,0.0,0.0,0.0,0.104686365,0.6327452,0.0,0.0,0.0,0.0,0.0,0.0,0.30133122,0.0,0.0,0.0,0.29909262,0.0,0.0,0.0,0.0,0.0,0.0,1.5943396,0.0,0.0,0.0,0.0,0.0,0.0,0.0,0.0,0.0,0.0,0.8092721,0.0,0.0,0.0,0.0,0.0,0.0,0.0,0.0,0.0,0.0,0.0,0.0,0.0,0.0,1.080751,0.0,0.33832854,0.001818113,0.0,0.0,0.0,0.0,0.49168983,0.0,0.0,0.0,0.0,0.0,0.37856984,0.0,0.0,1.1387656,0.0,0.0,0.0,0.227983238857898,0.8854331442429614,0.2391304347826087,0.8913043478260869
Cc1ccc(S(=O)(=O)NCCCN(C)C)cc1,CHEMBL1621411,Cc1ccc(S(=O)(=O)NCCCN(C)C)cc1,5.18,inactive,Inactive,0.0,0.0,0.0,0.28081036,0.0,0.0,0.0,0.0,0.0,0.0,0.0,0.0,0.0,0.0,0.0,0.0,0.0,0.0,0.0,0.0,0.0,0.0,0.24220632,0.0,0.0,0.0,0.0,0.0,0.0,0.0,0.0,0.0,0.0,0.0,0.0,0.0,0.0,0.013481647,0.0,0.0,0.0,0.0,0.0,0.0,1.3049031,0.7075994,0.0,0.0,0.0,0.0,0.0,0.0,0.0,0.0,0.0,0.0,0.0,0.21913238,0.0,0.0,0.0,0.0,0.0,0.6055178,0.20765074,0.0,0.12893257,0.0,0.0,0.0,0.2110247,0.0,0.0,0.0,0.0,0.0,0.0,0.0,0.0,0.0,0.0,0.35022372,0.0,0.0,0.0,0.0,0.0,0.0,0.0,0.0,0.0,0.0,0.0,0.028485507,0.0,0.0,0.0,0.0,0.0,0.0,0.0,0.0,0.0,0.0,0.0,0.12604472,0.0,0.0,0.0,0.0,0.41450575,0.0,0.10470599,0.0,0.0,0.0,0.0,0.0,0.0,0.0,0.0,0.0,0.0,0.0,0.0,0.0,0.0,0.0,0.2522314036487923,0.7032949320901226,0.21739130434782608,0.6956521739130435
Cc1ccc(S(=O)(=O)Nc2ccccc2-c2ccccc2)cc1,CHEMBL1382128,Cc1ccc(S(=O)(=O)Nc2ccccc2-c2ccccc2)cc1,5.29,inactive,Inactive,0.0,0.0,0.0,0.0,1.0957867,0.0,0.0,0.0,0.0,0.0,0.0,0.0,0.0,0.0,0.0,0.0,0.0,0.0,0.0,0.0,0.0,0.0,0.6431122,0.0,0.0,0.5915357,0.0,0.0,0.0,0.0,2.0222955,0.0,0.0,1.5155517,0.0,0.36716563,1.2259425,0.88832825,0.0,0.0,0.0,0.0,1.2682086,0.0,0.7205499,0.1608555,0.0,0.0,0.21839985,0.0,0.004877124,0.0,1.0259511,0.0,0.0,0.0,0.0,0.51998466,0.0,0.0,0.0,0.0,0.66261214,1.4335817,0.0,0.0,0.3540919,0.0,0.0,0.0,0.0,0.0,0.0,0.0,0.0,0.0,0.0,0.0,0.0,0.0,0.0,1.0685625,0.0,0.0,0.0,0.0,0.0,0.0032555684,0.26032677,0.0,0.0,0.0,1.0925182,0.30279553,0.0,0.0,0.0,0.0,0.0,0.0,0.0,0.0,0.0,0.0,0.0,0.30931222,0.22838761,1.5943962,0.0,1.1245177,0.2775196,0.14859252,0.0,0.0,0.0,1.4003905,0.0,0.3942763,0.0,0.0,0.0,1.1382718,0.0,0.0,1.6360565,0.0,0.0,0.0,0.20379622187486132,1.0,0.15217391304347827,1.0
Cc1ccc(S(=O)(=O)Oc2ccc(-c3ccc4occc4c3)cc2)cc1,CHEMBL4517453,Cc1ccc(S(=O)(=O)Oc2ccc(-c3ccc4occc4c3)cc2)cc1,6.3,medium,Medium,0.11810705,0.0,0.0,0.0,1.3394288,0.0,0.0,0.0,0.0,0.0,0.0,0.0,0.0,0.0,0.0,0.0,0.0,0.0,0.0,0.0,0.0,0.0,1.2465538,0.0,0.2174456,1.2158788,0.0,0.0,0.0,0.0,1.8177164,0.0,0.027652849,1.7241712,0.0,0.6903784,1.2315615,0.46375117,0.1981664,0.0,0.0,0.22163174,1.2442344,0.0,0.9868494,0.28907478,0.0,0.0,0.7913066,0.03048984,0.5906,0.0,0.9170171,0.0,0.0,0.0,0.0,1.0030401,0.0,0.0,0.0,0.0,0.9467088,1.1827652,0.13010561,0.0,1.0685991,0.0,0.010614175,0.0,0.0,0.0,0.0,0.20067239,0.0,0.0,0.0,0.0,0.0,0.0,0.0,0.82190883,0.0,0.0,0.0,0.0,0.0,0.5752622,0.5567477,0.0,0.21643424,0.0,0.8552844,0.9817332,0.0,0.51393485,0.0,0.0,0.0,0.0,0.0,0.0,0.0,0.0,0.0,0.66923064,0.0,1.463945,0.0,1.0796487,0.76233685,0.37039334,0.4886276,0.0,0.0,1.7568672,0.0,1.2194515,0.0,0.0,0.0,1.0374928,0.0,0.0,1.3643434,0.0,0.0,0.0,0.0012981185452450104,0.20552657037861968,0.0,0.19565217391304346
Cc1ccc(S(=O)(=O)Oc2ccc(-c3ccc4sccc4c3)cc2)cc1,CHEMBL4467499,Cc1ccc(S(=O)(=O)Oc2ccc(-c3ccc4sccc4c3)cc2)cc1,5.48,inactive,Inactive,0.13894904,0.0,0.0,0.0,1.320737,0.0,0.0,0.0,0.0,0.0,0.0,0.0,0.0,0.0,0.0,0.0,0.0,0.0,0.0,0.0,0.0,0.0,1.2632133,0.0,0.16793187,1.2128103,0.0,0.0,0.0,0.0,1.7150347,0.0,0.057736848,1.697313,0.0,0.6810287,1.1912503,0.3806218,0.15456556,0.0,0.0,0.26137158,1.1927092,0.0,0.9922694,0.31091645,0.0,0.0,0.81862855,0.0,0.6276859,0.0,0.8502551,0.0,0.0,0.0,0.0,1.0068218,0.0,0.0,0.0,0.0,0.9536857,1.0765266,0.18765453,0.0,1.1235907,0.0,0.0,0.0,0.0,0.0,0.0,0.1637661,0.0,0.0,0.0,0.0,0.0,0.0,0.0,0.80390596,0.0,0.0,0.0,0.0,0.0,0.6054775,0.53223723,0.0,0.21477637,0.0,0.7896458,1.0305105,0.0,0.5656877,0.0,0.0,0.0,0.0,0.0,0.0,0.0,0.0,0.0,0.6488835,0.0,1.3927565,0.0,1.0361607,0.78741765,0.36819726,0.5221177,0.0,0.0,1.7165459,0.0,1.2721566,0.0,0.0,0.0,0.9771828,0.0,0.0,1.289208,0.0,0.0,0.0,0.0007484962239177003,0.20478913795647846,0.021739130434782608,0.17391304347826086
Cc1ccc(S(=O)(=O)c2coc(S(N)(=O)=O)c2)cc1,CHEMBL123923,Cc1ccc(S(=O)(=O)c2coc(S(N)(=O)=O)c2)cc1,8.38,active,Active,0.36301917,0.0,0.0,0.0,0.16602513,0.0,0.0,0.0,0.0,0.0,0.0,0.0,0.0,0.0,0.0,0.0,0.0,0.0,0.0,0.0,0.0,0.0,1.3292052,0.0,0.0,0.53092575,0.0,0.0,0.0,0.0,0.59434086,0.0,0.39671737,0.4947768,0.0,0.734717,0.18693568,0.0,0.0,0.0,0.0,0.8276788,0.0,0.0,1.7750729,1.4004562,0.0,0.0,0.90900445,0.0,0.8925226,0.0,0.0,0.0,0.073642485,0.0,0.0,1.0704471,0.0,0.0,0.0,0.0,0.0,0.0,1.114441,0.0,1.381281,0.0,0.0,0.0,0.94026315,0.0,0.0,0.0,0.0,0.0,0.0,0.0,0.0,0.0,0.0,0.8007238,0.0,0.0,0.0,0.0,0.0,1.0113767,0.0,0.0,0.21195218,0.0,0.08853862,1.4194723,0.0,0.6934374,0.0,0.0,0.0,0.0,0.0,0.0,0.0,0.0,0.0,0.49774823,0.0,0.41729158,0.0,0.0,1.1840451,0.5237527,0.7441161,0.0,0.0,0.0,0.0,0.95133543,0.0,0.0,0.0,0.0,0.0,0.0,0.28699043,0.0,0.0,0.0,0.44949479181709123,0.7190937089640713,0.45652173913043476,0.7391304347826086
Cc1ccc(S(=O)(=O)c2csc(S(N)(=O)=O)c2)cc1,CHEMBL333588,Cc1ccc(S(=O)(=O)c2csc(S(N)(=O)=O)c2)cc1,8.49,active,Active,0.60707986,0.0,0.0,0.0,0.0,0.0,0.0,0.0,0.0,0.0,0.0,0.0,0.0,0.0,0.0,0.0,0.0,0.0,0.0,0.0,0.0,0.0,1.6391976,0.0,0.0,0.8191124,0.0,0.0,0.0,0.0,0.034360282,0.0,0.53995,0.032828946,0.0,1.0785965,0.0,0.0,0.0,0.0,0.0,1.1412846,0.0,0.0,2.12361,1.607819,0.0,0.0,1.1869103,0.0,1.2491008,0.0,0.0,0.0,0.1317566,0.0,0.0,1.3538686,0.0,0.0,0.0,0.0,0.0,0.0,1.437725,0.0,1.7205464,0.0,0.0,0.0,1.2234417,0.0,0.0,0.0,0.0,0.0,0.0,0.0,0.0,0.0,0.0,0.322401,0.0,0.0,0.0,0.0,0.0,1.2870352,0.0,0.0,0.5785417,0.0,0.0,1.8328764,0.0,1.0465355,0.0,0.0,0.0,0.0,0.0,0.0,0.0,0.0,0.0,0.76037437,0.0,0.0,0.0,0.0,1.4688106,0.6749834,1.143713,0.0,0.0,0.0,0.0,1.2870446,0.0,0.0,0.0,0.0,0.0,0.0,0.0,0.0,0.0,0.0,0.5888680487999025,0.679930165204079,0.6086956521739131,0.6739130434782609
Cc1ccc(S(=O)(=O)n2cc(/C=C/C(=O)c3ccncc3)c3ccccc32)cc1,CHEMBL4159498,Cc1ccc(S(=O)(=O)n2cc(/C=C/C(=O)c3ccncc3)c3ccccc32)cc1,4.42,inactive,Inactive,0.40552923,0.0,0.0,0.0,0.63954544,0.0,0.118056834,0.0,0.0,0.0,0.0,0.0,0.0,0.0,0.0,0.0,0.0,0.0,0.0,0.111831546,0.0,0.0,1.5680628,0.0,0.7959961,1.6854471,0.0,0.0,0.0,0.0,0.8711583,0.0,0.1391538,0.8386292,0.0,1.0700346,0.60320604,0.0,0.71197206,0.0,0.37192234,0.5639582,0.69744086,0.0,1.1648862,0.38922074,0.0,0.0,1.1028854,0.34350348,1.0425783,0.0,0.54335827,0.0,0.0,0.0,0.0,1.3331897,0.0,0.0,0.0,0.0,0.45580602,0.8037781,0.4557172,0.0,1.5042067,0.0,0.543268,0.0,0.0,0.0,0.0,0.48870194,0.0,0.0,0.0,0.0,0.0,0.0,0.0,0.08006102,0.0,0.0,0.0,0.0,0.0,0.93231624,0.25229907,0.0,0.6845505,0.0,0.27016363,1.4182564,0.0,0.94869864,0.0,0.0,0.0,0.0,0.0,0.0,0.0,0.0,0.55218565,1.0368135,0.0,0.50199145,0.0,0.40782076,1.041048,0.6499464,0.98707974,0.0,0.0,0.97745144,0.0,1.669968,0.0,0.0,0.0,0.47018856,0.0,0.0,0.48639598,0.0,0.0,0.0,0.440708484755842,0.2512129626695753,0.43478260869565216,0.2391304347826087
Cc1ccc(S(=O)(=O)n2cccc2)cc1,CHEMBL508732,Cc1ccc(S(=O)(=O)n2cccc2)cc1,4.64,inactive,Inactive,0.09161891,0.0,0.0,0.0,0.63808,0.0,0.0,0.0,0.0,0.0,0.0,0.0,0.0,0.0,0.0,0.0,0.0,0.0,0.0,0.0,0.0,0.0,1.0291823,0.0,0.0,0.7671684,0.0,0.0,0.0,0.0,1.3289165,0.0,0.021322634,0.9696489,0.0,0.6726901,0.6964125,0.417248,0.0,0.0,0.0,0.27832893,0.68268067,0.0,1.1345878,0.61009395,0.0,0.0,0.594398,0.0,0.45354474,0.0,0.4008166,0.0,0.0,0.0,0.0,0.8460084,0.0,0.0,0.0,0.0,0.081278995,0.80457616,0.34672356,0.0,0.8410718,0.0,0.0,0.0,0.0,0.0,0.0,0.0,0.0,0.0,0.0,0.0,0.0,0.0,0.0,0.78158647,0.0,0.0,0.0,0.0,0.0,0.44406146,0.0,0.0,0.13124254,0.0,0.6042316,0.7564718,0.0,0.35026926,0.0,0.0,0.0,0.0,0.0,0.0,0.0,0.0,0.0,0.5279598,0.0,0.9884363,0.0,0.32413742,0.7104921,0.36383644,0.40328494,0.0,0.0,0.4470514,0.0,0.74944896,0.0,0.0,0.0,0.5253522,0.0,0.0,0.92637867,0.0,0.0,0.0,0.28475521329000636,0.863648332574537,0.2826086956521739,0.8695652173913043
Cc1ccc(S(N)(=O)=O)cc1,CHEMBL574,Cc1ccc(S(N)(=O)=O)cc1,6.24,medium,Medium,0.0,0.0,0.0,0.0,0.7718824,0.0,0.0,0.0,0.0,0.0,0.0,0.0,0.0,0.0,0.0,0.0,0.0,0.0,0.0,0.0,0.0,0.0,0.32638845,0.0,0.0,0.0,0.0,0.0,0.0,0.0,1.8164709,0.0,0.0,1.2302893,0.0,0.0,0.9005884,0.78428257,0.0,0.0,0.0,0.0,0.73876226,0.0,1.1731067,0.94516927,0.0,0.0,0.0,0.0,0.0,0.0,0.091003455,0.0,0.0,0.0,0.0,0.20586522,0.0,0.0,0.0,0.0,0.0,0.6965027,0.19597934,0.0,0.109678924,0.0,0.0,0.0,0.39358568,0.0,0.0,0.0,0.16107154,0.0,0.0,0.0,0.0,0.0,0.0,1.7929724,0.0,0.0,0.0,0.0,0.0,0.0,0.0,0.0,0.0,0.0,0.971581,0.028116345,0.0,0.0,0.0,0.0,0.0,0.0,0.0,0.0,0.0,0.0,0.0,0.0,0.0,1.4894303,0.0,0.34080008,0.38761705,0.06032811,0.0,0.0,0.0,0.117669486,0.0,0.0,0.0,0.0,0.0,0.68102,0.0,0.0,1.4217477,0.0,0.0,0.0,0.20137410511322612,0.9163256159778643,0.19565217391304346,0.8913043478260869
Cc1ccc2c(c1)O[C@@H](CNS(N)(=O)=O)CO2,CHEMBL3093010,Cc1ccc2c(c1)O[C@@H](CNS(N)(=O)=O)CO2,4.54,inactive,Inactive,0.0,0.0,0.0,0.0,1.0538851,0.0,0.0,0.0,0.0,0.0,0.0,0.0,0.0,0.0,0.0,0.0,0.0,0.0,0.0,0.0,0.0,0.0,0.0,0.0,0.0,0.0,0.0,0.0,0.0,0.0,2.0138981,0.0,0.0,1.6464823,0.0,0.0,1.1008551,0.8759057,0.0,0.0,0.0,0.0,0.9642769,0.0,0.90179527,0.5906792,0.0,0.0,0.0,0.0,0.0,0.0,0.2911252,0.0,0.0,0.0,0.0,0.0,0.0,0.0,0.0,0.0,0.38930053,1.1075321,0.0,0.0,0.0,0.0,0.0,0.0,0.0,0.0,0.0,0.0,0.0,0.0,0.0,0.0,0.0,0.0,0.0,1.9038423,0.0,0.0,0.0,0.0,0.0,0.0,0.0,0.0,0.0,0.0,1.13002,0.0,0.0,0.0,0.0,0.0,0.0,0.0,0.0,0.0,0.0,0.0,0.0,0.0,0.0,1.5973976,0.0,0.82985467,0.14430201,0.0,0.0,0.0,0.0,0.9205606,0.0,0.0,0.0,0.0,0.0,0.8703131,0.0,0.0,1.7411073,0.0,0.0,0.0,0.21216017548691773,0.9618935993104905,0.21739130434782608,0.9565217391304348
Cc1ccc2oc(=O)c(/C=N/c3ccc(S(=O)(=O)NC(=N)N)cc3)c(Cl)c2c1,CHEMBL2408088,Cc1ccc2oc(=O)c(/C=N/c3ccc(S(=O)(=O)NC(=N)N)cc3)c(Cl)c2c1,7.0,active,Active,0.61635613,0.0,0.0,0.0,0.0,0.0,0.0,0.0,0.0,0.0,0.0,0.0,0.0,0.0,0.0,0.0,0.0,0.0,0.0,0.0,0.0,0.0,1.5097351,0.0,0.0,1.443221,0.0,0.0,0.0,0.0,0.0,0.0,0.2626401,0.0,0.0,1.0145912,0.0,0.0,0.0,0.0,0.0,0.7690486,0.0,0.0,1.6255445,0.8571007,0.0,0.0,1.0694411,0.0,1.0524677,0.0,0.0,0.0,0.0,0.0,0.0,1.3056118,0.0,0.0,0.0,0.0,0.0,0.0,0.87672794,0.0,1.5414538,0.0,0.0,0.0,0.0,0.0,0.0,0.0,0.0,0.0,0.0,0.0,0.0,0.0,0.0,0.0,0.0,0.0,0.0,0.0,0.0,0.97301453,0.0,0.0,0.8257269,0.0,0.0,1.5602086,0.0,1.0790495,0.0,0.0,0.0,0.0,0.0,0.0,0.0,0.0,0.0,1.0455945,0.0,0.0,0.0,0.0,1.2280273,0.6735337,1.2162657,0.0,0.0,0.0,0.0,1.6412271,0.0,0.0,0.0,0.0,0.0,0.0,0.0,0.0,0.0,0.0,0.49465373526074025,0.5139957330502569,0.4782608695652174,0.5217391304347826
Cc1ccc2oc(=O)c(/C=N/c3ccc(S(=O)(=O)Nc4cc(C)on4)cc3)c(Cl)c2c1,CHEMBL2408090,Cc1ccc2oc(=O)c(/C=N/c3ccc(S(=O)(=O)Nc4cc(C)on4)cc3)c(Cl)c2c1,6.66,medium,Medium,0.7174244,0.0,0.0,0.0,0.0,0.0,0.0,0.0,0.0,0.0,0.0,0.0,0.0,0.0,0.0,0.0,0.0,0.0,0.0,0.0,0.0,0.0,1.7755578,0.0,0.0,1.7452878,0.0,0.0,0.0,0.0,0.0,0.0,0.37927744,0.1069961,0.0,1.19221,0.0,0.0,0.0,0.0,0.0,0.9513945,0.0,0.0,1.6702174,0.8308359,0.0,0.0,1.3193399,0.0,1.3718464,0.0,0.0,0.0,0.0,0.0,0.0,1.5081443,0.0,0.0,0.0,0.0,0.0,0.0,0.9917647,0.0,1.8803109,0.0,0.0,0.0,0.0,0.0,0.0,0.0,0.0,0.0,0.0,0.0,0.0,0.0,0.0,0.0,0.0,0.0,0.0,0.0,0.0,1.2114832,0.0,0.0,0.99882406,0.0,0.0,1.9127092,0.0,1.387946,0.0,0.0,0.0,0.0,0.0,0.0,0.0,0.0,0.0,1.1619133,0.0,0.0,0.0,0.0,1.3774132,0.7111325,1.4450977,0.0,0.0,0.0,0.0,2.0249221,0.0,0.0,0.0,0.0,0.0,0.0,0.0,0.0,0.0,0.0,0.5559565875571378,0.47252319152836836,0.5652173913043478,0.4782608695652174
Cc1ccc2oc(=O)c(/C=N/c3ccc(S(=O)(=O)Nc4nc(C)cc(C)n4)cc3)c(Cl)c2c1,CHEMBL2408089,Cc1ccc2oc(=O)c(/C=N/c3ccc(S(=O)(=O)Nc4nc(C)cc(C)n4)cc3)c(Cl)c2c1,6.85,medium,Medium,0.8089398,0.0,0.0,0.0,0.0,0.0,0.0,0.0,0.0,0.0,0.0,0.0,0.0,0.0,0.0,0.0,0.0,0.0,0.0,0.16415703,0.0,0.0,1.8557415,0.0,0.0,1.8605458,0.0,0.0,0.0,0.0,0.0,0.0,0.3994349,0.0,0.0,1.2915944,0.0,0.0,0.0,0.0,0.0,1.0374595,0.0,0.0,1.7828306,0.89524794,0.0,0.0,1.377157,0.0,1.4643774,0.0,0.0,0.0,0.0,0.0,0.0,1.5997399,0.0,0.0,0.0,0.0,0.0,0.0,1.0855911,0.0,1.9799504,0.0,0.0,0.0,0.0,0.0,0.0,0.0,0.0,0.0,0.0,0.0,0.0,0.0,0.0,0.0,0.0,0.0,0.0,0.0,0.0,1.2863852,0.0,0.0,1.1523341,0.0,0.0,2.0157943,0.0,1.4907345,0.0,0.0,0.0,0.0,0.0,0.0,0.0,0.0,0.0,1.2903905,0.0,0.0,0.0,0.0,1.4581722,0.7876481,1.593452,0.0,0.0,0.0,0.0,2.124237,0.0,0.0,0.0,0.0,0.0,0.0,0.0,0.0,0.0,0.0,0.5843496833247276,0.4490395449647751,0.6086956521739131,0.43478260869565216
Cc1ccc2oc(=O)c(/C=N/c3ccc(S(=O)(=O)Nc4nccc(C)n4)cc3)c(Cl)c2c1,CHEMBL2408073,Cc1ccc2oc(=O)c(/C=N/c3ccc(S(=O)(=O)Nc4nccc(C)n4)cc3)c(Cl)c2c1,7.21,active,Active,0.6949066,0.0,0.0,0.0,0.0,0.0,0.0,0.0,0.0,0.0,0.0,0.0,0.0,0.0,0.0,0.0,0.0,0.0,0.0,0.0,0.0,0.0,1.749159,0.0,0.0,1.7501699,0.0,0.0,0.0,0.0,0.0,0.0,0.33600366,0.15163018,0.0,1.1790231,0.0,0.0,0.0,0.0,0.0,0.8937104,0.0,0.0,1.6187388,0.7908972,0.0,0.0,1.2882478,0.0,1.3111335,0.0,0.0,0.0,0.0,0.0,0.0,1.4910902,0.0,0.0,0.0,0.0,0.0,0.026409686,0.92153925,0.0,1.8210602,0.0,0.0,0.0,0.0,0.0,0.0,0.0,0.0,0.0,0.0,0.0,0.0,0.0,0.0,0.0,0.0,0.0,0.0,0.0,0.0,1.1694472,0.0,0.0,0.96659774,0.0,0.0,1.8279494,0.0,1.3125894,0.0,0.0,0.0,0.0,0.0,0.0,0.0,0.0,0.0,1.1734049,0.0,0.0,0.0,0.0,1.3487779,0.7354748,1.3886882,0.0,0.0,0.05798451,0.0,1.9861586,0.0,0.0,0.0,0.0,0.0,0.0,0.0,0.0,0.0,0.0,0.5476228186529519,0.4696289882481993,0.5434782608695652,0.45652173913043476
Cc1ccc2oc(=O)c(/C=N/c3ccc(S(=O)(=O)Nc4nccs4)cc3)c(Cl)c2c1,CHEMBL2408087,Cc1ccc2oc(=O)c(/C=N/c3ccc(S(=O)(=O)Nc4nccs4)cc3)c(Cl)c2c1,6.92,medium,Medium,0.8489181,0.0,0.0,0.0,0.0,0.0,0.0,0.0,0.0,0.0,0.0,0.0,0.0,0.0,0.0,0.0,0.0,0.0,0.0,0.0,0.0,0.0,1.9724773,0.0,0.0,1.8888526,0.0,0.0,0.0,0.0,0.0,0.0,0.49693808,0.08136159,0.0,1.3894588,0.0,0.0,0.0,0.0,0.0,1.1512874,0.0,0.0,1.8175057,0.9480293,0.0,0.0,1.5206813,0.0,1.6130027,0.0,0.0,0.0,0.030624159,0.0,0.0,1.6661019,0.0,0.0,0.0,0.0,0.0,0.0,1.1791768,0.0,2.0870018,0.0,0.0,0.0,0.0,0.0,0.0,0.0,0.0,0.0,0.0,0.0,0.0,0.0,0.0,0.0,0.0,0.0,0.0,0.0,0.0,1.4035908,0.0,0.0,1.1539013,0.0,0.0,2.1802967,0.0,1.597642,0.0,0.0,0.0,0.0,0.0,0.0,0.0,0.0,0.0,1.2538184,0.0,0.0,0.0,0.0,1.5496851,0.7882193,1.6409621,0.0,0.0,0.0,0.0,2.2503614,0.0,0.0,0.0,0.0,0.0,0.0,0.0,0.0,0.0,0.0,0.6773598630029875,0.5130099177863039,0.6739130434782609,0.4782608695652174
Cc1ccc2oc(=O)c(/C=N/c3ccc(S(N)(=O)=O)cc3)c(Cl)c2c1,CHEMBL2408086,Cc1ccc2oc(=O)c(/C=N/c3ccc(S(N)(=O)=O)cc3)c(Cl)c2c1,7.06,active,Active,0.6782744,0.0,0.0,0.0,0.0,0.0,0.0,0.0,0.0,0.0,0.0,0.0,0.0,0.0,0.0,0.0,0.0,0.0,0.0,0.0,0.0,0.0,1.6612731,0.0,0.0,1.5471898,0.0,0.0,0.0,0.0,0.0,0.0,0.35638687,0.12826143,0.0,1.103549,0.0,0.0,0.0,0.0,0.0,0.90430754,0.0,0.0,1.7134387,0.95567757,0.0,0.0,1.2287511,0.0,1.238227,0.0,0.0,0.0,0.0,0.0,0.0,1.4215546,0.0,0.0,0.0,0.0,0.0,0.0030076355,0.960599,0.0,1.7143455,0.0,0.0,0.0,0.0,0.0,0.0,0.0,0.0,0.0,0.0,0.0,0.0,0.0,0.0,0.0,0.0,0.0,0.0,0.0,0.0,1.1757597,0.0,0.0,0.8803521,0.0,0.0,1.7344242,0.0,1.1893141,0.0,0.0,0.0,0.0,0.0,0.0,0.0,0.0,0.0,1.1061608,0.0,0.0,0.0,0.0,1.3536966,0.7332289,1.2760434,0.0,0.0,0.0,0.0,1.7623991,0.0,0.0,0.0,0.0,0.0,0.0,0.0,0.0,0.0,0.0,0.5368131147448599,0.4962231474182855,0.5434782608695652,0.5
Cc1ccc2scc(CNS(N)(=O)=O)c2c1,CHEMBL1086777,Cc1ccc2scc(CNS(N)(=O)=O)c2c1,4.35,inactive,Inactive,0.0,0.0,0.0,0.0,1.4624348,0.0,0.0,0.0,0.0,0.0,0.0,0.0,0.0,0.0,0.0,0.0,0.0,0.0,0.0,0.0,0.0,0.0,0.38109058,0.0,0.0,0.0,0.0,0.0,0.0,0.0,1.9568726,0.0,0.0,2.1111908,0.0,0.0,1.2904174,0.41214693,0.0,0.0,0.0,0.0,1.0431722,0.0,1.0688502,0.67341906,0.0,0.0,0.0,0.0,0.0,0.0,0.21139623,0.0,0.0,0.0,0.0,0.15269575,0.0,0.0,0.0,0.0,0.8767236,0.644189,0.09507097,0.0,0.27837256,0.0,0.0,0.0,0.09188368,0.0,0.0,0.0,0.0,0.0,0.0,0.0,0.0,0.0,0.0,1.9551474,0.0,0.0,0.0,0.0,0.0,0.0,0.0,0.0,0.0,0.0,0.9763826,0.2647249,0.0,0.0,0.0,0.0,0.0,0.0,0.0,0.0,0.0,0.0,0.0,0.0,0.0,1.6711708,0.0,1.0059059,0.38762525,0.0,0.0,0.0,0.0,1.4030576,0.0,0.21608259,0.0,0.0,0.0,0.8986934,0.0,0.0,1.6215706,0.0,0.0,0.0,0.2537884590865128,0.9880236477891245,0.2608695652173913,0.9782608695652174
Cc1ccnc(NS(=O)(=O)c2ccc(/N=C/c3c(Cl)c4cc(C(C)(C)C)cc(C(C)(C)C)c4oc3=O)cc2)n1,CHEMBL2408085,Cc1ccnc(NS(=O)(=O)c2ccc(/N=C/c3c(Cl)c4cc(C(C)(C)C)cc(C(C)(C)C)c4oc3=O)cc2)n1,7.2,active,Active,0.94626284,0.0,0.0,0.0,0.0,0.0,0.6109597,0.0,0.0,0.0,0.0,0.0,0.0,0.0,0.0,0.0,0.0,0.0,0.0,0.86021113,0.0,0.0,1.9389421,0.0,0.0,2.0654936,0.0,0.0,0.0,0.0,0.0,0.0,0.454672,0.0,0.0,1.3088198,0.0,0.0,0.0,0.0,0.47809863,1.1930939,0.0,0.0,1.887668,0.9215782,0.0,0.0,1.5041353,0.0,1.6144199,0.0,0.0,0.0,0.0,0.0,0.0,1.7190206,0.0,0.0,0.0,0.0,0.0,0.0,1.1904864,0.0,2.188818,0.0,0.0,0.0,0.0,0.0,0.0,0.0,0.0,0.0,0.0,0.0,0.0,0.0,0.0,0.0,0.0,0.0,0.0,0.0,0.0,1.520463,0.0,0.0,1.4194076,0.0,0.0,2.124765,0.0,1.6376339,0.0,0.0,0.0,0.0,0.0,0.0,0.0,0.0,0.0,1.4739739,0.0,0.0,0.0,0.0,1.6117581,0.89427686,1.8055162,0.0,0.0,0.0,0.0,2.247912,0.0,0.0,0.0,0.0,0.0,0.0,0.0,0.0,0.0,0.0,0.5952364374859554,0.3652933162679464,0.6086956521739131,0.34782608695652173
Cc1ccnc(NS(=O)(=O)c2ccc(/N=C/c3c(Cl)c4ccccc4oc3=O)cc2)n1,CHEMBL2408079,Cc1ccnc(NS(=O)(=O)c2ccc(/N=C/c3c(Cl)c4ccccc4oc3=O)cc2)n1,7.29,active,Active,0.7391417,0.0,0.0,0.0,0.0,0.0,0.0,0.0,0.0,0.0,0.0,0.0,0.0,0.0,0.0,0.0,0.0,0.0,0.0,0.24496019,0.0,0.0,1.8635868,0.0,0.0,1.8934891,0.0,0.0,0.0,0.0,0.0,0.0,0.38699418,0.06582382,0.0,1.2880235,0.0,0.0,0.0,0.0,0.0,0.9882254,0.0,0.0,1.6278535,0.7809736,0.0,0.0,1.4154693,0.0,1.4722353,0.0,0.0,0.0,0.0,0.0,0.0,1.6065884,0.0,0.0,0.0,0.0,0.0,0.15518452,0.9698855,0.0,1.9572616,0.0,0.0,0.0,0.0,0.0,0.0,0.0,0.0,0.0,0.0,0.0,0.0,0.0,0.0,0.0,0.0,0.0,0.0,0.0,0.0,1.3351895,0.0,0.0,1.0747169,0.0,0.0,1.9682128,0.0,1.4060028,0.0,0.0,0.0,0.0,0.0,0.0,0.0,0.0,0.0,1.2769742,0.0,0.0,0.0,0.0,1.3957294,0.82395095,1.4789363,0.0,0.0,0.0,0.0,2.0660608,0.0,0.0,0.0,0.0,0.0,0.0,0.0,0.0,0.0,0.0,0.574839746321657,0.44574410431329897,0.5869565217391304,0.43478260869565216
Cc1ncc([N+](=O)[O-])n1CCNC(=S)NCCc1ccc(NS(N)(=O)=O)cc1,CHEMBL4868770,Cc1ncc([N+](=O)[O-])n1CCNC(=S)NCCc1ccc(NS(N)(=O)=O)cc1,7.23,active,Active,0.10946387,0.0,0.0,0.0,0.0,0.0,0.0,0.0,0.0,0.0,0.0,0.0,0.0,0.0,0.0,0.0,0.0,0.0,0.0,0.0,0.0,0.0,0.613383,0.0,0.0,0.376788,0.0,0.0,0.0,0.0,0.0,0.0,0.0,0.0,0.0,0.25929844,0.0,0.0,0.0,0.0,0.0,0.111214034,0.0,0.0,1.2817929,0.64350235,0.0,0.0,0.16689852,0.0,0.034543913,0.0,0.0,0.0,0.0,0.0,0.0,0.5523587,0.0,0.0,0.0,0.0,0.0,0.27554503,0.42467207,0.0,0.5341824,0.0,0.0,0.0,0.0,0.0,0.0,0.0,0.0,0.0,0.0,0.0,0.0,0.0,0.0,0.005113229,0.0,0.0,0.0,0.0,0.0,0.054480165,0.0,0.0,0.16315663,0.0,0.0,0.5377853,0.0,0.2605226,0.0,0.0,0.0,0.0,0.0,0.0,0.0,0.0,0.0,0.3955949,0.0,0.0,0.0,0.0,0.54867035,0.14352939,0.4885896,0.0,0.0,0.0,0.0,0.52730244,0.0,0.0,0.0,0.0,0.0,0.0,0.0,0.0,0.0,0.0,0.2946028861793486,0.6641453068513837,0.30434782608695654,0.6739130434782609
Cc1ncc([N+](=O)[O-])n1CCNC(=S)NCCc1ccc(OS(N)(=O)=O)cc1,CHEMBL4864240,Cc1ncc([N+](=O)[O-])n1CCNC(=S)NCCc1ccc(OS(N)(=O)=O)cc1,7.23,active,Active,0.18907043,0.0,0.0,0.0,0.0,0.0,0.0,0.0,0.0,0.0,0.0,0.0,0.0,0.0,0.0,0.0,0.0,0.0,0.0,0.0,0.0,0.0,0.6756807,0.0,0.0,0.39343134,0.0,0.0,0.0,0.0,0.0,0.0,0.0,0.0,0.0,0.28656095,0.0,0.0,0.0,0.0,0.0,0.19966838,0.0,0.0,1.39665,0.7786735,0.0,0.0,0.23921657,0.0,0.103059426,0.0,0.0,0.0,0.0,0.0,0.0,0.6204725,0.0,0.0,0.0,0.0,0.0,0.1723643,0.5328316,0.0,0.62435657,0.0,0.0,0.0,0.08185283,0.0,0.0,0.0,0.0,0.0,0.0,0.0,0.0,0.0,0.0,0.004462853,0.0,0.0,0.0,0.0,0.0,0.17175889,0.0,0.0,0.208974,0.0,0.0,0.6349806,0.0,0.29442972,0.0,0.0,0.0,0.0,0.0,0.0,0.0,0.0,0.0,0.45256624,0.0,0.0,0.0,0.0,0.63958,0.22590119,0.5536879,0.0,0.0,0.0,0.0,0.56380993,0.0,0.0,0.0,0.0,0.0,0.0,0.0,0.0,0.0,0.0,0.3052599228704988,0.6603165320937333,0.32608695652173914,0.6956521739130435
Cc1ncc([N+](=O)[O-])n1CCOc1ccc(/C=N\c2ccc(S(=O)(=O)NC(=N)N)cc2)cc1,CHEMBL4870827,Cc1ncc([N+](=O)[O-])n1CCOc1ccc(/C=N\c2ccc(S(=O)(=O)NC(=N)N)cc2)cc1,7.16,active,Active,0.56505203,0.0,0.0,0.0,0.0,0.0,0.0,0.0,0.0,0.0,0.0,0.0,0.0,0.0,0.0,0.0,0.0,0.0,0.0,0.053488538,0.0,0.0,1.3757858,0.0,0.0,1.466837,0.0,0.0,0.0,0.0,0.0,0.0,0.13326183,0.0,0.0,0.9324557,0.0,0.0,0.0,0.0,0.21871606,0.59032017,0.0,0.0,1.3513362,0.6797982,0.0,0.0,0.94122916,0.0,0.8884146,0.0,0.0,0.0,0.0,0.0,0.0,1.2258348,0.0,0.0,0.0,0.0,0.0,0.13717006,0.6989334,0.0,1.4055579,0.0,0.0,0.0,0.0,0.0,0.0,0.0,0.0,0.0,0.0,0.0,0.0,0.0,0.0,0.0,0.0,0.0,0.0,0.0,0.0,0.8503595,0.0,0.0,0.81882775,0.0,0.0,1.2771789,0.0,0.8982511,0.0,0.0,0.0,0.0,0.0,0.0,0.0,0.0,0.0,1.129128,0.0,0.0,0.0,0.0,1.0542699,0.79173255,1.126306,0.0,0.0,0.0,0.0,1.5034708,0.0,0.0,0.0,0.0,0.0,0.0,0.0,0.0,0.0,0.0,0.4170817692113162,0.5477254787290614,0.41304347826086957,0.5
Cc1ncc([N+](=O)[O-])n1CCOc1ccc(/C=N\c2ccc(S(=O)(=O)Nc3nccs3)cc2)cc1,CHEMBL4876707,Cc1ncc([N+](=O)[O-])n1CCOc1ccc(/C=N\c2ccc(S(=O)(=O)Nc3nccs3)cc2)cc1,7.8,active,Active,0.7673224,0.0,0.0,0.0,0.0,0.0,0.17571975,0.0,0.0,0.0,0.0,0.0,0.0,0.0,0.0,0.0,0.0,0.0,0.0,0.42777878,0.0,0.0,1.7800759,0.0,0.13755603,1.8474569,0.0,0.0,0.0,0.0,0.0,0.0,0.34148166,0.0,0.0,1.2584642,0.0,0.0,0.0,0.0,0.2651586,0.9281662,0.0,0.0,1.5315433,0.7678685,0.0,0.0,1.3353326,0.0,1.3782471,0.0,0.0,0.0,0.0,0.0,0.0,1.5393847,0.0,0.0,0.0,0.0,0.0,0.0,0.968335,0.0,1.8809361,0.0,0.0,0.0,0.0,0.0,0.0,0.0,0.0,0.0,0.0,0.0,0.0,0.0,0.0,0.0,0.0,0.0,0.0,0.0,0.0,1.2264336,0.0,0.0,1.1005139,0.0,0.0,1.8248568,0.0,1.35309,0.0,0.0,0.0,0.0,0.0,0.0,0.0,0.0,0.25170502,1.3028324,0.0,0.0,0.0,0.0,1.3399055,0.8832804,1.4954721,0.0,0.0,0.0,0.0,2.033458,0.0,0.0,0.0,0.0,0.0,0.0,0.0,0.0,0.0,0.0,0.5601643287900123,0.4223789497761329,0.5434782608695652,0.41304347826086957
Cc1ncc([N+](=O)[O-])n1CCOc1cccc(/C=N\c2ccc(S(=O)(=O)Nc3nccs3)cc2)c1,CHEMBL4859439,Cc1ncc([N+](=O)[O-])n1CCOc1cccc(/C=N\c2ccc(S(=O)(=O)Nc3nccs3)cc2)c1,7.05,active,Active,0.76881397,0.0,0.0,0.0,0.0,0.0,0.17728834,0.0,0.0,0.0,0.0,0.0,0.0,0.0,0.0,0.0,0.0,0.0,0.0,0.42644933,0.0,0.0,1.7823911,0.0,0.1404501,1.8512627,0.0,0.0,0.0,0.0,0.0,0.0,0.34387565,0.0,0.0,1.2605534,0.0,0.0,0.0,0.0,0.2624824,0.9319486,0.0,0.0,1.5334283,0.76821357,0.0,0.0,1.337218,0.0,1.3837097,0.0,0.0,0.0,0.0,0.0,0.0,1.5422103,0.0,0.0,0.0,0.0,0.0,0.0,0.97441846,0.0,1.8895743,0.0,0.0,0.0,0.0,0.0,0.0,0.0,0.0,0.0,0.0,0.0,0.0,0.0,0.0,0.0,0.0,0.0,0.0,0.0,0.0,1.231936,0.0,0.0,1.1000868,0.0,0.0,1.8376226,0.0,1.3600303,0.0,0.0,0.0,0.0,0.0,0.0,0.0,0.0,0.2541043,1.3015722,0.0,0.0,0.0,0.0,1.3433107,0.88499546,1.5012708,0.0,0.0,0.0,0.0,2.0412102,0.0,0.0,0.0,0.0,0.0,0.0,0.0,0.0,0.0,0.0,0.5607558504444584,0.42080863045784284,0.5434782608695652,0.3913043478260869
Cc1ncc([N+](=O)[O-])n1CCS(N)(=O)=O,CHEMBL4874430,Cc1ncc([N+](=O)[O-])n1CCS(N)(=O)=O,7.23,active,Active,0.5536467,0.0,0.0,0.0,0.0,0.0,0.0,0.0,0.0,0.0,0.0,0.0,0.0,0.0,0.0,0.0,0.0,0.0,0.0,0.0,0.0,0.0,1.2476233,0.0,0.0,0.93190235,0.0,0.0,0.0,0.0,0.0,0.0,0.2636164,0.0,0.0,0.7346029,0.0,0.0,0.0,0.0,0.0,0.77804655,0.0,0.0,1.639758,1.1014826,0.0,0.0,0.8323508,0.0,0.8849477,0.0,0.0,0.0,0.0,0.0,0.0,1.0894458,0.0,0.0,0.0,0.0,0.0,0.0,1.0720626,0.0,1.4444965,0.0,0.0,0.0,0.39332923,0.0,0.0,0.0,0.0,0.0,0.0,0.0,0.0,0.0,0.0,0.0,0.0,0.0,0.0,0.0,0.0,0.92807955,0.0,0.0,0.6715978,0.0,0.0,1.36235,0.0,0.9159817,0.0,0.0,0.0,0.0,0.0,0.0,0.0,0.0,0.0,0.8447103,0.0,0.0,0.0,0.0,1.1202388,0.68319845,1.1223996,0.0,0.0,0.0,0.0,1.2193449,0.0,0.0,0.0,0.0,0.0,0.0,0.0,0.0,0.0,0.0,0.4513534372175687,0.6193361967398855,0.45652173913043476,0.6304347826086957
Cc1oc2ccccc2c1CNS(N)(=O)=O,CHEMBL1077134,Cc1oc2ccccc2c1CNS(N)(=O)=O,4.6,inactive,Inactive,0.0,0.0,0.0,0.0,0.6738707,0.0,0.0,0.0,0.0,0.0,0.0,0.0,0.0,0.0,0.0,0.0,0.0,0.0,0.0,0.0,0.0,0.0,0.72719973,0.0,0.0,0.26020822,0.0,0.0,0.0,0.0,1.3333871,0.0,0.02985875,1.2228601,0.0,0.15393156,0.754078,0.26499417,0.0,0.0,0.0,0.14346606,0.53372145,0.0,1.3501304,0.809157,0.0,0.0,0.29925942,0.0,0.13426338,0.0,0.15098354,0.0,0.0,0.0,0.0,0.5518915,0.0,0.0,0.0,0.0,0.2107935,0.7429391,0.36201966,0.0,0.66453546,0.0,0.0,0.0,0.04492455,0.0,0.0,0.0,0.0,0.0,0.0,0.0,0.0,0.0,0.0,1.1203508,0.0,0.0,0.0,0.0,0.0,0.28897578,0.0,0.0,0.0,0.0,0.59479916,0.7166935,0.0,0.1580163,0.0,0.0,0.0,0.0,0.0,0.0,0.0,0.0,0.0,0.20261776,0.0,0.93689126,0.0,0.3699378,0.6079072,0.10135164,0.15900385,0.0,0.0,0.44254753,0.0,0.4466391,0.0,0.0,0.0,0.5288776,0.0,0.0,0.93172985,0.0,0.0,0.0,0.25714401592569136,0.8840159655776141,0.2826086956521739,0.8913043478260869
Cc1onc(-c2ccccc2)c1-c1ccc(S(N)(=O)=O)cc1,CHEMBL865,Cc1onc(-c2ccccc2)c1-c1ccc(S(N)(=O)=O)cc1,7.37,active,Active,0.3681751,0.0,0.0,0.0,0.48075277,0.0,0.0,0.0,0.0,0.0,0.0,0.0,0.0,0.0,0.0,0.0,0.0,0.0,0.0,0.0,0.0,0.0,1.4973778,0.0,0.02884975,1.4495455,0.0,0.0,0.0,0.0,0.94809353,0.0,0.21609107,0.76597536,0.0,0.958559,0.5760619,0.110904545,0.0,0.0,0.0,0.6119163,0.5899121,0.0,1.2739762,0.5642048,0.0,0.0,1.0554234,0.0,1.0406535,0.0,0.5804462,0.0,0.0,0.0,0.0,1.2773565,0.0,0.0,0.0,0.0,0.2294542,0.89507663,0.55775845,0.0,1.4832432,0.0,0.0,0.0,0.0,0.0,0.0,0.0,0.0,0.0,0.0,0.0,0.0,0.0,0.0,0.14635591,0.0,0.0,0.0,0.0,0.0,1.0115716,0.0,0.0,0.5836266,0.0,0.3103071,1.4378748,0.0,0.8820494,0.0,0.0,0.0,0.0,0.0,0.0,0.0,0.0,0.0,0.9468931,0.0,0.5433938,0.0,0.3063222,0.98827916,0.63038427,0.89890414,0.0,0.0,0.5250033,0.0,1.4284804,0.0,0.0,0.0,0.50539356,0.0,0.0,0.5193263,0.0,0.0,0.0,0.3234596799927867,0.8536191704112766,0.34782608695652173,0.8913043478260869
Cc1sc(C(=O)c2cncnc2N[C@@H]2C[C@H](COS(N)(=O)=O)[C@@H](O)C2)cc1C1OCCc2ccc(Cl)cc21,CHEMBL4856793,Cc1sc(C(=O)c2cncnc2N[C@@H]2C[C@H](COS(N)(=O)=O)[C@@H](O)C2)cc1C1OCCc2ccc(Cl)cc21,8.0,active,Active,0.8520504,0.0,0.0,0.0,0.0,0.0,0.0,0.0,0.0,0.0,0.0,0.0,0.0,0.0,0.0,0.0,0.0,0.0,0.0,0.0,0.0,0.0,1.3505495,0.0,0.0,1.3975468,0.0,0.0,0.0,0.0,0.0,0.0,0.33297947,0.0,0.0,0.7333343,0.0,0.0,0.0,0.0,0.0,0.7797068,0.0,0.0,1.6823349,1.1107635,0.0,0.0,1.0187624,0.0,0.7410214,0.0,0.0,0.0,0.0,0.0,0.0,1.2396709,0.0,0.0,0.0,0.0,0.0,0.23196213,0.79863065,0.0,1.6466148,0.0,0.0,0.0,0.0,0.0,0.0,0.0,0.0,0.0,0.0,0.0,0.0,0.0,0.0,0.0,0.0,0.0,0.0,0.0,0.0,1.0600908,0.0,0.0,0.8459017,0.0,0.0,1.3038266,0.0,0.858076,0.0,0.0,0.0,0.0,0.0,0.0,0.0,0.0,0.0,0.9491939,0.0,0.0,0.0,0.0,1.5028616,0.9222393,1.3285311,0.0,0.0,0.0,0.0,1.6484842,0.0,0.0,0.0,0.0,0.0,0.0,0.0,0.0,0.0,0.0,0.5058046778196286,0.5478838988211003,0.5,0.5434782608695652
Cc1sc(C(=O)c2cncnc2N[C@@H]2C[C@H](COS(N)(=O)=O)[C@@H](O)C2)cc1[C@@H]1NCCc2ccc(Cl)cc21,CHEMBL4862901,Cc1sc(C(=O)c2cncnc2N[C@@H]2C[C@H](COS(N)(=O)=O)[C@@H](O)C2)cc1[C@@H]1NCCc2ccc(Cl)cc21,7.7,active,Active,0.8571856,0.0,0.0,0.0,0.0,0.0,0.0,0.0,0.0,0.0,0.0,0.0,0.0,0.0,0.0,0.0,0.0,0.0,0.0,0.0,0.0,0.0,1.3527511,0.0,0.0,1.3842317,0.0,0.0,0.0,0.0,0.0,0.0,0.32268816,0.0,0.0,0.6916191,0.0,0.0,0.0,0.0,0.0,0.79931086,0.0,0.0,1.7525162,1.141343,0.0,0.0,1.0268629,0.0,0.7061744,0.0,0.0,0.0,0.0,0.0,0.0,1.2582933,0.0,0.0,0.0,0.0,0.0,0.32925478,0.79832083,0.0,1.6651324,0.0,0.0,0.0,0.0,0.0,0.0,0.0,0.0,0.0,0.0,0.0,0.0,0.0,0.0,0.0,0.0,0.0,0.0,0.0,0.0,1.0805998,0.0,0.0,0.8897882,0.0,0.0,1.2539095,0.0,0.8341051,0.0,0.0,0.0,0.0,0.0,0.0,0.0,0.0,0.0,0.94633895,0.0,0.0,0.0,0.0,1.5709686,0.9318187,1.3527321,0.0,0.0,0.0,0.0,1.6155224,0.0,0.0,0.0,0.0,0.0,0.0,0.0,0.0,0.0,0.0,0.5137113806562867,0.5505799939181231,0.5,0.5652173913043478
Cl.NC1CCS(=O)(=O)c2sc(S(N)(=O)=O)cc21,CHEMBL554091,Cl.NC1CCS(=O)(=O)c2sc(S(N)(=O)=O)cc21,8.265,active,Active,0.90714955,0.0,0.0,0.0,0.0,0.0,0.0,0.0,0.0,0.0,0.0,0.0,0.0,0.0,0.0,0.0,0.0,0.0,0.0,0.0,0.0,0.0,1.7140017,0.0,0.0,0.83443826,0.0,0.0,0.0,0.0,0.0,0.0,0.71770114,0.0,0.0,1.2592425,0.0,0.0,0.0,0.0,0.0,1.5056282,0.0,0.0,2.5570276,2.046656,0.0,0.0,1.3591317,0.0,1.447064,0.0,0.0,0.0,0.17095801,0.0,0.0,1.4951367,0.0,0.0,0.0,0.0,0.0,0.0,1.8492095,0.0,1.9825085,0.0,0.0,0.0,1.9859235,0.0,0.0,0.0,0.76347125,0.0,0.0,0.0,0.0,0.0,0.0,0.0,0.0,0.0,0.0,0.0,0.0,1.5895007,0.0,0.0,0.9684045,0.0,0.0,2.0397284,0.0,1.2560391,0.0,0.0,0.0,0.0,0.0,0.0,0.0,0.0,0.0,0.86278445,0.0,0.0,0.0,0.0,1.8480886,0.9223336,1.6004422,0.0,0.0,0.0,0.0,1.3640599,0.0,0.05245822,0.0,0.0,0.0,0.0,0.0,0.0,0.0,0.0,0.7729420192970802,0.8399683130280599,0.7826086956521738,0.8260869565217391
Cl.NS(=O)(=O)c1cc(C(=O)c2ccc(CN3CCOCC3)cc2)cs1,CHEMBL545756,Cl.NS(=O)(=O)c1cc(C(=O)c2ccc(CN3CCOCC3)cc2)cs1,8.43,active,Active,0.9903178,0.0,0.0,0.0,0.0,0.0,0.0,0.0,0.0,0.0,0.0,0.0,0.0,0.0,0.0,0.0,0.0,0.0,0.0,0.0,0.0,0.0,1.5727369,0.0,0.0,1.5885714,0.0,0.0,0.0,0.0,0.0,0.0,0.39789936,0.0,0.0,1.2160293,0.0,0.0,0.0,0.0,0.0,0.94868475,0.0,0.0,1.7660881,1.1879735,0.0,0.0,1.1463296,0.0,0.9540483,0.0,0.0,0.0,0.0,0.0,0.0,1.4465363,0.0,0.0,0.0,0.0,0.0,0.19324216,0.9217422,0.0,1.6934327,0.0,0.0,0.0,0.0,0.0,0.0,0.0,0.0,0.0,0.0,0.0,0.0,0.0,0.0,0.0,0.0,0.0,0.0,0.0,0.0,1.1486858,0.0,0.0,0.9197165,0.0,0.0,1.5262645,0.0,0.9603129,0.0,0.0,0.0,0.0,0.0,0.0,0.0,0.0,0.0,1.0986413,0.0,0.0,0.0,0.0,1.5363084,1.0759783,1.4785516,0.0,0.0,0.0,0.0,1.7790303,0.0,0.01261127,0.0,0.0,0.0,0.0,0.0,0.0,0.0,0.0,0.5374459017478953,0.547024310146446,0.5434782608695652,0.5217391304347826
Cl.NS(=O)(=O)c1cc(C(=O)c2ccc(CNCc3ccccc3)cc2)cs1,CHEMBL540835,Cl.NS(=O)(=O)c1cc(C(=O)c2ccc(CNCc3ccccc3)cc2)cs1,8.62,active,Active,0.82005274,0.0,0.0,0.0,0.0,0.0,0.0,0.0,0.0,0.0,0.0,0.0,0.0,0.0,0.0,0.0,0.0,0.0,0.0,0.0,0.0,0.0,1.4544592,0.0,0.0,1.5103004,0.0,0.0,0.0,0.0,0.1986306,0.0,0.29106548,0.0,0.0,1.1427535,0.0,0.0,0.0,0.0,0.0,0.7365749,0.02215456,0.0,1.6759354,1.1032853,0.0,0.0,1.039498,0.0,0.9023252,0.0,0.0,0.0,0.0,0.0,0.0,1.3427217,0.0,0.0,0.0,0.0,0.0,0.14170392,0.79247624,0.0,1.4078622,0.0,0.0,0.0,0.0,0.0,0.0,0.0,0.0,0.0,0.0,0.0,0.0,0.0,0.0,0.046489686,0.0,0.0,0.0,0.0,0.0,0.9707894,0.0,0.0,0.7227618,0.0,0.0,1.3646762,0.0,0.88573843,0.0,0.0,0.0,0.0,0.0,0.0,0.0,0.0,0.0,1.1535667,0.0,0.0,0.0,0.0,1.2850544,0.9280019,1.2109864,0.0,0.0,0.0,0.0,1.6124264,0.0,0.0,0.0,0.0,0.0,0.0,0.0,0.0,0.0,0.0,0.48618890062151615,0.5133938031549873,0.45652173913043476,0.5217391304347826
Cl.NS(=O)(=O)c1cc(C(=O)c2cccc(CN3CCOCC3)c2)cs1,CHEMBL555355,Cl.NS(=O)(=O)c1cc(C(=O)c2cccc(CN3CCOCC3)c2)cs1,8.3,active,Active,0.9886645,0.0,0.0,0.0,0.0,0.0,0.0,0.0,0.0,0.0,0.0,0.0,0.0,0.0,0.0,0.0,0.0,0.0,0.0,0.0,0.0,0.0,1.5702287,0.0,0.0,1.5866674,0.0,0.0,0.0,0.0,0.0,0.0,0.39793822,0.0,0.0,1.2167739,0.0,0.0,0.0,0.0,0.0,0.9486658,0.0,0.0,1.7676569,1.1875616,0.0,0.0,1.1439227,0.0,0.9558338,0.0,0.0,0.0,0.0,0.0,0.0,1.4462845,0.0,0.0,0.0,0.0,0.0,0.19115257,0.9242305,0.0,1.6947575,0.0,0.0,0.0,0.0,0.0,0.0,0.0,0.0,0.0,0.0,0.0,0.0,0.0,0.0,0.0,0.0,0.0,0.0,0.0,0.0,1.1501539,0.0,0.0,0.9168666,0.0,0.0,1.5321782,0.0,0.961941,0.0,0.0,0.0,0.0,0.0,0.0,0.0,0.0,0.0,1.0964931,0.0,0.0,0.0,0.0,1.5358919,1.0755396,1.4803454,0.0,0.0,0.0,0.0,1.7788893,0.0,0.011611514,0.0,0.0,0.0,0.0,0.0,0.0,0.0,0.0,0.5410382130652941,0.552139200570903,0.5434782608695652,0.5434782608695652
Cl.NS(=O)(=O)c1cc(S(=O)(=O)c2ccc(CN3CCOCC3)cc2)cs1,CHEMBL555153,Cl.NS(=O)(=O)c1cc(S(=O)(=O)c2ccc(CN3CCOCC3)cc2)cs1,8.12,active,Active,0.94449735,0.0,0.0,0.0,0.0,0.0,0.0,0.0,0.0,0.0,0.0,0.0,0.0,0.0,0.0,0.0,0.0,0.0,0.0,0.0,0.0,0.0,1.6011726,0.0,0.0,1.241659,0.0,0.0,0.0,0.0,0.0,0.0,0.5216451,0.0,0.0,1.2005317,0.0,0.0,0.0,0.0,0.0,1.1051464,0.0,0.0,1.9830246,1.5326822,0.0,0.0,1.1785766,0.0,1.0395882,0.0,0.0,0.0,0.11732865,0.0,0.0,1.4315928,0.0,0.0,0.0,0.0,0.0,0.0064692125,1.1859809,0.0,1.7548851,0.0,0.0,0.0,0.6041761,0.0,0.0,0.0,0.0,0.0,0.0,0.0,0.0,0.0,0.0,0.0,0.0,0.0,0.0,0.0,0.0,1.2877818,0.0,0.0,0.7674844,0.0,0.0,1.6437882,0.0,0.9371882,0.0,0.0,0.0,0.0,0.0,0.0,0.0,0.0,0.0,0.9259257,0.0,0.0,0.0,0.0,1.6210965,1.040713,1.4080724,0.0,0.0,0.0,0.0,1.5597883,0.0,0.010956034,0.0,0.0,0.0,0.0,0.0,0.0,0.0,0.0,0.5832296439895097,0.6284725799085795,0.6086956521739131,0.6521739130434783
Cl.NS(=O)(=O)c1cc(S(=O)(=O)c2ccc(CNCc3ccccn3)cc2)cs1,CHEMBL544129,Cl.NS(=O)(=O)c1cc(S(=O)(=O)c2ccc(CNCc3ccccn3)cc2)cs1,8.1,active,Active,0.83978844,0.0,0.0,0.0,0.0,0.0,0.0,0.0,0.0,0.0,0.0,0.0,0.0,0.0,0.0,0.0,0.0,0.0,0.0,0.0,0.0,0.0,1.684048,0.0,0.0,1.3809035,0.0,0.0,0.0,0.0,0.14483446,0.0,0.48410782,0.0,0.0,1.2245862,0.0,0.0,0.0,0.0,0.0,1.0221858,0.0,0.0,1.8956829,1.4119065,0.0,0.0,1.2704664,0.0,1.2261922,0.0,0.0,0.0,0.06824268,0.0,0.0,1.4755487,0.0,0.0,0.0,0.0,0.0,0.0,1.1543262,0.0,1.7408178,0.0,0.0,0.0,0.31811354,0.0,0.0,0.0,0.0,0.0,0.0,0.0,0.0,0.0,0.0,0.15374398,0.0,0.0,0.0,0.0,0.0,1.2994375,0.0,0.0,0.75642234,0.0,0.0,1.717266,0.0,1.0742064,0.0,0.0,0.0,0.0,0.0,0.0,0.0,0.0,0.0,1.1006522,0.0,0.0,0.0,0.0,1.4915055,0.9514416,1.3101914,0.0,0.0,0.0,0.0,1.660897,0.0,0.0,0.0,0.0,0.0,0.0,0.0,0.0,0.0,0.0,0.5803963812163063,0.6143877009448433,0.5869565217391304,0.6304347826086957
Cl.NS(=O)(=O)c1cc(S(=O)(=O)c2ccccc2CNCc2ccccn2)cs1,CHEMBL557231,Cl.NS(=O)(=O)c1cc(S(=O)(=O)c2ccccc2CNCc2ccccn2)cs1,7.82,active,Active,0.81933355,0.0,0.0,0.0,0.0,0.0,0.0,0.0,0.0,0.0,0.0,0.0,0.0,0.0,0.0,0.0,0.0,0.0,0.0,0.0,0.0,0.0,1.7139945,0.0,0.0,1.4056544,0.0,0.0,0.0,0.0,0.00997516,0.0,0.49802288,0.0,0.0,1.2496295,0.0,0.0,0.0,0.0,0.0,1.055578,0.0,0.0,1.8770831,1.3901922,0.0,0.0,1.3049213,0.0,1.3144969,0.0,0.0,0.0,0.077632,0.0,0.0,1.4966811,0.0,0.0,0.0,0.0,0.0,0.0,1.2159146,0.0,1.8178078,0.0,0.0,0.0,0.32748353,0.0,0.0,0.0,0.0,0.0,0.0,0.0,0.0,0.0,0.0,0.03589907,0.0,0.0,0.0,0.0,0.0,1.3466705,0.0,0.0,0.8002648,0.0,0.0,1.8166045,0.0,1.1419184,0.0,0.0,0.0,0.0,0.0,0.0,0.0,0.0,0.0,1.1179287,0.0,0.0,0.0,0.0,1.4831806,0.96266127,1.3539065,0.0,0.0,0.0,0.0,1.6845188,0.0,0.0,0.0,0.0,0.0,0.0,0.0,0.0,0.0,0.0,0.5824491667682216,0.6165881194733006,0.5869565217391304,0.6521739130434783
Cl.NS(=O)(=O)c1cc2cc(C(=O)NCCN3CCOCC3)sc2s1,CHEMBL545431,Cl.NS(=O)(=O)c1cc2cc(C(=O)NCCN3CCOCC3)sc2s1,8.54,active,Active,1.4472151,0.0,0.0,0.0,0.0,0.0,0.0,0.0,0.0,0.0,0.0,0.0,0.0,0.0,0.0,0.0,0.0,0.0,0.0,0.32210377,0.0,0.0,2.2680395,0.0,0.0,2.0984597,0.0,0.0,0.0,0.0,0.0,0.0,0.8112285,0.0,0.0,1.8338364,0.0,0.0,0.0,0.0,0.0,1.7943432,0.0,0.0,2.5482001,1.6267571,0.0,0.0,1.8347754,0.0,1.9631853,0.0,0.0,0.0,0.12788525,0.0,0.0,2.0453067,0.0,0.0,0.0,0.0,0.0,0.0,1.8968123,0.0,2.6528604,0.0,0.0,0.0,0.90784264,0.0,0.0,0.0,0.0,0.0,0.0,0.0,0.0,0.0,0.0,0.0,0.0,0.0,0.0,0.0,0.0,1.8757238,0.0,0.0,1.8550553,0.0,0.0,2.7133234,0.0,1.983098,0.0,0.0,0.0,0.0,0.0,0.0,0.0,0.0,0.0,1.551923,0.0,0.0,0.0,0.0,2.2121167,1.2683897,2.4834967,0.0,0.0,0.0,0.0,2.599509,0.0,0.22174215,0.0,0.0,0.0,0.0,0.0,0.0,0.0,0.0,0.9357681250893742,0.7963614013451475,0.8913043478260869,0.8043478260869565
Cl.NS(=O)(=O)c1cc2cc(C(=O)NCCN3CCSCC3)sc2s1,CHEMBL544731,Cl.NS(=O)(=O)c1cc2cc(C(=O)NCCN3CCSCC3)sc2s1,8.54,active,Active,1.4837292,0.0,0.0,0.0,0.0,0.0,0.0,0.0,0.0,0.0,0.0,0.0,0.0,0.0,0.0,0.0,0.0,0.0,0.0,0.3331652,0.0,0.0,2.3281913,0.0,0.0,2.142163,0.0,0.0,0.0,0.0,0.0,0.0,0.846925,0.0,0.0,1.8551537,0.0,0.0,0.0,0.0,0.0,1.8589429,0.0,0.0,2.641502,1.6952684,0.0,0.0,1.9310281,0.0,2.1373036,0.0,0.0,0.0,0.10653261,0.0,0.0,2.1075602,0.0,0.0,0.0,0.0,0.0,0.0,2.0572355,0.0,2.7217567,0.0,0.0,0.0,1.0278734,0.0,0.0,0.0,0.0,0.0,0.0,0.0,0.0,0.0,0.0,0.0,0.0,0.0,0.0,0.0,0.0,1.9911414,0.0,0.0,1.995334,0.0,0.0,2.8333464,0.0,2.1159315,0.0,0.0,0.0,0.0,0.0,0.0,0.0,0.0,0.0,1.7073661,0.0,0.0,0.0,0.0,2.241247,1.2730685,2.5716026,0.0,0.0,0.0,0.0,2.638052,0.0,0.22660217,0.0,0.0,0.0,0.0,0.0,0.0,0.0,0.0,0.9408647408095138,0.8002034300792701,0.9347826086956521,0.7826086956521738
Cl.NS(=O)(=O)c1cc2cc(CN(CCO)CCO)sc2s1,CHEMBL554042,Cl.NS(=O)(=O)c1cc2cc(CN(CCO)CCO)sc2s1,8.64,active,Active,1.8411136,0.0,0.0,0.0,0.0,0.0,0.0,0.0,0.0,0.0,0.0,0.0,0.0,0.0,0.0,0.0,0.0,0.0,0.0,0.26380622,0.0,0.0,2.7169962,0.0,0.0,2.559015,0.0,0.0,0.0,0.0,0.0,0.0,1.0474509,0.0,0.0,2.264442,0.0,0.0,0.0,0.0,0.0,2.1652417,0.0,0.0,2.97159,2.112788,0.0,0.0,2.2619495,0.0,2.559903,0.0,0.0,0.0,0.24358079,0.0,0.0,2.4557662,0.0,0.0,0.0,0.0,0.0,0.0,2.4337807,0.0,3.1481032,0.0,0.0,0.0,1.16836,0.0,0.0,0.0,0.0,0.0,0.0,0.0,0.0,0.0,0.0,0.0,0.0,0.0,0.0,0.0,0.0,2.3198683,0.0,0.0,2.2662635,0.0,0.0,3.3203595,0.0,2.5177965,0.0,0.0,0.0,0.0,0.0,0.0,0.0,0.0,0.0,2.132108,0.0,0.0,0.0,0.0,2.5574086,1.5773113,2.9782119,0.0,0.0,0.0,0.0,3.2061405,0.0,0.29835138,0.0,0.0,0.0,0.0,0.0,0.0,0.0,0.0,0.999040457370528,0.8647960752502083,1.0,0.9347826086956521
Cl.NS(=O)(=O)c1cc2cc(CN3CCOCC3)ccc2s1,CHEMBL553845,Cl.NS(=O)(=O)c1cc2cc(CN3CCOCC3)ccc2s1,7.82,active,Active,1.0759121,0.0,0.0,0.0,0.0,0.0,0.0,0.0,0.0,0.0,0.0,0.0,0.0,0.0,0.0,0.0,0.0,0.0,0.0,0.0,0.0,0.0,1.7186636,0.0,0.0,1.664867,0.0,0.0,0.0,0.0,0.0,0.0,0.5055883,0.012422347,0.0,1.2950907,0.0,0.0,0.0,0.0,0.0,1.0702398,0.0,0.0,1.8806998,1.3219826,0.0,0.0,1.2820787,0.0,1.0654185,0.0,0.0,0.0,0.07803445,0.0,0.0,1.5426601,0.0,0.0,0.0,0.0,0.0,0.22649789,0.9996778,0.0,1.8783804,0.0,0.0,0.0,0.008657306,0.0,0.0,0.0,0.0,0.0,0.0,0.0,0.0,0.0,0.0,0.0,0.0,0.0,0.0,0.0,0.0,1.2952254,0.0,0.0,0.9159423,0.0,0.0,1.7137253,0.0,1.0534713,0.0,0.0,0.0,0.0,0.0,0.0,0.0,0.0,0.0,1.0789145,0.0,0.0,0.0,0.0,1.7013195,1.1152282,1.571627,0.0,0.0,0.0,0.0,1.9652857,0.0,0.04949761,0.0,0.0,0.0,0.0,0.0,0.0,0.0,0.0,0.5737278783425954,0.5913255972875423,0.5869565217391304,0.6086956521739131
Cl.NS(=O)(=O)c1cc2cc(CN3CCOCC3)sc2s1,CHEMBL540026,Cl.NS(=O)(=O)c1cc2cc(CN3CCOCC3)sc2s1,8.52,active,Active,1.6768012,0.0,0.0,0.0,0.0,0.0,0.0,0.0,0.0,0.0,0.0,0.0,0.0,0.0,0.0,0.0,0.0,0.0,0.0,0.0,0.0,0.0,2.5189013,0.0,0.0,2.3257947,0.0,0.0,0.0,0.0,0.0,0.0,0.97910404,0.0,0.0,2.1053555,0.0,0.0,0.0,0.0,0.0,1.97145,0.0,0.0,2.6289618,1.8510991,0.0,0.0,2.064615,0.0,2.1503718,0.0,0.0,0.0,0.3170908,0.0,0.0,2.23142,0.0,0.0,0.0,0.0,0.0,0.0,1.9919224,0.0,2.914837,0.0,0.0,0.0,0.9905753,0.0,0.0,0.0,0.0,0.0,0.0,0.0,0.0,0.0,0.0,0.0,0.0,0.0,0.0,0.0,0.0,2.1071186,0.0,0.0,1.8190749,0.0,0.0,2.9782863,0.0,2.1244798,0.0,0.0,0.0,0.0,0.0,0.0,0.0,0.0,0.0,1.602088,0.0,0.0,0.0,0.0,2.4391181,1.4671935,2.6358993,0.0,0.0,0.0,0.0,2.968255,0.0,0.30413547,0.0,0.0,0.0,0.0,0.0,0.0,0.0,0.0,0.979943547199796,0.8454150697324837,0.9347826086956521,0.8695652173913043
Cl.NS(=O)(=O)c1cc2cc(CN3CCSCC3)sc2s1,CHEMBL555543,Cl.NS(=O)(=O)c1cc2cc(CN3CCSCC3)sc2s1,8.59,active,Active,1.720618,0.0,0.0,0.0,0.0,0.0,0.0,0.0,0.0,0.0,0.0,0.0,0.0,0.0,0.0,0.0,0.0,0.0,0.0,0.0,0.0,0.0,2.5910838,0.0,0.0,2.3782387,0.0,0.0,0.0,0.0,0.0,0.0,1.0219394,0.0,0.0,2.1309364,0.0,0.0,0.0,0.0,0.0,2.0489697,0.0,0.0,2.740924,1.9333129,0.0,0.0,2.180118,0.0,2.359315,0.0,0.0,0.0,0.2914677,0.0,0.0,2.3061237,0.0,0.0,0.0,0.0,0.0,0.0,2.1844306,0.0,2.9975123,0.0,0.0,0.0,1.1346121,0.0,0.0,0.0,0.0,0.0,0.0,0.0,0.0,0.0,0.0,0.0,0.0,0.0,0.0,0.0,0.0,2.2456203,0.0,0.0,1.9874097,0.0,0.0,3.122314,0.0,2.2838798,0.0,0.0,0.0,0.0,0.0,0.0,0.0,0.0,0.0,1.788619,0.0,0.0,0.0,0.0,2.4740748,1.4728076,2.7416265,0.0,0.0,0.0,0.0,3.014506,0.0,0.30996737,0.0,0.0,0.0,0.0,0.0,0.0,0.0,0.0,0.9913516057067061,0.85629566143725,0.9347826086956521,0.8913043478260869
Cl.NS(=O)(=O)c1cc2cc(CNC(CO)CO)sc2s1,CHEMBL543561,Cl.NS(=O)(=O)c1cc2cc(CNC(CO)CO)sc2s1,8.08,active,Active,1.9422911,0.0,0.0,0.0,0.0,0.0,0.0,0.0,0.0,0.0,0.0,0.0,0.0,0.0,0.0,0.0,0.0,0.0,0.0,0.0,0.0,0.0,2.7578921,0.0,0.0,2.6677926,0.0,0.0,0.0,0.0,0.0,0.0,1.087213,0.0,0.0,2.308818,0.0,0.0,0.0,0.0,0.0,2.1541975,0.0,0.0,2.9987118,2.295202,0.0,0.0,2.3456419,0.0,2.6157472,0.0,0.0,0.0,0.3164062,0.0,0.0,2.4746907,0.0,0.0,0.0,0.0,0.0,0.0,2.4718788,0.0,3.2221053,0.0,0.0,0.0,1.2063665,0.0,0.0,0.0,0.0,0.0,0.0,0.0,0.0,0.0,0.0,0.0,0.0,0.0,0.0,0.0,0.0,2.3877537,0.0,0.0,2.2562122,0.0,0.0,3.37111,0.0,2.558476,0.0,0.0,0.0,0.0,0.0,0.0,0.0,0.0,0.0,2.2393856,0.0,0.0,0.0,0.0,2.635562,1.7484734,3.0100422,0.0,0.0,0.0,0.0,3.3520668,0.0,0.34055352,0.0,0.0,0.0,0.0,0.0,0.0,0.0,0.0,1.0,0.8626640679150738,1.0,0.8913043478260869
Cl.NS(=O)(=O)c1cc2cc(CNCC(F)(F)F)sc2s1,CHEMBL553720,Cl.NS(=O)(=O)c1cc2cc(CNCC(F)(F)F)sc2s1,8.66,active,Active,0.8510599,0.0,0.0,0.0,0.0,0.0,0.0,0.0,0.0,0.0,0.0,0.0,0.0,0.0,0.0,0.0,0.0,0.0,0.0,0.0,0.0,0.0,1.3908014,0.0,0.0,0.6863392,0.0,0.0,0.0,0.0,0.0,0.0,0.63758063,0.0,0.0,0.97027296,0.0,0.0,0.0,0.0,0.0,1.1190654,0.0,0.0,2.5236604,1.8719398,0.0,0.0,1.033561,0.0,1.0592017,0.0,0.0,0.0,0.18386748,0.0,0.0,1.1487539,0.0,0.0,0.0,0.0,0.0,0.0,1.546638,0.0,1.4640492,0.0,0.0,0.0,1.8249737,0.0,0.0,0.0,0.3404603,0.0,0.0,0.0,0.0,0.0,0.0,0.09356311,0.0,0.0,0.0,0.0,0.0,1.0175235,0.0,0.0,0.6836448,0.0,0.0,1.922534,0.0,1.1820889,0.0,0.0,0.0,0.0,0.0,0.0,0.0,0.0,0.0,0.69960976,0.0,0.0,0.0,0.0,1.5636035,0.45395535,1.321691,0.0,0.0,0.0,0.0,1.4458498,0.0,0.0953368,0.0,0.0,0.0,0.0,0.0,0.0,0.0,0.0,0.5992060823066893,0.7233101717633206,0.6086956521739131,0.717391304347826
Cl.NS(=O)(=O)c1cc2cc(CNCC3CC3)sc2s1,CHEMBL553951,Cl.NS(=O)(=O)c1cc2cc(CNCC3CC3)sc2s1,8.48,active,Active,1.6506033,0.0,0.0,0.0,0.0,0.0,0.0,0.0,0.0,0.0,0.0,0.0,0.0,0.0,0.0,0.0,0.0,0.0,0.0,0.080468625,0.0,0.0,2.5493085,0.0,0.0,2.2348742,0.0,0.0,0.0,0.0,0.0,0.0,0.9867227,0.0,0.0,1.9469062,0.0,0.0,0.0,0.0,0.0,2.1305594,0.0,0.0,3.0755932,2.0774655,0.0,0.0,2.166058,0.0,2.2224092,0.0,0.0,0.0,0.09826624,0.0,0.0,2.2910397,0.0,0.0,0.0,0.0,0.0,0.0,2.2081835,0.0,3.0034108,0.0,0.0,0.0,1.4405783,0.0,0.0,0.0,0.0,0.0,0.0,0.0,0.0,0.0,0.0,0.0,0.0,0.0,0.0,0.0,0.0,2.240357,0.0,0.0,2.1263597,0.0,0.0,2.9690561,0.0,2.254803,0.0,0.0,0.0,0.0,0.0,0.0,0.0,0.0,0.0,1.7196833,0.0,0.0,0.0,0.0,2.6829731,1.3567165,2.7879853,0.0,0.0,0.0,0.0,2.8260984,0.0,0.2509451,0.0,0.0,0.0,0.0,0.0,0.0,0.0,0.0,0.9733208039205603,0.8351275473259028,1.0,0.7826086956521738
Cl.NS(=O)(=O)c1cc2cc(CNCCCCO)sc2s1,CHEMBL555542,Cl.NS(=O)(=O)c1cc2cc(CNCCCCO)sc2s1,8.52,active,Active,1.7009476,0.0,0.0,0.0,0.0,0.0,0.0,0.0,0.0,0.0,0.0,0.0,0.0,0.0,0.0,0.0,0.0,0.0,0.0,0.3105995,0.0,0.0,2.6695094,0.0,0.0,2.3996332,0.0,0.0,0.0,0.0,0.0,0.0,1.0339085,0.0,0.0,2.1804986,0.0,0.0,0.0,0.0,0.0,2.2271333,0.0,0.0,3.098025,2.0187552,0.0,0.0,2.2252944,0.0,2.550453,0.0,0.0,0.0,0.1736902,0.0,0.0,2.415035,0.0,0.0,0.0,0.0,0.0,0.0,2.4290757,0.0,3.0701802,0.0,0.0,0.0,1.4242632,0.0,0.0,0.0,0.0,0.0,0.0,0.0,0.0,0.0,0.0,0.0,0.0,0.0,0.0,0.0,0.0,2.3157551,0.0,0.0,2.2927837,0.0,0.0,3.3221796,0.0,2.5335572,0.0,0.0,0.0,0.0,0.0,0.0,0.0,0.0,0.0,1.9836222,0.0,0.0,0.0,0.0,2.5419874,1.2947147,2.9315531,0.0,0.0,0.0,0.0,2.9984238,0.0,0.25170898,0.0,0.0,0.0,0.0,0.0,0.0,0.0,0.0,0.9874289039182357,0.8516960516524077,0.9565217391304348,0.8695652173913043
Cl.NS(=O)(=O)c1cc2cc(CNCCF)sc2s1,CHEMBL544032,Cl.NS(=O)(=O)c1cc2cc(CNCCF)sc2s1,8.57,active,Active,1.6250086,0.0,0.0,0.0,0.0,0.0,0.0,0.0,0.0,0.0,0.0,0.0,0.0,0.0,0.0,0.0,0.0,0.0,0.0,0.0,0.0,0.0,2.6889613,0.0,0.0,2.3104658,0.0,0.0,0.0,0.0,0.0,0.0,1.060296,0.0,0.0,2.2012527,0.0,0.0,0.0,0.0,0.0,2.1664371,0.0,0.0,2.8435278,1.9916229,0.0,0.0,2.2630413,0.0,2.6194026,0.0,0.0,0.0,0.32770428,0.0,0.0,2.3421836,0.0,0.0,0.0,0.0,0.0,0.0,2.3931901,0.0,3.0585926,0.0,0.0,0.0,1.4549359,0.0,0.0,0.0,0.0,0.0,0.0,0.0,0.0,0.0,0.0,0.0,0.0,0.0,0.0,0.0,0.0,2.30417,0.0,0.0,2.0269184,0.0,0.0,3.3512018,0.0,2.5133326,0.0,0.0,0.0,0.0,0.0,0.0,0.0,0.0,0.0,1.8337225,0.0,0.0,0.0,0.0,2.4294763,1.3283236,2.741015,0.0,0.0,0.0,0.0,3.0231614,0.0,0.25973096,0.0,0.0,0.0,0.0,0.0,0.0,0.0,0.0,0.9858863772926466,0.8487771494578658,1.0,0.8043478260869565
Cl.NS(=O)(=O)c1cc2cc(CNCCO)sc2s1,CHEMBL552890,Cl.NS(=O)(=O)c1cc2cc(CNCCO)sc2s1,8.2,active,Active,1.5846816,0.0,0.0,0.0,0.0,0.0,0.0,0.0,0.0,0.0,0.0,0.0,0.0,0.0,0.0,0.0,0.0,0.0,0.0,0.0,0.0,0.0,2.6601298,0.0,0.0,2.2475274,0.0,0.0,0.0,0.0,0.0,0.0,1.0563179,0.0,0.0,2.1858575,0.0,0.0,0.0,0.0,0.0,2.1653962,0.0,0.0,2.9253118,1.9707718,0.0,0.0,2.2078428,0.0,2.568835,0.0,0.0,0.0,0.2870784,0.0,0.0,2.3331664,0.0,0.0,0.0,0.0,0.0,0.0,2.4037466,0.0,3.011847,0.0,0.0,0.0,1.5332392,0.0,0.0,0.0,0.0,0.0,0.0,0.0,0.0,0.0,0.0,0.0,0.0,0.0,0.0,0.0,0.0,2.2294824,0.0,0.0,2.0599244,0.0,0.0,3.3528502,0.0,2.50957,0.0,0.0,0.0,0.0,0.0,0.0,0.0,0.0,0.0,1.7901965,0.0,0.0,0.0,0.0,2.4168127,1.2075664,2.7738986,0.0,0.0,0.0,0.0,2.9630628,0.0,0.2550212,0.0,0.0,0.0,0.0,0.0,0.0,0.0,0.0,0.986734676770032,0.8500377170697455,1.0,0.8260869565217391
Clc1ccccc1C(c1ccccc1)(c1ccccc1)n1ccnc1,CHEMBL104,Clc1ccccc1C(c1ccccc1)(c1ccccc1)n1ccnc1,4.52,inactive,Inactive,0.34934342,0.0,0.0,0.0,0.91115934,0.0,0.7440087,0.0,0.15638472,0.0,0.0,0.0,0.0,0.0,0.0,0.0,0.0,0.0,0.0,0.78032416,0.0,0.0,1.2577791,0.0,1.8139782,1.6751353,0.0,0.0,0.0,0.54036874,1.3987865,0.09081696,0.060754824,1.1909503,0.0,0.9484523,0.9571727,0.32917342,2.0058753,0.42775416,1.0608792,0.28816345,1.1069598,0.0,0.7942149,0.097327426,0.0,0.0,0.89627624,1.4400034,0.7801875,0.0,1.0524468,0.0,0.0,0.0,0.0,1.1090513,0.0,0.0,0.0,0.0,0.91855407,1.2503409,0.092606254,0.0,1.1319882,0.0,1.635257,0.0,0.0,0.0,0.0,1.4684609,0.0,0.0,0.0,0.0,0.0,0.0,0.0,0.17636238,0.0,0.0,0.0,0.0,0.48965937,0.6409796,0.7366632,0.0,0.49791652,0.0,0.6145748,1.0909927,0.0,0.75275034,0.0,0.0,0.0,0.0,0.0,0.0,0.0,0.0,1.5265521,0.93092954,0.062020015,0.9461539,0.0,1.0096452,0.70984024,0.5521923,0.7676719,0.0,0.0,1.51506,0.0,1.5089364,0.0,0.0,1.227184,0.94582886,0.0,0.0,0.9903237,0.0,0.0,0.0,0.36012885031132164,0.131556831458974,0.34782608695652173,0.15217391304347827
Cn1c(-c2ccc(S(N)(=O)=O)cc2)nc2cc(S(N)(=O)=O)ccc21,CHEMBL5199602,Cn1c(-c2ccc(S(N)(=O)=O)cc2)nc2cc(S(N)(=O)=O)ccc21,7.98,active,Active,0.43064234,0.0,0.0,0.0,0.4104352,0.0,0.0,0.0,0.0,0.0,0.0,0.0,0.0,0.0,0.0,0.0,0.0,0.0,0.0,0.0,0.0,0.0,1.5734509,0.0,0.0,1.0710374,0.0,0.0,0.0,0.0,0.8466631,0.0,0.38800934,0.7217513,0.0,0.8349692,0.4629497,0.0,0.0,0.0,0.0,0.841141,0.2896967,0.0,1.6739564,1.1153055,0.0,0.0,1.132875,0.0,1.1072785,0.0,0.04005547,0.0,0.0,0.0,0.0,1.2998992,0.0,0.0,0.0,0.0,0.0,0.44188318,0.92653745,0.0,1.6494145,0.0,0.0,0.0,0.12046432,0.0,0.0,0.0,0.0,0.0,0.0,0.0,0.0,0.0,0.0,0.5204457,0.0,0.0,0.0,0.0,0.0,1.2525686,0.0,0.0,0.44866884,0.0,0.21908554,1.6158124,0.0,0.86868316,0.0,0.0,0.0,0.0,0.0,0.0,0.0,0.0,0.0,0.8082098,0.0,0.5456891,0.0,0.0,1.239541,0.66050917,0.89147055,0.0,0.0,0.0,0.0,1.3125205,0.0,0.0,0.0,0.27049506,0.0,0.0,0.40855765,0.0,0.0,0.0,0.38792086182448066,0.8152137245701672,0.41304347826086957,0.8043478260869565
Cn1c(-c2ccc(S(N)(=O)=O)cc2)nc2ccccc21,CHEMBL5185637,Cn1c(-c2ccc(S(N)(=O)=O)cc2)nc2ccccc21,8.06,active,Active,0.41529644,0.0,0.0,0.0,0.5533269,0.0,0.0,0.0,0.0,0.0,0.0,0.0,0.0,0.0,0.0,0.0,0.0,0.0,0.0,0.0,0.0,0.0,1.6187061,0.0,0.0,1.5408047,0.0,0.0,0.0,0.0,0.99112636,0.0,0.2517939,0.8454724,0.0,1.0238152,0.6051166,0.069914274,0.0,0.0,0.0,0.6824644,0.6046726,0.0,1.3673866,0.6284594,0.0,0.0,1.1526214,0.0,1.126672,0.0,0.5493139,0.0,0.0,0.0,0.0,1.3705657,0.0,0.0,0.0,0.0,0.2419832,0.8667412,0.6065822,0.0,1.6030861,0.0,0.0,0.0,0.0,0.0,0.0,0.0,0.0,0.0,0.0,0.0,0.0,0.0,0.0,0.17766458,0.0,0.0,0.0,0.0,0.0,1.1099054,0.0,0.0,0.6447527,0.0,0.30914193,1.5479206,0.0,0.9499659,0.0,0.0,0.0,0.0,0.0,0.0,0.0,0.0,0.0,1.0135443,0.0,0.58159405,0.0,0.2856172,1.0994236,0.6709521,0.9665847,0.0,0.0,0.56859195,0.0,1.5525684,0.0,0.0,0.0,0.5016657,0.0,0.0,0.5174297,0.0,0.0,0.0,0.32282057956047966,0.8493685943132522,0.34782608695652173,0.8695652173913043
Cn1cc(CNS(N)(=O)=O)c2ccccc21,CHEMBL1084674,Cn1cc(CNS(N)(=O)=O)c2ccccc21,4.32,inactive,Inactive,0.0,0.0,0.0,0.0,0.90041375,0.0,0.0,0.0,0.0,0.0,0.0,0.0,0.0,0.0,0.0,0.0,0.0,0.0,0.0,0.0,0.0,0.0,0.53631127,0.0,0.0,0.08434799,0.0,0.0,0.0,0.0,1.6712152,0.0,0.0,1.4618506,0.0,0.015725143,0.9578358,0.48194307,0.0,0.0,0.0,0.0,0.7786383,0.0,1.2143116,0.7026889,0.0,0.0,0.094900146,0.0,0.0,0.0,0.26726586,0.0,0.0,0.0,0.0,0.37873757,0.0,0.0,0.0,0.0,0.36364782,0.9001138,0.16050704,0.0,0.39170787,0.0,0.0,0.0,0.0,0.0,0.0,0.0,0.0,0.0,0.0,0.0,0.0,0.0,0.0,1.4039736,0.0,0.0,0.0,0.0,0.0,0.041410312,0.0,0.0,0.0,0.0,0.8267966,0.43817258,0.0,0.0,0.0,0.0,0.0,0.0,0.0,0.0,0.0,0.0,0.0,0.07269019,0.0,1.2526927,0.0,0.63231283,0.44580343,0.016653482,0.0,0.0,0.0,0.7733654,0.0,0.22224745,0.0,0.0,0.0,0.7369422,0.0,0.0,1.2779477,0.0,0.0,0.0,0.22788955003300243,0.9410014189600145,0.2608695652173913,0.9347826086956521
Cn1cccc1C(=O)Oc1ccc2nc(S(N)(=O)=O)sc2c1,CHEMBL84224,Cn1cccc1C(=O)Oc1ccc2nc(S(N)(=O)=O)sc2c1,8.54,active,Active,0.8772702,0.0,0.0,0.0,0.0,0.0,0.0,0.0,0.0,0.0,0.0,0.0,0.0,0.0,0.0,0.0,0.0,0.0,0.0,0.0,0.0,0.0,2.0617805,0.0,0.0,1.8939477,0.0,0.0,0.0,0.0,0.0,0.0,0.50234824,0.0,0.0,1.4270192,0.0,0.0,0.0,0.0,0.0,1.2080904,0.0,0.0,1.9152957,1.0804489,0.0,0.0,1.5688006,0.0,1.6434368,0.0,0.0,0.0,0.0021511465,0.0,0.0,1.7728292,0.0,0.0,0.0,0.0,0.0,0.0,1.2857264,0.0,2.1973035,0.0,0.0,0.0,0.0,0.0,0.0,0.0,0.0,0.0,0.0,0.0,0.0,0.0,0.0,0.0,0.0,0.0,0.0,0.0,0.0,1.5129446,0.0,0.0,1.1957554,0.0,0.0,2.2152367,0.0,1.5472839,0.0,0.0,0.0,0.0,0.0,0.0,0.0,0.0,0.0,1.3627398,0.0,0.0,0.0,0.0,1.609566,0.9407437,1.6832681,0.0,0.0,0.0,0.0,2.2095866,0.0,0.0,0.0,0.0,0.0,0.0,0.0,0.0,0.0,0.0,0.6855450822876697,0.521301479942151,0.6956521739130435,0.5
N#CC1=CCc2ccccc2C=C1,CHEMBL3290054,N#CC1=CCc2ccccc2C=C1,5.36,inactive,Inactive,0.6738721,0.0,0.0,0.0,0.0,0.0,1.3711966,0.0,0.44354042,0.0,0.0,0.0,0.0,0.0,0.0,0.0,0.0,0.0,0.0,1.1364017,0.0,0.0,1.3772079,0.0,1.4693617,1.9942319,0.0,0.0,0.0,1.2401854,0.0,0.19989271,0.0,0.0,0.0,1.1381607,0.0,0.0,1.2776244,0.79340297,1.9493715,0.4231104,0.05146333,0.0,1.1872332,0.35608816,0.0,0.0,0.8942743,0.86752117,0.8033757,0.0,0.0,0.0,0.0,0.0,0.0,1.3412681,0.0,0.0,0.0,0.0,0.0,0.46781337,0.40953767,0.0,1.3687015,0.0,1.0928537,0.0,0.0,0.0,0.0,0.9058336,0.0,0.0,0.0,0.0,0.0,0.0,0.0,0.0,0.0,0.0,0.0,0.123701125,0.7362658,0.7422815,0.033137754,0.0,1.036919,0.0,0.0,1.1442633,0.0,0.82749426,0.0,0.0,0.0,0.0,0.0,0.0,0.0,0.0,1.4259626,1.4207498,0.0,0.0,0.0,0.0,1.0235958,1.0514499,1.2503213,0.0,0.0,0.1845147,0.0,1.6838712,0.0,0.0,1.0579647,0.0,0.0,0.0,0.0,0.0,0.0,0.0,0.34213415042198714,0.008695550004165865,0.30434782608695654,0.0
N#CC1=Cc2ccccc2CC=C1,CHEMBL3290055,N#CC1=Cc2ccccc2CC=C1,5.39,inactive,Inactive,0.7242907,0.0,0.0,0.0,0.0,0.0,1.2833118,0.0,0.45914182,0.0,0.0,0.0,0.0,0.0,0.0,0.0,0.0,0.0,0.0,1.1073291,0.0,0.0,1.4091897,0.0,1.4019417,2.009819,0.0,0.0,0.0,1.2039664,0.0,0.22623806,0.0,0.0,0.0,1.1621543,0.0,0.0,1.1770313,0.7851381,1.8751094,0.4630002,0.0,0.0,1.2183949,0.41989905,0.0,0.0,0.9169131,0.7677189,0.824408,0.0,0.0,0.0,0.0,0.0,0.0,1.3707912,0.0,0.0,0.0,0.0,0.0,0.33886993,0.47708082,0.0,1.4069092,0.0,1.026706,0.0,0.0,0.0,0.0,0.8236797,0.0,0.0,0.0,0.0,0.0,0.0,0.0,0.0,0.0,0.0,0.0,0.12991743,0.70772105,0.7668677,0.0,0.0,1.0547432,0.0,0.0,1.1718682,0.0,0.8482864,0.0,0.0,0.0,0.0,0.0,0.0,0.0,0.0,1.3872205,1.454111,0.0,0.0,0.0,0.0,1.072418,1.1254344,1.3023328,0.0,0.0,0.07444777,0.0,1.7439075,0.0,0.0,1.0017205,0.0,0.0,0.0,0.0,0.0,0.0,0.0,0.33837410440879884,0.0018632635796057223,0.2826086956521739,0.0
N#CSc1ccc(S(N)(=O)=O)cc1,CHEMBL363086,N#CSc1ccc(S(N)(=O)=O)cc1,5.44,inactive,Inactive,0.0,0.0,0.0,0.0,1.1689728,0.0,0.0,0.0,0.0,0.0,0.0,0.0,0.0,0.0,0.0,0.0,0.0,0.0,0.0,0.0,0.0,0.0,0.0,0.0,0.0,0.0,0.0,0.0,0.0,0.0,2.3103657,0.0,0.0,1.9687955,0.0,0.0,1.2102474,0.7888594,0.0,0.0,0.0,0.0,0.75971884,0.0,1.2593702,0.97233796,0.0,0.0,0.0,0.0,0.0,0.0,0.0,0.0,0.0,0.0,0.0,0.0,0.0,0.0,0.0,0.0,0.24479793,0.7523618,0.0,0.0,0.0,0.0,0.0,0.0,0.98277867,0.0,0.0,0.0,1.1413132,0.0,0.0,0.0,0.0,0.0,0.0,2.3944044,0.0,0.0,0.0,0.0,0.0,0.0,0.0,0.0,0.0,0.0,1.2739253,0.0,0.0,0.0,0.0,0.0,0.0,0.0,0.0,0.0,0.0,0.0,0.0,0.0,0.0,1.9888633,0.0,0.69438684,0.00767532,0.0,0.0,0.0,0.0,0.53082496,0.0,0.0,0.0,0.0,0.0,0.81775,0.0,0.0,1.8885301,0.0,0.0,0.0,0.1773341373196402,0.9546600293656801,0.17391304347826086,0.9565217391304348
N#Cc1cc2ccccc2ccc1=O,CHEMBL3290058,N#Cc1cc2ccccc2ccc1=O,5.49,inactive,Inactive,0.92164075,0.0,0.0,0.0,0.0,0.0,2.0650513,0.0,0.7596994,0.0,0.0,0.0,0.0,0.0,0.0,0.0,0.0,0.0,0.0,1.8395094,0.0,0.0,2.1844683,0.0,2.5091088,2.7588916,0.0,0.0,0.0,1.1588693,0.0,0.031082101,0.22565958,0.0,0.0,1.64514,0.0,0.0,2.450919,0.4830263,2.2901044,0.936914,0.20701663,0.0,1.4596131,0.3870078,0.0,0.0,1.6401588,1.59743,1.6427685,0.0,0.22252274,0.0,0.0,0.0,0.0,1.959549,0.0,0.0,0.0,0.0,0.29572427,0.4103736,0.73588675,0.0,2.1962616,0.0,1.9960107,0.0,0.0,0.0,0.0,1.7589518,0.0,0.0,0.0,0.0,0.0,0.0,0.0,0.0,0.0,0.0,0.0,0.0,0.62081724,1.4106059,0.44354567,0.0,1.5088459,0.0,0.0,2.0365899,0.0,1.5757871,0.0,0.0,0.0,0.0,0.0,0.0,0.0,0.0,2.4318495,1.8483844,0.0,0.0,0.0,0.0,1.486774,1.1743877,1.7804377,0.0,0.0,0.7710537,0.0,2.6469226,0.0,0.0,1.5891086,0.0,0.0,0.0,0.0,0.0,0.0,0.0,0.3323916097782956,0.08015803068725662,0.2826086956521739,0.06521739130434782
N#Cc1ccc(=O)c2ccccc2c1,CHEMBL3290056,N#Cc1ccc(=O)c2ccccc2c1,5.42,inactive,Inactive,0.93924546,0.0,0.0,0.0,0.0,0.0,2.0668995,0.0,0.77152663,0.0,0.0,0.0,0.0,0.0,0.0,0.0,0.0,0.0,0.0,1.8525963,0.0,0.0,2.2035387,0.0,2.5059612,2.7813816,0.0,0.0,0.0,1.15771,0.0,0.028734738,0.23307946,0.0,0.0,1.6580899,0.0,0.0,2.4420958,0.47268805,2.2917123,0.95346874,0.18391436,0.0,1.4788972,0.40471372,0.0,0.0,1.6578507,1.5778203,1.6631591,0.0,0.19278292,0.0,0.0,0.0,0.0,1.9782293,0.0,0.0,0.0,0.0,0.27838254,0.38186362,0.75719386,0.0,2.2223563,0.0,1.9881968,0.0,0.0,0.0,0.0,1.7514889,0.0,0.0,0.0,0.0,0.0,0.0,0.0,0.0,0.0,0.0,0.0,0.0,0.61054397,1.4299929,0.43064186,0.0,1.5272756,0.0,0.0,2.0624025,0.0,1.5959902,0.0,0.0,0.0,0.0,0.0,0.0,0.0,0.0,2.4375756,1.8679816,0.0,0.0,0.0,0.0,1.5057892,1.1925826,1.8044574,0.0,0.0,0.74203086,0.0,2.6741426,0.0,0.0,1.5846239,0.0,0.0,0.0,0.0,0.0,0.0,0.0,0.3320584702798619,0.08101300677504328,0.2826086956521739,0.08695652173913043
N#Cc1ccc(Cn2cncn2)cc1-c1ccc(OS(N)(=O)=O)c(Cl)c1,CHEMBL592131,N#Cc1ccc(Cn2cncn2)cc1-c1ccc(OS(N)(=O)=O)c(Cl)c1,7.07,active,Active,0.7395265,0.0,0.0,0.0,0.22259709,0.0,0.0,0.0,0.0,0.0,0.0,0.0,0.0,0.0,0.0,0.0,0.0,0.0,0.0,0.0,0.0,0.0,1.537953,0.0,0.0,1.4477541,0.0,0.0,0.0,0.0,0.46975935,0.0,0.2846428,0.4166214,0.0,0.9029903,0.18681256,0.0,0.0,0.0,0.0,0.70281124,0.24447702,0.0,1.7507933,1.1026996,0.0,0.0,1.0765982,0.0,0.88301426,0.0,0.0,0.0,0.0,0.0,0.0,1.3612139,0.0,0.0,0.0,0.0,0.078811,0.115919486,0.7910548,0.0,1.5374691,0.0,0.0,0.0,0.0,0.0,0.0,0.0,0.0,0.0,0.0,0.0,0.0,0.0,0.0,0.36296237,0.0,0.0,0.0,0.0,0.0,1.06386,0.0,0.0,0.59434724,0.0,0.0,1.4681482,0.0,0.8414166,0.0,0.0,0.0,0.0,0.0,0.0,0.0,0.0,0.0,1.0839976,0.0,0.05566138,0.0,0.0,1.3347658,0.875567,1.1034057,0.0,0.0,0.21209429,0.0,1.6894125,0.0,0.0,0.0,0.0,0.0,0.0,0.06697128,0.0,0.0,0.0,0.49534186206891695,0.5164843424988858,0.4782608695652174,0.5434782608695652
N#Cc1ccc2ccccc2c(=O)c1,CHEMBL3290059,N#Cc1ccc2ccccc2c(=O)c1,5.43,inactive,Inactive,1.0145744,0.0,0.0,0.0,0.0,0.0,2.1300068,0.0,0.78754425,0.0,0.0,0.0,0.0,0.0,0.0,0.0,0.0,0.0,0.0,1.9516807,0.0,0.0,2.2978256,0.0,2.4394662,2.8886287,0.0,0.0,0.0,1.1069344,0.0,0.0,0.26918197,0.0,0.0,1.7608087,0.0,0.0,2.3450441,0.3310472,2.3126085,1.0409288,0.030639226,0.0,1.588396,0.46175337,0.0,0.0,1.7331884,1.465296,1.7653747,0.0,0.079009324,0.0,0.0,0.0,0.0,2.0634289,0.0,0.0,0.0,0.0,0.14270744,0.30220643,0.84489155,0.0,2.3270237,0.0,1.9278575,0.0,0.0,0.0,0.0,1.6639494,0.0,0.0,0.0,0.0,0.0,0.0,0.0,0.0,0.0,0.0,0.0,0.0,0.44807833,1.5133262,0.29831073,0.0,1.6469097,0.0,0.0,2.180384,0.0,1.7047191,0.0,0.0,0.0,0.0,0.0,0.0,0.0,0.0,2.4085827,1.9600807,0.0,0.0,0.0,0.0,1.5906171,1.2406074,1.9252908,0.0,0.0,0.53484225,0.0,2.7805197,0.0,0.0,1.5040485,0.0,0.0,0.0,0.0,0.0,0.0,0.0,0.33631770162292995,0.08030283914851397,0.32608695652173914,0.08695652173913043
N#Cc1cccc(-n2nc(C(=O)Nc3nnc(S(N)(=O)=O)s3)c(C(=O)c3ccccc3)c2-c2ccccc2)c1,CHEMBL466495,N#Cc1cccc(-n2nc(C(=O)Nc3nnc(S(N)(=O)=O)s3)c(C(=O)c3ccccc3)c2-c2ccccc2)c1,7.0,active,Active,0.8422111,0.0,0.0,0.0,0.0,0.0,0.4013145,0.0,0.0,0.0,0.0,0.0,0.0,0.0,0.0,0.0,0.0,0.0,0.0,0.5800599,0.0,0.0,1.9673012,0.0,0.5144408,2.1019294,0.0,0.0,0.0,0.0,0.0,0.0,0.34366637,0.0,0.0,1.4773346,0.0,0.0,0.27215627,0.0,0.547424,1.0133938,0.0,0.0,1.6402216,0.77017915,0.0,0.0,1.4773328,0.0,1.5216392,0.0,0.0,0.0,0.0,0.0,0.0,1.7574389,0.0,0.0,0.0,0.0,0.0,0.0867428,1.0237103,0.0,2.019326,0.0,0.30939418,0.0,0.0,0.0,0.0,0.046149574,0.0,0.0,0.0,0.0,0.0,0.0,0.0,0.0,0.0,0.0,0.0,0.0,0.0,1.3610567,0.0,0.0,1.2190853,0.0,0.0,2.0061798,0.0,1.4126167,0.0,0.0,0.0,0.0,0.0,0.0,0.0,0.0,0.53680724,1.4851652,0.0,0.0,0.0,0.0,1.423082,1.0436784,1.6143105,0.0,0.0,0.0,0.0,2.1857107,0.0,0.0,0.0,0.0,0.0,0.0,0.0,0.0,0.0,0.0,0.5323185025567188,0.3256885147731489,0.5434782608695652,0.30434782608695654
N#Cc1cccc2ccccc2c1=O,CHEMBL3290057,N#Cc1cccc2ccccc2c1=O,5.44,inactive,Inactive,0.93043995,0.0,0.0,0.0,0.0,0.0,2.0058718,0.0,0.70796925,0.0,0.0,0.0,0.0,0.0,0.0,0.0,0.0,0.0,0.0,1.8505963,0.0,0.0,2.1465125,0.0,2.2912984,2.745124,0.0,0.0,0.0,1.1295907,0.0,0.0,0.19772649,0.0,0.0,1.6995953,0.0,0.0,2.135098,0.41414818,2.2725766,0.92541975,0.07086923,0.0,1.517489,0.41457006,0.0,0.0,1.5868502,1.4270625,1.5960741,0.0,0.17559251,0.0,0.0,0.0,0.0,1.9486175,0.0,0.0,0.0,0.0,0.07346717,0.43377095,0.7315455,0.0,2.1094291,0.0,1.8162999,0.0,0.0,0.0,0.0,1.5379165,0.0,0.0,0.0,0.0,0.0,0.0,0.0,0.0,0.0,0.0,0.0,0.0,0.4141438,1.348266,0.23380235,0.0,1.5605277,0.0,0.0,1.9555922,0.0,1.5337725,0.0,0.0,0.0,0.0,0.0,0.0,0.0,0.0,2.2562776,1.8909918,0.0,0.0,0.0,0.0,1.4599028,1.1844985,1.7745585,0.0,0.0,0.46932825,0.0,2.5431635,0.0,0.0,1.4353293,0.0,0.0,0.0,0.0,0.0,0.0,0.0,0.3347994566048156,0.07767744884728847,0.32608695652173914,0.06521739130434782
N/C(S)=N/Nc1ccc(S(N)(=O)=O)cc1,CHEMBL186636,N/C(S)=N/Nc1ccc(S(N)(=O)=O)cc1,6.54,medium,Medium,0.20884702,0.0,0.0,0.0,0.0,0.0,0.0,0.0,0.0,0.0,0.0,0.0,0.0,0.0,0.0,0.0,0.0,0.0,0.0,0.0,0.0,0.0,0.7475541,0.0,0.0,0.30050346,0.0,0.0,0.0,0.0,0.42637444,0.0,0.08057813,0.0,0.0,0.2396441,0.077450946,0.17965686,0.0,0.0,0.0,0.25136852,0.07806534,0.0,1.4328438,1.066511,0.0,0.0,0.3893045,0.0,0.19149405,0.0,0.0,0.0,0.0,0.0,0.0,0.64448214,0.0,0.0,0.0,0.0,0.0,0.2647357,0.5618193,0.0,0.6712168,0.0,0.0,0.0,0.21345785,0.0,0.0,0.0,0.0,0.0,0.0,0.0,0.0,0.0,0.0,0.6627962,0.0,0.0,0.0,0.0,0.0,0.49671435,0.0,0.0,0.047909237,0.0,0.18004414,0.5833629,0.0,0.107819974,0.0,0.0,0.0,0.0,0.0,0.0,0.0,0.0,0.0,0.49548557,0.0,0.1802004,0.0,0.0,0.75667834,0.50659716,0.3269292,0.0,0.0,0.0,0.0,0.38928887,0.0,0.0,0.0,0.0,0.0,0.0,0.19782308,0.0,0.0,0.0,0.3295446846384844,0.6651102627930339,0.34782608695652173,0.6956521739130435
N=C(N)NS(=O)(=O)c1ccc(/N=C/c2c(Cl)c3ccccc3oc2=O)cc1,CHEMBL2408076,N=C(N)NS(=O)(=O)c1ccc(/N=C/c2c(Cl)c3ccccc3oc2=O)cc1,7.07,active,Active,0.66423523,0.0,0.0,0.0,0.0,0.0,0.0,0.0,0.0,0.0,0.0,0.0,0.0,0.0,0.0,0.0,0.0,0.0,0.0,0.0,0.0,0.0,1.6322477,0.0,0.0,1.5964047,0.0,0.0,0.0,0.0,0.0,0.0,0.31846747,0.0,0.0,1.13365,0.0,0.0,0.0,0.0,0.0,0.8729493,0.0,0.0,1.636262,0.84815896,0.0,0.0,1.2074068,0.0,1.2278564,0.0,0.0,0.0,0.0,0.0,0.0,1.4313512,0.0,0.0,0.0,0.0,0.0,0.10527624,0.9305768,0.0,1.6874771,0.0,0.0,0.0,0.0,0.0,0.0,0.0,0.0,0.0,0.0,0.0,0.0,0.0,0.0,0.0,0.0,0.0,0.0,0.0,0.0,1.1560355,0.0,0.0,0.94464666,0.0,0.0,1.7113353,0.0,1.1776524,0.0,0.0,0.0,0.0,0.0,0.0,0.0,0.0,0.0,1.1597738,0.0,0.0,0.0,0.0,1.2774628,0.77282333,1.3134974,0.0,0.0,0.0,0.0,1.7201917,0.0,0.0,0.0,0.0,0.0,0.0,0.0,0.0,0.0,0.0,0.5294718134000379,0.4774234339884548,0.5217391304347826,0.45652173913043476
NC(=O)Nc1ccc(S(=O)(=O)Nc2ccc(S(N)(=O)=O)cc2)cc1,CHEMBL120304,NC(=O)Nc1ccc(S(=O)(=O)Nc2ccc(S(N)(=O)=O)cc2)cc1,8.15,active,Active,0.1348587,0.0,0.0,0.0,0.25358438,0.0,0.0,0.0,0.0,0.0,0.0,0.0,0.0,0.0,0.0,0.0,0.0,0.0,0.0,0.0,0.0,0.0,0.9127877,0.0,0.0,0.4156518,0.0,0.0,0.0,0.0,0.9575241,0.0,0.09397431,0.46803367,0.0,0.40923446,0.41766503,0.39156717,0.0,0.0,0.0,0.30823666,0.35854167,0.0,1.3684119,0.9862832,0.0,0.0,0.50736976,0.0,0.35274225,0.0,0.0,0.0,0.0,0.0,0.0,0.7677488,0.0,0.0,0.0,0.0,0.0,0.4924896,0.5564452,0.0,0.83140236,0.0,0.0,0.0,0.10493793,0.0,0.0,0.0,0.0,0.0,0.0,0.0,0.0,0.0,0.0,0.88094306,0.0,0.0,0.0,0.0,0.0,0.5790399,0.0,0.0,0.030902788,0.0,0.43161815,0.7455336,0.0,0.19185658,0.0,0.0,0.0,0.0,0.0,0.0,0.0,0.0,0.0,0.47898176,0.0,0.67649907,0.0,0.0,0.77210677,0.48846057,0.34715307,0.0,0.0,0.0,0.0,0.50186366,0.0,0.0,0.0,0.26198488,0.0,0.0,0.64230245,0.0,0.0,0.0,0.2621725663623306,0.8318077769515989,0.2608695652173913,0.8043478260869565
NC(=O)c1c(Nc2ccc(I)cc2F)cc(F)cc1Oc1ccc(F)c(NS(N)(=O)=O)c1,CHEMBL3747368,NC(=O)c1c(Nc2ccc(I)cc2F)cc(F)cc1Oc1ccc(F)c(NS(N)(=O)=O)c1,5.42,inactive,Inactive,0.0,0.0,0.0,0.0,1.120847,0.0,0.0,0.0,0.0,0.0,0.0,0.0,0.0,0.0,0.0,0.0,0.0,0.0,0.0,0.0,0.0,0.0,0.38256624,0.0,0.0,0.056459498,0.0,0.0,0.0,0.0,1.4918907,0.0,0.0,1.6644068,0.0,0.0,1.0031606,0.21974269,0.0,0.0,0.0,0.0,0.7498298,0.0,1.0693567,0.58794045,0.0,0.0,0.084698826,0.0,0.0,0.0,0.0,0.0,0.0,0.0,0.0,0.19888736,0.0,0.0,0.0,0.0,0.73783773,0.523123,0.17701717,0.0,0.27982774,0.0,0.0,0.0,0.0,0.0,0.0,0.0,0.0,0.0,0.0,0.0,0.0,0.0,0.0,1.3341651,0.0,0.0,0.0,0.0,0.0,0.0,0.0,0.0,0.0,0.0,0.74024165,0.47941202,0.0,0.0,0.0,0.0,0.0,0.0,0.0,0.0,0.0,0.0,0.0,0.0,0.0,1.321271,0.0,0.7511721,0.3731236,0.0,0.0,0.0,0.0,1.3076704,0.0,0.27781406,0.0,0.0,0.0,0.6706699,0.0,0.0,1.2648003,0.0,0.0,0.0,0.2656428849677337,0.9746116573356426,0.32608695652173914,0.9565217391304348
NC(=O)c1c(Nc2ccc(I)cc2F)cc(F)cc1Oc1ccc(F)c(NS(N)(=O)=O)c1F,CHEMBL3746516,NC(=O)c1c(Nc2ccc(I)cc2F)cc(F)cc1Oc1ccc(F)c(NS(N)(=O)=O)c1F,5.0,inactive,Inactive,0.0,0.0,0.0,0.0,1.0787035,0.0,0.0,0.0,0.0,0.0,0.0,0.0,0.0,0.0,0.0,0.0,0.0,0.0,0.0,0.0,0.0,0.0,0.3298922,0.0,0.0,0.0,0.0,0.0,0.0,0.0,1.4310503,0.0,0.0,1.6279614,0.0,0.0,0.95740056,0.17092836,0.0,0.0,0.0,0.0,0.679249,0.0,1.0619513,0.6092061,0.0,0.0,0.048253924,0.0,0.0,0.0,0.0,0.0,0.0,0.0,0.0,0.15107651,0.0,0.0,0.0,0.0,0.68423355,0.45065922,0.1907706,0.0,0.22497685,0.0,0.0,0.0,0.11558635,0.0,0.0,0.0,0.0,0.0,0.0,0.0,0.0,0.0,0.0,1.3355348,0.0,0.0,0.0,0.0,0.0,0.0,0.0,0.0,0.0,0.0,0.70891714,0.43914312,0.0,0.0,0.0,0.0,0.0,0.0,0.0,0.0,0.0,0.0,0.0,0.0,0.0,1.2791078,0.0,0.6925863,0.3503435,0.0,0.0,0.0,0.0,1.1897862,0.0,0.21655327,0.0,0.0,0.0,0.612834,0.0,0.0,1.2127463,0.0,0.0,0.0,0.2637048048278626,0.9739674919276038,0.30434782608695654,0.9347826086956521
NC(=O)c1c(Nc2ccc(I)cc2F)cc(F)cc1Oc1cccc(CNS(N)(=O)=O)c1,CHEMBL3746923,NC(=O)c1c(Nc2ccc(I)cc2F)cc(F)cc1Oc1cccc(CNS(N)(=O)=O)c1,5.55,inactive,Inactive,0.0,0.0,0.0,0.0,1.2447739,0.0,0.0,0.0,0.0,0.0,0.0,0.0,0.0,0.0,0.0,0.0,0.0,0.0,0.0,0.0,0.0,0.0,0.10695193,0.0,0.0,0.0,0.0,0.0,0.0,0.0,1.8563547,0.0,0.0,1.9026818,0.0,0.0,1.1715407,0.45925483,0.0,0.0,0.0,0.0,0.91425925,0.0,1.019874,0.52641875,0.0,0.0,0.0,0.0,0.0,0.0,0.08326167,0.0,0.0,0.0,0.0,0.0,0.0,0.0,0.0,0.0,0.8061577,0.76009357,0.0,0.0,0.0,0.0,0.0,0.0,0.0,0.0,0.0,0.0,0.0,0.0,0.0,0.0,0.0,0.0,0.0,1.6397702,0.0,0.0,0.0,0.0,0.0,0.0,0.0,0.0,0.0,0.0,0.9853507,0.09464663,0.0,0.0,0.0,0.0,0.0,0.0,0.0,0.0,0.0,0.0,0.0,0.0,0.0,1.619815,0.0,0.9433668,0.17381927,0.0,0.0,0.0,0.0,1.4655695,0.0,0.0,0.0,0.0,0.0,0.8392271,0.0,0.0,1.5732653,0.0,0.0,0.0,0.2540846355258162,0.990095476902394,0.2608695652173913,1.0
NC(=O)c1c(Nc2ccc(I)cc2F)cc(F)cc1Oc1cccc(CS(N)(=O)=O)c1,CHEMBL2376667,NC(=O)c1c(Nc2ccc(I)cc2F)cc(F)cc1Oc1cccc(CS(N)(=O)=O)c1,5.89,inactive,Inactive,0.0,0.0,0.0,0.0,1.1986396,0.0,0.0,0.0,0.0,0.0,0.0,0.0,0.0,0.0,0.0,0.0,0.0,0.0,0.0,0.0,0.0,0.0,0.2227502,0.0,0.0,0.0,0.0,0.0,0.0,0.0,1.7475891,0.0,0.0,1.8202201,0.0,0.0,1.1213267,0.39815146,0.0,0.0,0.0,0.0,0.8963395,0.0,1.0139953,0.47948173,0.0,0.0,0.0,0.0,0.0,0.0,0.11642659,0.0,0.0,0.0,0.0,0.067603365,0.0,0.0,0.0,0.0,0.7921,0.7507118,0.0,0.0,0.007454917,0.0,0.0,0.0,0.0,0.0,0.0,0.0,0.0,0.0,0.0,0.0,0.0,0.0,0.0,1.4817864,0.0,0.0,0.0,0.0,0.0,0.0,0.0,0.0,0.0,0.0,0.91340667,0.2099642,0.0,0.0,0.0,0.0,0.0,0.0,0.0,0.0,0.0,0.0,0.0,0.0,0.0,1.5071754,0.0,0.910942,0.22533566,0.0,0.0,0.0,0.0,1.4800985,0.0,0.07034397,0.0,0.0,0.0,0.79342204,0.0,0.0,1.4750298,0.0,0.0,0.0,0.2566873639134597,0.9913191253597552,0.2826086956521739,1.0
NC(=O)c1c(Nc2ccc(I)cc2F)cc(F)cc1Oc1cccc(NS(N)(=O)=O)c1,CHEMBL2376666,NC(=O)c1c(Nc2ccc(I)cc2F)cc(F)cc1Oc1cccc(NS(N)(=O)=O)c1,6.28,medium,Medium,0.0,0.0,0.0,0.0,1.151257,0.0,0.0,0.0,0.0,0.0,0.0,0.0,0.0,0.0,0.0,0.0,0.0,0.0,0.0,0.0,0.0,0.0,0.36146358,0.0,0.0,0.058739062,0.0,0.0,0.0,0.0,1.6143875,0.0,0.0,1.7060212,0.0,0.0,1.058579,0.33002153,0.0,0.0,0.0,0.0,0.83256215,0.0,1.0524101,0.5450957,0.0,0.0,0.043964818,0.0,0.0,0.0,0.056109652,0.0,0.0,0.0,0.0,0.18694966,0.0,0.0,0.0,0.0,0.7514898,0.6522541,0.10663651,0.0,0.21450293,0.0,0.0,0.0,0.0,0.0,0.0,0.0,0.0,0.0,0.0,0.0,0.0,0.0,0.0,1.3713423,0.0,0.0,0.0,0.0,0.0,0.0,0.0,0.0,0.0,0.0,0.8224325,0.39911634,0.0,0.0,0.0,0.0,0.0,0.0,0.0,0.0,0.0,0.0,0.0,0.0,0.0,1.4132622,0.0,0.81738794,0.33445767,0.0,0.0,0.0,0.0,1.3947171,0.0,0.22535111,0.0,0.0,0.0,0.7417805,0.0,0.0,1.3611,0.0,0.0,0.0,0.26114704707616904,0.9855315310208166,0.32608695652173914,1.0
NC(=O)c1c(Nc2ccc(I)cc2F)cc(F)cc1Oc1cccc(NS(N)(=O)=O)c1Cl,CHEMBL3747359,NC(=O)c1c(Nc2ccc(I)cc2F)cc(F)cc1Oc1cccc(NS(N)(=O)=O)c1Cl,6.16,medium,Medium,0.0,0.0,0.0,0.0,0.80954933,0.0,0.0,0.0,0.0,0.0,0.0,0.0,0.0,0.0,0.0,0.0,0.0,0.0,0.0,0.0,0.0,0.0,0.49110788,0.0,0.0,0.1525665,0.0,0.0,0.0,0.0,1.197054,0.0,0.001836326,1.3337363,0.0,0.086606786,0.7156904,0.03786787,0.0,0.0,0.0,0.0,0.46841866,0.0,1.2733659,0.7425705,0.0,0.0,0.1805403,0.0,0.0,0.0,0.0,0.0,0.0,0.0,0.0,0.31789544,0.0,0.0,0.0,0.0,0.4382289,0.33185166,0.3294245,0.0,0.37340102,0.0,0.0,0.0,0.17125309,0.0,0.0,0.0,0.0,0.0,0.0,0.0,0.0,0.0,0.0,1.1189133,0.0,0.0,0.0,0.0,0.0,0.00025592744,0.0,0.0,0.0,0.0,0.5242098,0.6041405,0.0,0.09540167,0.0,0.0,0.0,0.0,0.0,0.0,0.0,0.0,0.0,0.091929436,0.0,0.988625,0.0,0.3858808,0.5064155,0.0,0.08009802,0.0,0.0,0.8528423,0.0,0.3586718,0.0,0.0,0.0,0.38884658,0.0,0.0,0.9322711,0.0,0.0,0.0,0.25645196545770516,0.9061155499574631,0.30434782608695654,0.9130434782608695
NC(=O)c1c(Nc2ccc(I)cc2F)cc(F)cc1Oc1ccccc1NS(N)(=O)=O,CHEMBL3746142,NC(=O)c1c(Nc2ccc(I)cc2F)cc(F)cc1Oc1ccccc1NS(N)(=O)=O,6.3,medium,Medium,0.0,0.0,0.0,0.0,1.0921447,0.0,0.0,0.0,0.0,0.0,0.0,0.0,0.0,0.0,0.0,0.0,0.0,0.0,0.0,0.0,0.0,0.0,0.32749626,0.0,0.0,0.029733391,0.0,0.0,0.0,0.0,1.6156956,0.0,0.0,1.6385309,0.0,0.0,1.0465999,0.3697239,0.0,0.0,0.0,0.0,0.82032317,0.0,1.0399845,0.54684865,0.0,0.0,0.016307987,0.0,0.0,0.0,0.06492516,0.0,0.0,0.0,0.0,0.16948582,0.0,0.0,0.0,0.0,0.6892798,0.6768178,0.1043482,0.0,0.18200341,0.0,0.0,0.0,0.0,0.0,0.0,0.0,0.0,0.0,0.0,0.0,0.0,0.0,0.0,1.3617792,0.0,0.0,0.0,0.0,0.0,0.0,0.0,0.0,0.0,0.0,0.8342129,0.37821865,0.0,0.0,0.0,0.0,0.0,0.0,0.0,0.0,0.0,0.0,0.0,0.0,0.0,1.4044815,0.0,0.80014086,0.30599216,0.0,0.0,0.0,0.0,1.2978438,0.0,0.1637718,0.0,0.0,0.0,0.7537258,0.0,0.0,1.3712962,0.0,0.0,0.0,0.2572971337559427,0.9843294433496941,0.2608695652173913,0.9565217391304348
NC(=O)c1c(Oc2ccc(F)c(NS(N)(=O)=O)c2)cc(F)c(F)c1Nc1ccc(I)cc1F,CHEMBL3746559,NC(=O)c1c(Oc2ccc(F)c(NS(N)(=O)=O)c2)cc(F)c(F)c1Nc1ccc(I)cc1F,5.34,inactive,Inactive,0.0,0.0,0.0,0.0,1.0764565,0.0,0.0,0.0,0.0,0.0,0.0,0.0,0.0,0.0,0.0,0.0,0.0,0.0,0.0,0.0,0.0,0.0,0.33450255,0.0,0.0,0.0,0.0,0.0,0.0,0.0,1.4240178,0.0,0.0,1.6249985,0.0,0.0,0.9523417,0.16551915,0.0,0.0,0.0,0.0,0.67368925,0.0,1.0658269,0.6087642,0.0,0.0,0.053192794,0.0,0.0,0.0,0.0,0.0,0.0,0.0,0.0,0.15411025,0.0,0.0,0.0,0.0,0.6810739,0.44709712,0.19287875,0.0,0.22764525,0.0,0.0,0.0,0.118643485,0.0,0.0,0.0,0.0,0.0,0.0,0.0,0.0,0.0,0.0,1.3260165,0.0,0.0,0.0,0.0,0.0,0.0,0.0,0.0,0.0,0.0,0.70429134,0.44312698,0.0,0.0,0.0,0.0,0.0,0.0,0.0,0.0,0.0,0.0,0.0,0.0,0.0,1.2728392,0.0,0.68624043,0.35469165,0.0,0.0,0.0,0.0,1.1876495,0.0,0.22029711,0.0,0.0,0.0,0.6074481,0.0,0.0,1.2059407,0.0,0.0,0.0,0.2652142304167462,0.9751365000362777,0.32608695652173914,0.9782608695652174
NC(=O)c1c(Oc2cccc(CNS(N)(=O)=O)c2)cc(F)c(F)c1Nc1ccc(I)cc1F,CHEMBL3746640,NC(=O)c1c(Oc2cccc(CNS(N)(=O)=O)c2)cc(F)c(F)c1Nc1ccc(I)cc1F,5.3,inactive,Inactive,0.0,0.0,0.0,0.0,1.1966279,0.0,0.0,0.0,0.0,0.0,0.0,0.0,0.0,0.0,0.0,0.0,0.0,0.0,0.0,0.0,0.0,0.0,0.06724026,0.0,0.0,0.0,0.0,0.0,0.0,0.0,1.7774379,0.0,0.0,1.8560535,0.0,0.0,1.1156195,0.39777315,0.0,0.0,0.0,0.0,0.83313614,0.0,1.017844,0.54910696,0.0,0.0,0.0,0.0,0.0,0.0,0.0,0.0,0.0,0.0,0.0,0.0,0.0,0.0,0.0,0.0,0.7473235,0.6768867,0.0,0.0,0.0,0.0,0.0,0.0,0.07857429,0.0,0.0,0.0,0.0,0.0,0.0,0.0,0.0,0.0,0.0,1.622361,0.0,0.0,0.0,0.0,0.0,0.0,0.0,0.0,0.0,0.0,0.9419728,0.07002099,0.0,0.0,0.0,0.0,0.0,0.0,0.0,0.0,0.0,0.0,0.0,0.0,0.0,1.5623358,0.0,0.8726113,0.16142684,0.0,0.0,0.0,0.0,1.3407638,0.0,0.0,0.0,0.0,0.0,0.77089757,0.0,0.0,1.5050582,0.0,0.0,0.0,0.2594712040704624,0.9839101155926729,0.2826086956521739,0.9782608695652174
NC(=O)c1c(Oc2cccc(CS(N)(=O)=O)c2)cc(F)c(F)c1Nc1ccc(I)cc1F,CHEMBL3746031,NC(=O)c1c(Oc2cccc(CS(N)(=O)=O)c2)cc(F)c(F)c1Nc1ccc(I)cc1F,5.66,inactive,Inactive,0.0,0.0,0.0,0.0,1.1504308,0.0,0.0,0.0,0.0,0.0,0.0,0.0,0.0,0.0,0.0,0.0,0.0,0.0,0.0,0.0,0.0,0.0,0.17817885,0.0,0.0,0.0,0.0,0.0,0.0,0.0,1.6696047,0.0,0.0,1.7747114,0.0,0.0,1.0652275,0.3366582,0.0,0.0,0.0,0.0,0.8132408,0.0,1.0120859,0.5043454,0.0,0.0,0.0,0.0,0.0,0.0,0.02333559,0.0,0.0,0.0,0.0,0.025529664,0.0,0.0,0.0,0.0,0.73186684,0.6651978,0.006036125,0.0,0.0,0.0,0.0,0.0,0.0,0.0,0.0,0.0,0.0,0.0,0.0,0.0,0.0,0.0,0.0,1.4687709,0.0,0.0,0.0,0.0,0.0,0.0,0.0,0.0,0.0,0.0,0.8709215,0.18096532,0.0,0.0,0.0,0.0,0.0,0.0,0.0,0.0,0.0,0.0,0.0,0.0,0.0,1.45142,0.0,0.83898836,0.21094629,0.0,0.0,0.0,0.0,1.3509384,0.0,0.017512951,0.0,0.0,0.0,0.72438836,0.0,0.0,1.4077607,0.0,0.0,0.0,0.2573287625396857,0.9869465683752018,0.30434782608695654,1.0
NCCCCNC(=O)c1cc(S(N)(=O)=O)cnc1Sc1c(F)c(F)cc(F)c1F,CHEMBL1099151,NCCCCNC(=O)c1cc(S(N)(=O)=O)cnc1Sc1c(F)c(F)cc(F)c1F,7.34,active,Active,1.1674173,0.0,0.0,0.0,0.0,0.0,0.0,0.0,0.0,0.0,0.0,0.0,0.0,0.0,0.0,0.0,0.0,0.0,0.0,0.0,0.0,0.0,1.8852577,0.0,0.0,1.6744108,0.0,0.0,0.0,0.0,0.0,0.0,0.625561,0.0,0.0,1.3661523,0.0,0.0,0.0,0.0,0.0,1.5008864,0.0,0.0,2.5054152,1.5733993,0.0,0.0,1.5042177,0.0,1.6317632,0.0,0.0,0.0,0.014215589,0.0,0.0,1.7076179,0.0,0.0,0.0,0.0,0.0,0.0,1.7107308,0.0,2.1428905,0.0,0.0,0.0,0.95267785,0.0,0.0,0.0,0.0,0.0,0.0,0.0,0.0,0.0,0.0,0.0,0.0,0.0,0.0,0.0,0.0,1.5772498,0.0,0.0,1.5576395,0.0,0.0,2.314048,0.0,1.7270435,0.0,0.0,0.0,0.0,0.0,0.0,0.0,0.0,0.0,1.414157,0.0,0.0,0.0,0.0,1.877283,0.8596719,2.0202506,0.0,0.0,0.0,0.0,2.0702507,0.0,0.054371245,0.0,0.0,0.0,0.0,0.0,0.0,0.0,0.0,0.7136543220486435,0.7092762781519745,0.717391304347826,0.6956521739130435
NCCc1ccc(S(N)(=O)=O)cc1,CHEMBL7087,NCCc1ccc(S(N)(=O)=O)cc1,5.51,inactive,Inactive,0.0,0.0,0.0,0.0,0.26240364,0.0,0.0,0.0,0.0,0.0,0.0,0.0,0.0,0.0,0.0,0.0,0.0,0.0,0.0,0.0,0.0,0.0,0.34432426,0.0,0.0,0.0,0.0,0.0,0.0,0.0,0.99274164,0.0,0.0,0.68603957,0.0,0.0007753819,0.40643397,0.42401373,0.0,0.0,0.0,0.0,0.24115837,0.0,1.2729675,0.83985776,0.0,0.0,0.0,0.0,0.0,0.0,0.022218054,0.0,0.0,0.0,0.0,0.2854837,0.0,0.0,0.0,0.0,0.0,0.8386537,0.25314713,0.0,0.16684975,0.0,0.0,0.0,0.36105534,0.0,0.0,0.0,0.11852286,0.0,0.0,0.0,0.0,0.0,0.0,1.0231112,0.0,0.0,0.0,0.0,0.0,0.0,0.0,0.0,0.0,0.0,0.50977653,0.15313809,0.0,0.0,0.0,0.0,0.0,0.0,0.0,0.0,0.0,0.0,0.0,0.02324522,0.0,0.7193569,0.0,0.0,0.43402472,0.0,0.0,0.0,0.0,0.0,0.0,0.0,0.0,0.0,0.0,0.23138796,0.0,0.0,0.69029766,0.0,0.0,0.0,0.23770610308729334,0.8445786293677126,0.21739130434782608,0.8043478260869565
NCc1cc2cc(S(N)(=O)=O)sc2s1,CHEMBL50929,NCc1cc2cc(S(N)(=O)=O)sc2s1,7.85,active,Active,1.8210104,0.0,0.0,0.0,0.0,0.0,0.0,0.0,0.0,0.0,0.0,0.0,0.0,0.0,0.0,0.0,0.023921724,0.0,0.0,0.0,0.0,0.0,3.3042564,0.0,0.0,2.6589398,0.0,0.0,0.0,0.0,0.0,0.0,1.3418802,0.0,0.0,2.7281513,0.0,0.0,0.0,0.0,0.0,2.6999943,0.0,0.0,3.353089,2.2053678,0.0,0.0,2.7493048,0.0,3.2911785,0.0,0.0,0.0,0.45127332,0.0,0.0,2.8435783,0.0,0.0,0.0,0.0,0.0,0.0,2.9147775,0.0,3.70881,0.0,0.0,0.0,1.961869,0.0,0.0,0.0,0.0,0.0,0.0,0.0,0.0,0.0,0.0,0.0,0.0,0.0,0.0,0.0,0.0,2.7986386,0.0,0.0,2.4747093,0.0,0.0,4.221656,0.0,3.133125,0.0,0.0,0.0,0.0,0.0,0.0,0.0,0.0,0.0,2.0535588,0.0,0.0,0.0,0.0,2.8101945,1.3522161,3.2933974,0.0,0.0,0.0,0.0,3.5767355,0.0,0.3175889,0.0,0.0,0.0,0.0,0.0,0.0,0.0,0.0,0.9969581704051795,0.8626611143827122,0.9782608695652174,0.9130434782608695
NCc1ccc(S(N)(=O)=O)cc1,CHEMBL419,NCc1ccc(S(N)(=O)=O)cc1,5.4,inactive,Inactive,0.0,0.0,0.0,0.0,0.55989975,0.0,0.0,0.0,0.0,0.0,0.0,0.0,0.0,0.0,0.0,0.0,0.0,0.0,0.0,0.0,0.0,0.0,0.38991222,0.0,0.0,0.0,0.0,0.0,0.0,0.0,1.5173056,0.0,0.0,1.0057429,0.0,0.03857576,0.72948617,0.6464402,0.0,0.0,0.0,0.0,0.5621231,0.0,1.2571582,0.95969796,0.0,0.0,0.029111654,0.0,0.0,0.0,0.09087903,0.0,0.0,0.0,0.0,0.3256843,0.0,0.0,0.0,0.0,0.0,0.79991585,0.23981377,0.0,0.17837834,0.0,0.0,0.0,0.37168625,0.0,0.0,0.0,0.068384446,0.0,0.0,0.0,0.0,0.0,0.0,1.4303896,0.0,0.0,0.0,0.0,0.0,0.05519229,0.0,0.0,0.0,0.0,0.8171818,0.14704196,0.0,0.0,0.0,0.0,0.0,0.0,0.0,0.0,0.0,0.0,0.0,0.0274298,0.0,1.2206668,0.0,0.18392529,0.47478166,0.11404665,0.0,0.0,0.0,0.0,0.0,0.0,0.0,0.0,0.0,0.5634034,0.0,0.0,1.1464432,0.0,0.0,0.0,0.2192354076133089,0.8886061978972086,0.17391304347826086,0.8478260869565217
NCc1ccccn1.NS(=O)(=O)c1cc(C(=O)O)c(Cl)cc1Cl,CHEMBL590825,NCc1ccccn1.NS(=O)(=O)c1cc(C(=O)O)c(Cl)cc1Cl,6.54,medium,Medium,0.61260176,0.0,0.0,0.0,0.0,0.0,0.0,0.0,0.0,0.0,0.0,0.0,0.0,0.0,0.0,0.0,0.0,0.0,0.0,0.0,0.0,0.0,1.4326113,0.0,0.0,1.1317717,0.0,0.0,0.0,0.0,0.0,0.0,0.38910532,0.0,0.0,0.9369886,0.0,0.0,0.0,0.0,0.0,0.88265395,0.0,0.0,1.7496172,1.098537,0.0,0.0,1.0460864,0.0,1.0875694,0.0,0.0,0.0,0.0,0.0,0.0,1.2278879,0.0,0.0,0.0,0.0,0.0,0.0,1.0713087,0.0,1.5183992,0.0,0.0,0.0,0.36523187,0.0,0.0,0.0,0.0,0.0,0.0,0.0,0.0,0.0,0.0,0.0,0.0,0.0,0.0,0.0,0.0,1.0455582,0.0,0.0,0.77243686,0.0,0.0,1.6287161,0.0,1.0708334,0.0,0.0,0.0,0.0,0.0,0.0,0.0,0.0,0.0,0.8961937,0.0,0.0,0.0,0.0,1.2311077,0.596376,1.1865793,0.0,0.0,0.0,0.0,1.4257793,0.0,0.0,0.0,0.0,0.0,0.0,0.0,0.0,0.0,0.0,0.49390769044366944,0.5794100509241589,0.4782608695652174,0.5869565217391304
NNc1ccc(S(N)(=O)=O)cc1,CHEMBL7204,NNc1ccc(S(N)(=O)=O)cc1,7.1,active,Active,0.57306325,0.0,0.0,0.0,0.0,0.0,0.0,0.0,0.0,0.0,0.0,0.0,0.0,0.0,0.0,0.0,0.0,0.0,0.0,0.0,0.0,0.0,1.2499956,0.0,0.0,0.92128414,0.0,0.0,0.0,0.0,0.7455764,0.0,0.25959593,0.013266865,0.0,0.7368826,0.10483343,0.27714887,0.0,0.0,0.0,0.5594229,0.26968336,0.0,1.6457133,1.4014626,0.0,0.0,0.82528216,0.0,0.64547914,0.0,0.0,0.0,0.0,0.0,0.0,1.1127871,0.0,0.0,0.0,0.0,0.0,0.15650007,0.79801184,0.0,1.2648019,0.0,0.0,0.0,0.0,0.0,0.0,0.0,0.0,0.0,0.0,0.0,0.0,0.0,0.0,0.8774905,0.0,0.0,0.0,0.0,0.0,0.9627009,0.0,0.0,0.34149027,0.0,0.20887166,1.062503,0.0,0.42545915,0.0,0.0,0.0,0.0,0.0,0.0,0.0,0.0,0.0,0.9401883,0.0,0.35037237,0.0,0.0,1.1899267,0.97900814,0.7561304,0.0,0.0,0.0,0.0,1.0365252,0.0,0.0,0.0,0.04798547,0.0,0.0,0.3712262,0.0,0.0,0.0,0.3975054399394756,0.6109919140313859,0.41304347826086957,0.6304347826086957
NNc1ccccc1S(N)(=O)=O,CHEMBL176495,NNc1ccccc1S(N)(=O)=O,7.1,active,Active,0.52305746,0.0,0.0,0.0,0.0,0.0,0.0,0.0,0.0,0.0,0.0,0.0,0.0,0.0,0.0,0.0,0.0,0.0,0.0,0.0,0.0,0.0,1.1559923,0.0,0.0,0.82949406,0.0,0.0,0.0,0.0,0.6197356,0.0,0.24530932,0.0,0.0,0.7161757,0.0,0.24389046,0.0,0.0,0.0,0.54994637,0.13899593,0.0,1.6567055,1.412198,0.0,0.0,0.7533308,0.0,0.6209089,0.0,0.0,0.0,0.0,0.0,0.0,1.0481548,0.0,0.0,0.0,0.0,0.0,0.15266423,0.8374874,0.0,1.2000262,0.0,0.0,0.0,0.10654486,0.0,0.0,0.0,0.0,0.0,0.0,0.0,0.0,0.0,0.0,0.80102164,0.0,0.0,0.0,0.0,0.0,0.9105606,0.0,0.0,0.30234236,0.0,0.14018016,1.0657314,0.0,0.4044065,0.0,0.0,0.0,0.0,0.0,0.0,0.0,0.0,0.0,0.89415115,0.0,0.19357789,0.0,0.0,1.1245533,0.9534775,0.7235368,0.0,0.0,0.0,0.0,0.9166698,0.0,0.0,0.0,0.0,0.0,0.0,0.29067558,0.0,0.0,0.0,0.39115452809361556,0.6170053797576688,0.3913043478260869,0.6304347826086957
NS(=O)(=O)C(F)(F)F,CHEMBL67511,NS(=O)(=O)C(F)(F)F,7.89,active,Active,0.0,0.0,0.0,0.0,1.1612765,0.0,0.0,0.0,0.0,0.0,0.0,0.0,0.0,0.0,0.0,0.0,0.0,0.0,0.0,0.0,0.0,0.0,0.0,0.0,0.0,0.0,0.0,0.0,0.0,0.0,3.8780477,0.0,0.0,2.3324661,0.0,0.0,1.6758386,1.6431171,0.0,0.0,0.0,0.0,0.49481094,0.0,2.497496,3.0797236,0.0,0.0,0.0,0.0,0.0,0.0,0.0,0.0,0.0,0.0,0.0,0.0,0.0,0.0,0.0,0.0,0.0,0.479586,0.18454698,0.0,0.0,0.0,0.0,0.0,3.8718889,0.0,0.0,0.0,5.997596,0.0,0.0,0.0,0.0,0.0,0.0,5.2130976,0.0,0.0,0.0,0.0,0.0,0.0,0.0,0.0,0.0,0.0,2.1607623,0.0,0.0,0.0,0.0,0.0,0.0,0.0,0.0,0.0,0.0,0.0,0.0,0.0,0.0,3.3205612,0.0,0.0,0.0,0.0,0.0,0.0,0.0,0.0,0.0,0.0,0.0,0.0,0.0,1.2604649,0.0,0.0,2.9597585,0.0,0.0,0.0,0.1555683917855329,0.9495966411617763,0.10869565217391304,0.9565217391304348
NS(=O)(=O)CS(=O)(=O)CCCc1ccccc1,CHEMBL304744,NS(=O)(=O)CS(=O)(=O)CCCc1ccccc1,6.72,medium,Medium,0.0,0.0,0.0,0.0,0.31446743,0.0,0.0,0.0,0.0,0.0,0.0,0.0,0.0,0.0,0.0,0.0,0.0,0.0,0.0,0.0,0.0,0.0,0.0,0.0,0.0,0.0,0.0,0.0,0.0,0.0,1.6656048,0.0,0.0,0.8241569,0.0,0.0,0.7590485,0.9426334,0.0,0.0,0.0,0.0,0.40569103,0.0,1.3649879,1.1861615,0.0,0.0,0.0,0.0,0.0,0.0,0.0034519862,0.0,0.0,0.0,0.0,0.0,0.0,0.0,0.0,0.0,0.0,0.9145143,0.2391318,0.0,0.0,0.0,0.0,0.0,0.964941,0.0,0.0,0.0,1.2202396,0.0,0.0,0.0,0.0,0.0,0.0,1.8787755,0.0,0.0,0.0,0.0,0.0,0.0,0.0,0.0,0.0,0.0,0.98745173,0.0,0.0,0.0,0.0,0.0,0.0,0.0,0.0,0.0,0.0,0.0,0.0,0.0,0.0,1.2930484,0.0,0.043979816,0.17499465,0.0,0.0,0.0,0.0,0.0,0.0,0.0,0.0,0.0,0.0,0.60132587,0.0,0.0,1.3383188,0.0,0.0,0.0,0.1743488591448394,0.9183309906130004,0.15217391304347827,0.8695652173913043
NS(=O)(=O)CS(=O)(=O)CCc1ccccc1,CHEMBL67823,NS(=O)(=O)CS(=O)(=O)CCc1ccccc1,7.0,active,Active,0.0,0.0,0.0,0.0,0.1997559,0.0,0.0,0.0,0.0,0.0,0.0,0.0,0.0,0.0,0.0,0.0,0.0,0.0,0.0,0.0,0.0,0.0,0.28721613,0.0,0.0,0.0,0.0,0.0,0.0,0.0,1.6365712,0.0,0.011373226,0.5212804,0.0,0.0,0.6963122,0.98502237,0.0,0.0,0.0,0.073066,0.45806247,0.0,1.4854951,1.4629573,0.0,0.0,0.0,0.0,0.0,0.0,0.0,0.0,0.0,0.0,0.0,0.23996206,0.0,0.0,0.0,0.0,0.0,0.6642268,0.48718607,0.0,0.20906913,0.0,0.0,0.0,0.9129107,0.0,0.0,0.0,1.0286853,0.0,0.0,0.0,0.0,0.0,0.0,1.8481369,0.0,0.0,0.0,0.0,0.0,0.24841212,0.0,0.0,0.0,0.0,0.9385564,0.13513966,0.0,0.0,0.0,0.0,0.0,0.0,0.0,0.0,0.0,0.0,0.0,0.0,0.0,1.2527447,0.0,0.0,0.4958488,0.3500021,0.0,0.0,0.0,0.0,0.0,0.0,0.0,0.0,0.0,0.6196891,0.0,0.0,1.2821659,0.0,0.0,0.0,0.17546157243660684,0.9126879716831562,0.17391304347826086,0.8695652173913043
NS(=O)(=O)CS(=O)(=O)c1ccc(O)cc1,CHEMBL67154,NS(=O)(=O)CS(=O)(=O)c1ccc(O)cc1,6.4,medium,Medium,0.0,0.0,0.0,0.0,0.51338726,0.0,0.0,0.0,0.0,0.0,0.0,0.0,0.0,0.0,0.0,0.0,0.0,0.0,0.0,0.0,0.0,0.0,0.60406834,0.0,0.0,0.0,0.0,0.0,0.0,0.0,1.8485757,0.0,0.21162012,0.92446154,0.0,0.0,0.8462003,0.89220977,0.0,0.0,0.0,0.31772497,0.47938573,0.0,1.7434288,1.6814314,0.0,0.0,0.2505995,0.0,0.023083594,0.0,0.0,0.0,0.0,0.0,0.0,0.46971825,0.0,0.0,0.0,0.0,0.0,0.5776545,0.7293789,0.0,0.56486464,0.0,0.0,0.0,1.2205244,0.0,0.0,0.0,1.1637115,0.0,0.0,0.0,0.0,0.0,0.0,2.0097516,0.0,0.0,0.0,0.0,0.0,0.65372163,0.0,0.0,0.0,0.0,0.9571602,0.52646863,0.0,0.0,0.0,0.0,0.0,0.0,0.0,0.0,0.0,0.0,0.0,0.017210383,0.0,1.5662863,0.0,0.0,0.76806074,0.39045477,0.0,0.0,0.0,0.0,0.0,0.0,0.0,0.0,0.0,0.67403626,0.0,0.0,1.3812448,0.0,0.0,0.0,0.16787607433961707,0.9225198378846697,0.13043478260869565,0.8913043478260869
NS(=O)(=O)CSCCCc1ccccc1,CHEMBL66752,NS(=O)(=O)CSCCCc1ccccc1,5.92,inactive,Inactive,0.0,0.0,0.0,0.0,0.5910788,0.0,0.0,0.0,0.0,0.0,0.0,0.0,0.0,0.0,0.0,0.0,0.0,0.0,0.0,0.0,0.0,0.0,0.0,0.0,0.0,0.0,0.0,0.0,0.0,0.0,1.8297316,0.0,0.0,1.1932402,0.0,0.0,0.90874976,0.9456593,0.0,0.0,0.0,0.0,0.6037017,0.0,1.0569443,0.7877418,0.0,0.0,0.0,0.0,0.0,0.0,0.14542903,0.0,0.0,0.0,0.0,0.0,0.0,0.0,0.0,0.0,0.0,1.0965002,0.0,0.0,0.0,0.0,0.0,0.0,0.480317,0.0,0.0,0.0,0.84409344,0.0,0.0,0.0,0.0,0.0,0.0,1.8852365,0.0,0.0,0.0,0.0,0.0,0.0,0.0,0.0,0.0,0.0,1.0978804,0.0,0.0,0.0,0.0,0.0,0.0,0.0,0.0,0.0,0.0,0.0,0.0,0.0,0.0,1.4355295,0.0,0.4989083,0.0,0.0,0.0,0.0,0.0,0.076365605,0.0,0.0,0.0,0.0,0.0,0.7380817,0.0,0.0,1.52903,0.0,0.0,0.0,0.19222224961661546,0.9249548038017832,0.17391304347826086,0.8913043478260869
NS(=O)(=O)CSCCc1ccccc1,CHEMBL66513,NS(=O)(=O)CSCCc1ccccc1,5.7,inactive,Inactive,0.0,0.0,0.0,0.0,0.595878,0.0,0.0,0.0,0.0,0.0,0.0,0.0,0.0,0.0,0.0,0.0,0.0,0.0,0.0,0.0,0.0,0.0,0.0,0.0,0.0,0.0,0.0,0.0,0.0,0.0,1.954621,0.0,0.0,1.0744398,0.0,0.0,0.9458079,1.0229771,0.0,0.0,0.0,0.0,0.73739153,0.0,1.1418746,1.0276587,0.0,0.0,0.0,0.0,0.0,0.0,0.11193706,0.0,0.0,0.0,0.0,0.0,0.0,0.0,0.0,0.0,0.0,0.9420621,0.014749333,0.0,0.0,0.0,0.0,0.0,0.45215887,0.0,0.0,0.0,0.6649558,0.0,0.0,0.0,0.0,0.0,0.0,1.9684535,0.0,0.0,0.0,0.0,0.0,0.0,0.0,0.0,0.0,0.0,1.1321415,0.0,0.0,0.0,0.0,0.0,0.0,0.0,0.0,0.0,0.0,0.0,0.0,0.0,0.031467848,1.5364203,0.0,0.41500783,0.11635203,0.0,0.0,0.0,0.0,0.0,0.0,0.0,0.0,0.0,0.0,0.8588287,0.0,0.0,1.5999606,0.0,0.0,0.0,0.1895331408368455,0.9299219806890117,0.17391304347826086,0.9130434782608695
NS(=O)(=O)CSc1ccc(O)cc1,CHEMBL69926,NS(=O)(=O)CSc1ccc(O)cc1,5.54,inactive,Inactive,0.0,0.0,0.0,0.0,0.9218129,0.0,0.0,0.0,0.0,0.0,0.0,0.0,0.0,0.0,0.0,0.0,0.0,0.0,0.0,0.0,0.0,0.0,0.21993336,0.0,0.0,0.0,0.0,0.0,0.0,0.0,2.2015135,0.0,0.01866464,1.4657837,0.0,0.0,1.1358869,0.8573704,0.0,0.0,0.0,0.0,0.7926892,0.0,1.4325563,1.252019,0.0,0.0,0.0,0.0,0.0,0.0,0.08093608,0.0,0.0,0.0,0.0,0.14378531,0.0,0.0,0.0,0.0,0.0,0.8292125,0.22879826,0.0,0.05447873,0.0,0.0,0.0,0.63930666,0.0,0.0,0.0,0.66619605,0.0,0.0,0.0,0.0,0.0,0.0,2.0543997,0.0,0.0,0.0,0.0,0.0,0.17704628,0.0,0.0,0.0,0.0,1.1361419,0.10093595,0.0,0.0,0.0,0.0,0.0,0.0,0.0,0.0,0.0,0.0,0.0,0.0,0.0,1.8095617,0.0,0.45013848,0.46056792,0.09766716,0.0,0.0,0.0,0.0,0.0,0.0,0.0,0.0,0.0,0.9425765,0.0,0.0,1.6320734,0.0,0.0,0.0,0.1720571318680777,0.9362673496144159,0.17391304347826086,0.9347826086956521
NS(=O)(=O)NCC1CCc2ccccc2O1,CHEMBL175644,NS(=O)(=O)NCC1CCc2ccccc2O1,4.15,inactive,Inactive,0.0,0.0,0.0,0.0,0.3882219,0.0,0.0,0.0,0.0,0.0,0.0,0.0,0.0,0.0,0.0,0.0,0.0,0.0,0.0,0.0,0.0,0.0,0.004431961,0.0,0.0,0.0,0.0,0.0,0.0,0.0,1.2250936,0.0,0.0,0.9219655,0.0,0.0,0.50974596,0.6429591,0.0,0.0,0.0,0.0,0.43682116,0.0,1.1157839,0.69847095,0.0,0.0,0.0,0.0,0.0,0.0,0.29088727,0.0,0.0,0.0,0.0,0.008866381,0.0,0.0,0.0,0.0,0.0,1.5545467,0.0,0.0,0.0,0.0,0.0,0.0,0.07123382,0.0,0.0,0.0,0.17683223,0.0,0.0,0.0,0.0,0.0,0.0,0.85756505,0.0,0.0,0.0,0.0,0.0,0.0,0.0,0.0,0.0,0.0,0.5890507,0.0,0.0,0.0,0.0,0.0,0.0,0.0,0.0,0.0,0.0,0.0,0.0,0.0,0.0,0.9274209,0.0,0.0,0.37580138,0.0,0.0,0.0,0.0,0.0,0.0,0.0,0.0,0.0,0.0,0.46896648,0.0,0.0,1.0512818,0.0,0.0,0.0,0.2346534253127481,0.8635532288324974,0.21739130434782608,0.8260869565217391
NS(=O)(=O)NCC1COc2ccccc2OC1,CHEMBL3093012,NS(=O)(=O)NCC1COc2ccccc2OC1,4.77,inactive,Inactive,0.0,0.0,0.0,0.0,0.7359547,0.0,0.0,0.0,0.0,0.0,0.0,0.0,0.0,0.0,0.0,0.0,0.0,0.0,0.0,0.0,0.0,0.0,0.0010088661,0.0,0.0,0.0,0.0,0.0,0.0,0.0,1.629898,0.0,0.0,1.2718347,0.0,0.0,0.83512557,0.85723525,0.0,0.0,0.0,0.0,0.7369966,0.0,0.916517,0.5448871,0.0,0.0,0.0,0.0,0.0,0.0,0.50401306,0.0,0.0,0.0,0.0,0.0,0.0,0.0,0.0,0.0,0.015626706,1.5688394,0.0,0.0,0.0,0.0,0.0,0.0,0.0,0.0,0.0,0.0,0.0,0.0,0.0,0.0,0.0,0.0,0.0,1.2331432,0.0,0.0,0.0,0.0,0.0,0.0,0.0,0.0,0.0,0.0,0.8661422,0.0,0.0,0.0,0.0,0.0,0.0,0.0,0.0,0.0,0.0,0.0,0.0,0.0,0.0,1.304016,0.0,0.43501762,0.2437562,0.0,0.0,0.0,0.0,0.25567845,0.0,0.0,0.0,0.0,0.0,0.7608404,0.0,0.0,1.4476976,0.0,0.0,0.0,0.21722283781337326,0.9265040053636886,0.2391304347826087,0.9130434782608695
NS(=O)(=O)NCC1Oc2ccccc2O1,CHEMBL177623,NS(=O)(=O)NCC1Oc2ccccc2O1,4.15,inactive,Inactive,0.0,0.0,0.0,0.0,0.8687657,0.0,0.0,0.0,0.0,0.0,0.0,0.0,0.0,0.0,0.0,0.0,0.0,0.0,0.0,0.0,0.0,0.0,0.066407345,0.0,0.0,0.0,0.0,0.0,0.0,0.0,1.8851213,0.0,0.0,1.3290483,0.0,0.0,0.97221303,0.8858372,0.0,0.0,0.0,0.0,0.8932284,0.0,1.002709,0.74509716,0.0,0.0,0.0,0.0,0.0,0.0,0.17662406,0.0,0.0,0.0,0.0,0.010363746,0.0,0.0,0.0,0.0,0.2173191,1.0122756,0.0,0.0,0.0,0.0,0.0,0.0,0.0,0.0,0.0,0.0,0.0,0.0,0.0,0.0,0.0,0.0,0.0,1.7871411,0.0,0.0,0.0,0.0,0.0,0.0,0.0,0.0,0.0,0.0,1.056936,0.0,0.0,0.0,0.0,0.0,0.0,0.0,0.0,0.0,0.0,0.0,0.0,0.0,0.0,1.5253962,0.0,0.651197,0.192667,0.010762602,0.0,0.0,0.0,0.671772,0.0,0.0,0.0,0.0,0.0,0.79586947,0.0,0.0,1.6386491,0.0,0.0,0.0,0.2092332168445463,0.9434934618900135,0.19565217391304346,0.9347826086956521
NS(=O)(=O)NCCC1COc2ccccc2O1,CHEMBL3093001,NS(=O)(=O)NCCC1COc2ccccc2O1,4.6,inactive,Inactive,0.0,0.0,0.0,0.0,0.5953818,0.0,0.0,0.0,0.0,0.0,0.0,0.0,0.0,0.0,0.0,0.0,0.0,0.0,0.0,0.0,0.0,0.0,0.19366941,0.0,0.0,0.0,0.0,0.0,0.0,0.0,1.4842933,0.0,0.0,1.0741819,0.0,0.0,0.7945367,0.7845472,0.0,0.0,0.0,0.0,0.66428125,0.0,0.9974239,0.5617653,0.0,0.0,0.0,0.0,0.0,0.0,0.47974634,0.0,0.0,0.0,0.0,0.16351123,0.0,0.0,0.0,0.0,0.0124547705,1.3958292,0.0,0.0,0.012637304,0.0,0.0,0.0,0.0,0.0,0.0,0.0,0.0,0.0,0.0,0.0,0.0,0.0,0.0,1.158709,0.0,0.0,0.0,0.0,0.0,0.0,0.0,0.0,0.0,0.0,0.83923763,0.0,0.0,0.0,0.0,0.0,0.0,0.0,0.0,0.0,0.0,0.0,0.0,0.0,0.0,1.1305732,0.0,0.47528228,0.26179412,0.017219976,0.0,0.0,0.0,0.32050675,0.0,0.0,0.0,0.0,0.0,0.68072313,0.0,0.0,1.2698882,0.0,0.0,0.0,0.22145057773601307,0.916165460685563,0.21739130434782608,0.8913043478260869
NS(=O)(=O)NC[C@@H]1COc2ccccc2O1,CHEMBL3092998,NS(=O)(=O)NC[C@@H]1COc2ccccc2O1,4.11,inactive,Inactive,0.0,0.0,0.0,0.0,1.0001053,0.0,0.0,0.0,0.0,0.0,0.0,0.0,0.0,0.0,0.0,0.0,0.0,0.0,0.0,0.0,0.0,0.0,0.11812552,0.0,0.0,0.0,0.0,0.0,0.0,0.0,2.1098118,0.0,0.0,1.5461344,0.0,0.0,1.18971,1.0545602,0.0,0.0,0.0,0.0,1.022545,0.0,0.89311105,0.5771329,0.0,0.0,0.0,0.0,0.0,0.0,0.58472276,0.0,0.0,0.0,0.0,0.07187332,0.0,0.0,0.0,0.0,0.28986186,1.3808061,0.0,0.0,0.0,0.0,0.0,0.0,0.0,0.0,0.0,0.0,0.0,0.0,0.0,0.0,0.0,0.0,0.0,1.720118,0.0,0.0,0.0,0.0,0.0,0.0,0.0,0.0,0.0,0.0,1.2142665,0.0,0.0,0.0,0.0,0.0,0.0,0.0,0.0,0.0,0.0,0.0,0.0,0.0,0.11514708,1.7161375,0.0,0.8870488,0.17722195,0.0140699,0.0,0.0,0.0,0.746274,0.0,0.0,0.0,0.0,0.0,1.0379858,0.0,0.0,1.8427026,0.0,0.0,0.0,0.20385019509112823,0.9977330162359458,0.17391304347826086,1.0
NS(=O)(=O)NC[C@H]1COc2c(F)cccc2O1,CHEMBL3093005,NS(=O)(=O)NC[C@H]1COc2c(F)cccc2O1,4.16,inactive,Inactive,0.0,0.0,0.0,0.0,1.0565307,0.0,0.0,0.0,0.0,0.0,0.0,0.0,0.0,0.0,0.0,0.0,0.0,0.0,0.0,0.0,0.0,0.0,0.08926385,0.0,0.0,0.0,0.0,0.0,0.0,0.0,1.9726261,0.0,0.0,1.6060647,0.0,0.0,1.1468287,0.88700867,0.0,0.0,0.0,0.0,0.9365497,0.0,0.87757427,0.5999254,0.0,0.0,0.0,0.0,0.0,0.0,0.4363125,0.0,0.0,0.0,0.0,0.015273172,0.0,0.0,0.0,0.0,0.38343418,1.1626563,0.0,0.0,0.0,0.0,0.0,0.0,0.0,0.0,0.0,0.0,0.0,0.0,0.0,0.0,0.0,0.0,0.0,1.7259215,0.0,0.0,0.0,0.0,0.0,0.0,0.0,0.0,0.0,0.0,1.1198567,0.0,0.0,0.0,0.0,0.0,0.0,0.0,0.0,0.0,0.0,0.0,0.0,0.0,0.0,1.6500393,0.0,0.84313637,0.18934053,0.0,0.0,0.0,0.0,0.7944695,0.0,0.0,0.0,0.0,0.0,0.93583417,0.0,0.0,1.7211626,0.0,0.0,0.0,0.2157037052169178,0.9589340122076692,0.21739130434782608,0.9347826086956521
NS(=O)(=O)NC[C@H]1COc2cc(Br)ccc2O1,CHEMBL3093007,NS(=O)(=O)NC[C@H]1COc2cc(Br)ccc2O1,4.44,inactive,Inactive,0.0,0.0,0.0,0.0,1.0036131,0.0,0.0,0.0,0.0,0.0,0.0,0.0,0.0,0.0,0.0,0.0,0.0,0.0,0.0,0.0,0.0,0.0,0.0,0.0,0.0,0.0,0.0,0.0,0.0,0.0,1.809882,0.0,0.0,1.7275212,0.0,0.0,1.0116383,0.57897824,0.0,0.0,0.0,0.0,0.5984835,0.0,1.2117941,0.8696568,0.0,0.0,0.0,0.0,0.0,0.0,0.0,0.0,0.0,0.0,0.0,0.0,0.0,0.0,0.0,0.0,0.24433382,0.70644045,0.041568696,0.0,0.0,0.0,0.0,0.0,0.60440475,0.0,0.0,0.0,0.37993088,0.0,0.0,0.0,0.0,0.0,0.0,1.9100872,0.0,0.0,0.0,0.0,0.0,0.0,0.0,0.0,0.0,0.0,1.0039726,0.0,0.0,0.0,0.0,0.0,0.0,0.0,0.0,0.0,0.0,0.0,0.0,0.0,0.0,1.6013268,0.0,0.5511874,0.22258097,0.0,0.0,0.0,0.0,0.6236985,0.0,0.0,0.0,0.0,0.0,0.6272813,0.0,0.0,1.6176374,0.0,0.0,0.0,0.20650601968310636,0.9349012670589222,0.19565217391304346,0.9130434782608695
NS(=O)(=O)NC[C@H]1COc2cc(Cl)c(Cl)cc2O1,CHEMBL3093009,NS(=O)(=O)NC[C@H]1COc2cc(Cl)c(Cl)cc2O1,4.52,inactive,Inactive,0.1454395,0.0,0.0,0.0,0.48703015,0.0,0.0,0.0,0.0,0.0,0.0,0.0,0.0,0.0,0.0,0.0,0.0,0.0,0.0,0.0,0.0,0.0,0.60670185,0.0,0.0,0.10253582,0.0,0.0,0.0,0.0,0.9561328,0.0,0.14548995,1.0541685,0.0,0.14764982,0.45243305,0.0,0.0,0.0,0.0,0.22726378,0.11061783,0.0,1.4900343,1.0739728,0.0,0.0,0.26614365,0.0,0.027757939,0.0,0.0,0.0,0.012822472,0.0,0.0,0.451991,0.0,0.0,0.0,0.0,0.0,0.33033288,0.5086111,0.0,0.5867027,0.0,0.0,0.0,0.6326534,0.0,0.0,0.0,0.0,0.0,0.0,0.0,0.0,0.0,0.0,1.1060753,0.0,0.0,0.0,0.0,0.0,0.257797,0.0,0.0,0.0,0.0,0.34883225,0.74238765,0.0,0.16719738,0.0,0.0,0.0,0.0,0.0,0.0,0.0,0.0,0.0,0.058382053,0.0,0.6654483,0.0,0.0,0.75277686,0.1367427,0.2817858,0.0,0.0,0.0,0.0,0.4746474,0.0,0.0,0.0,0.12655243,0.0,0.0,0.6939151,0.0,0.0,0.0,0.2585901557699989,0.8257100617147047,0.2608695652173913,0.7826086956521738
NS(=O)(=O)NC[C@H]1COc2cc(F)ccc2O1,CHEMBL3093006,NS(=O)(=O)NC[C@H]1COc2cc(F)ccc2O1,4.12,inactive,Inactive,0.0,0.0,0.0,0.0,1.0956527,0.0,0.0,0.0,0.0,0.0,0.0,0.0,0.0,0.0,0.0,0.0,0.0,0.0,0.0,0.0,0.0,0.0,0.2086335,0.0,0.0,0.0,0.0,0.0,0.0,0.0,1.8803515,0.0,0.0,1.6460798,0.0,0.0,1.1348691,0.75959396,0.0,0.0,0.0,0.0,0.90618753,0.0,0.9311683,0.6291422,0.0,0.0,0.0,0.0,0.0,0.0,0.37159073,0.0,0.0,0.0,0.0,0.106322244,0.0,0.0,0.0,0.0,0.44328964,1.0750926,0.0,0.0,0.0662966,0.0,0.0,0.0,0.0,0.0,0.0,0.0,0.0,0.0,0.0,0.0,0.0,0.0,0.0,1.6725755,0.0,0.0,0.0,0.0,0.0,0.0,0.0,0.0,0.0,0.0,1.0433427,0.06890954,0.0,0.0,0.0,0.0,0.0,0.0,0.0,0.0,0.0,0.0,0.0,0.0,0.0,1.5782651,0.0,0.83465314,0.28805742,0.0,0.0,0.0,0.0,0.8573716,0.0,0.0,0.0,0.0,0.0,0.9007719,0.0,0.0,1.6488158,0.0,0.0,0.0,0.21844077140419824,0.960623580395054,0.2391304347826087,0.9565217391304348
NS(=O)(=O)NC[C@H]1COc2ccc(Cl)cc2O1,CHEMBL3093003,NS(=O)(=O)NC[C@H]1COc2ccc(Cl)cc2O1,4.44,inactive,Inactive,0.0,0.0,0.0,0.0,0.8606896,0.0,0.0,0.0,0.0,0.0,0.0,0.0,0.0,0.0,0.0,0.0,0.0,0.0,0.0,0.0,0.0,0.0,0.35216072,0.0,0.0,0.0,0.0,0.0,0.0,0.0,1.6168393,0.0,0.0,1.408687,0.0,0.0,0.89966875,0.5437795,0.0,0.0,0.0,0.0,0.64740175,0.0,1.1421318,0.7908869,0.0,0.0,0.0,0.0,0.0,0.0,0.11847304,0.0,0.0,0.0,0.0,0.24335958,0.0,0.0,0.0,0.0,0.21549395,0.8873514,0.11040432,0.0,0.22546968,0.0,0.0,0.0,0.14077261,0.0,0.0,0.0,0.0,0.0,0.0,0.0,0.0,0.0,0.0,1.469794,0.0,0.0,0.0,0.0,0.0,0.0,0.0,0.0,0.0,0.0,0.8383642,0.27730036,0.0,0.0,0.0,0.0,0.0,0.0,0.0,0.0,0.0,0.0,0.0,0.0,0.0,1.2891628,0.0,0.5239496,0.44940594,0.05715064,0.0,0.0,0.0,0.4723374,0.0,0.109623566,0.0,0.0,0.0,0.65692264,0.0,0.0,1.3431894,0.0,0.0,0.0,0.21970059023959684,0.9279974590022712,0.2608695652173913,0.9130434782608695
NS(=O)(=O)NC[C@H]1COc2cccc(Cl)c2O1,CHEMBL3093004,NS(=O)(=O)NC[C@H]1COc2cccc(Cl)c2O1,4.25,inactive,Inactive,0.0,0.0,0.0,0.0,0.8178733,0.0,0.0,0.0,0.0,0.0,0.0,0.0,0.0,0.0,0.0,0.0,0.0,0.0,0.0,0.0,0.0,0.0,0.21448539,0.0,0.0,0.0,0.0,0.0,0.0,0.0,1.6799307,0.0,0.0,1.3603604,0.0,0.0,0.89829266,0.65292037,0.0,0.0,0.0,0.0,0.65387475,0.0,1.0864484,0.77729744,0.0,0.0,0.0,0.0,0.0,0.0,0.14702299,0.0,0.0,0.0,0.0,0.13610773,0.0,0.0,0.0,0.0,0.14463651,0.9405453,0.03851623,0.0,0.04721886,0.0,0.0,0.0,0.16643646,0.0,0.0,0.0,0.0,0.0,0.0,0.0,0.0,0.0,0.0,1.5350617,0.0,0.0,0.0,0.0,0.0,0.0,0.0,0.0,0.0,0.0,0.9012206,0.09032069,0.0,0.0,0.0,0.0,0.0,0.0,0.0,0.0,0.0,0.0,0.0,0.0,0.0,1.3464886,0.0,0.516344,0.34782216,0.016703669,0.0,0.0,0.0,0.38210145,0.0,0.0,0.0,0.0,0.0,0.673715,0.0,0.0,1.4036266,0.0,0.0,0.0,0.21329862855057752,0.9281297772520655,0.21739130434782608,0.9130434782608695
NS(=O)(=O)NC[C@H]1COc2ccccc2O1,CHEMBL3092997,NS(=O)(=O)NC[C@H]1COc2ccccc2O1,4.01,inactive,Inactive,0.0,0.0,0.0,0.0,1.0001053,0.0,0.0,0.0,0.0,0.0,0.0,0.0,0.0,0.0,0.0,0.0,0.0,0.0,0.0,0.0,0.0,0.0,0.11812552,0.0,0.0,0.0,0.0,0.0,0.0,0.0,2.1098118,0.0,0.0,1.5461344,0.0,0.0,1.18971,1.0545602,0.0,0.0,0.0,0.0,1.022545,0.0,0.89311105,0.5771329,0.0,0.0,0.0,0.0,0.0,0.0,0.58472276,0.0,0.0,0.0,0.0,0.07187332,0.0,0.0,0.0,0.0,0.28986186,1.3808061,0.0,0.0,0.0,0.0,0.0,0.0,0.0,0.0,0.0,0.0,0.0,0.0,0.0,0.0,0.0,0.0,0.0,1.720118,0.0,0.0,0.0,0.0,0.0,0.0,0.0,0.0,0.0,0.0,1.2142665,0.0,0.0,0.0,0.0,0.0,0.0,0.0,0.0,0.0,0.0,0.0,0.0,0.0,0.11514708,1.7161375,0.0,0.8870488,0.17722195,0.0140699,0.0,0.0,0.0,0.746274,0.0,0.0,0.0,0.0,0.0,1.0379858,0.0,0.0,1.8427026,0.0,0.0,0.0,0.20394407411138263,0.9962880743664007,0.19565217391304346,1.0
NS(=O)(=O)NCc1cccc2ccccc12,CHEMBL1088203,NS(=O)(=O)NCc1cccc2ccccc12,4.68,inactive,Inactive,0.0,0.0,0.0,0.0,1.4475586,0.0,0.0,0.0,0.0,0.0,0.0,0.0,0.0,0.0,0.0,0.0,0.0,0.0,0.0,0.0,0.0,0.0,0.34240556,0.0,0.0,0.0,0.0,0.0,0.0,0.0,2.5916462,0.0,0.0,2.0555654,0.0,0.0,1.5717828,1.094862,0.0,0.0,0.0,0.0,1.3838798,0.0,0.92972845,0.4642728,0.0,0.0,0.0,0.0,0.0,0.0,0.945891,0.0,0.0,0.0,0.0,0.2179993,0.0,0.0,0.0,0.0,0.6986358,1.5127867,0.0,0.0,0.035901774,0.0,0.0,0.0,0.0,0.0,0.0,0.0,0.0,0.0,0.0,0.0,0.0,0.0,0.0,1.8140712,0.0,0.0,0.0,0.0,0.0,0.0,0.0,0.0,0.0,0.0,1.4276868,0.0412786,0.0,0.0,0.0,0.0,0.0,0.0,0.0,0.0,0.0,0.0,0.0,0.0,0.1234821,2.170456,0.0,1.2784555,0.20512626,0.0,0.0,0.0,0.0,1.3724765,0.0,0.0,0.0,0.0,0.0,1.382833,0.0,0.0,2.0994325,0.0,0.0,0.0,0.20600772897584027,0.999193907180243,0.21739130434782608,1.0
NS(=O)(=O)NCc1coc2ccccc12,CHEMBL1077117,NS(=O)(=O)NCc1coc2ccccc12,5.15,inactive,Inactive,0.0,0.0,0.0,0.0,1.4793246,0.0,0.0,0.0,0.0,0.0,0.0,0.0,0.0,0.0,0.0,0.0,0.0,0.0,0.0,0.0,0.0,0.0,0.51751,0.0,0.0,0.0,0.0,0.0,0.0,0.0,2.270818,0.0,0.0,2.0977983,0.0,0.0,1.4846308,0.74472505,0.0,0.0,0.0,0.0,1.2182384,0.0,1.0611167,0.6222673,0.0,0.0,0.12433579,0.0,0.0,0.0,0.6611304,0.0,0.0,0.0,0.0,0.32181302,0.0,0.0,0.0,0.0,0.7969171,1.1313442,0.061126173,0.0,0.37660757,0.0,0.0,0.0,0.0,0.0,0.0,0.0,0.0,0.0,0.0,0.0,0.0,0.0,0.0,1.7966349,0.0,0.0,0.0,0.0,0.0,0.07030581,0.0,0.0,0.0,0.0,1.1926389,0.4047073,0.0,0.0,0.0,0.0,0.0,0.0,0.0,0.0,0.0,0.0,0.0,0.0,0.0,1.950115,0.0,1.1751155,0.39051592,0.0,0.0,0.0,0.0,1.3486917,0.0,0.19603395,0.0,0.0,0.0,1.209487,0.0,0.0,1.8815477,0.0,0.0,0.0,0.23466020894721235,0.9802769754348161,0.2391304347826087,0.9782608695652174
NS(=O)(=O)NCc1csc2ccc(Br)cc12,CHEMBL1084920,NS(=O)(=O)NCc1csc2ccc(Br)cc12,4.0,inactive,Inactive,0.0,0.0,0.0,0.0,1.4075086,0.0,0.0,0.0,0.0,0.0,0.0,0.0,0.0,0.0,0.0,0.0,0.0,0.0,0.0,0.0,0.0,0.0,0.32450736,0.0,0.0,0.0,0.0,0.0,0.0,0.0,1.7372539,0.0,0.065670505,2.195383,0.0,0.0,1.1937042,0.09475431,0.0,0.0,0.0,0.0,0.6525138,0.0,1.3985507,0.97059757,0.0,0.0,0.009849422,0.0,0.0,0.0,0.0,0.0,0.0,0.0,0.0,0.067060426,0.0,0.0,0.0,0.0,0.721993,0.21558043,0.40732574,0.0,0.284708,0.0,0.0,0.0,0.879894,0.0,0.0,0.0,0.29349247,0.0,0.0,0.0,0.0,0.0,0.0,1.9605958,0.0,0.0,0.0,0.0,0.0,0.0,0.0,0.0,0.0,0.0,0.84058386,0.53495413,0.0,0.0,0.0,0.0,0.0,0.0,0.0,0.0,0.0,0.0,0.0,0.0,0.0,1.672618,0.0,0.7080116,0.47117022,0.0,0.0,0.0,0.0,1.0849673,0.0,0.08674282,0.0,0.0,0.0,0.63843155,0.0,0.0,1.4879401,0.0,0.0,0.0,0.26060816727047825,0.9824832641088418,0.30434782608695654,0.9782608695652174
NS(=O)(=O)NCc1csc2ccc(Cl)cc12,CHEMBL1084675,NS(=O)(=O)NCc1csc2ccc(Cl)cc12,5.08,inactive,Inactive,0.0,0.0,0.0,0.0,1.2572291,0.0,0.0,0.0,0.0,0.0,0.0,0.0,0.0,0.0,0.0,0.0,0.0,0.0,0.0,0.0,0.0,0.0,0.76894546,0.0,0.0,0.12426034,0.0,0.0,0.0,0.0,1.5353267,0.0,0.17091227,1.8585529,0.0,0.0,1.0768012,0.059487753,0.0,0.0,0.0,0.2248914,0.70663255,0.0,1.3241272,0.8860189,0.0,0.0,0.42442816,0.0,0.21211955,0.0,0.028084693,0.0,0.0151972845,0.0,0.0,0.48950955,0.0,0.0,0.0,0.0,0.69194627,0.4105569,0.47895032,0.0,0.80199933,0.0,0.0,0.0,0.38524166,0.0,0.0,0.0,0.0,0.0,0.0,0.0,0.0,0.0,0.0,1.4940752,0.0,0.0,0.0,0.0,0.0,0.40032643,0.0,0.0,0.0,0.0,0.66676843,0.87369454,0.0,0.27322358,0.0,0.0,0.0,0.0,0.0,0.0,0.0,0.0,0.0,0.0,0.0,1.3438938,0.0,0.6809382,0.7117379,0.0,0.12065333,0.0,0.0,0.92683613,0.0,0.63819337,0.0,0.0,0.0,0.67212164,0.0,0.0,1.198986,0.0,0.0,0.0,0.26334346534534897,0.9757823637254244,0.30434782608695654,0.9565217391304348
NS(=O)(=O)NCc1csc2ccc(F)cc12,CHEMBL1084918,NS(=O)(=O)NCc1csc2ccc(F)cc12,4.52,inactive,Inactive,0.0,0.0,0.0,0.0,1.5067421,0.0,0.0,0.0,0.0,0.0,0.0,0.0,0.0,0.0,0.0,0.0,0.0,0.0,0.0,0.0,0.0,0.0,0.6166238,0.0,0.0,0.006635519,0.0,0.0,0.0,0.0,1.8143278,0.0,0.07808803,2.1106205,0.0,0.0,1.3263165,0.28809044,0.0,0.0,0.0,0.049796723,0.98114675,0.0,1.0999925,0.71445835,0.0,0.0,0.27754718,0.0,0.029338524,0.0,0.2966397,0.0,0.0,0.0,0.0,0.34396502,0.0,0.0,0.0,0.0,0.9343255,0.6089955,0.29509872,0.0,0.63344896,0.0,0.0,0.0,0.17349559,0.0,0.0,0.0,0.0,0.0,0.0,0.0,0.0,0.0,0.0,1.7094015,0.0,0.0,0.0,0.0,0.0,0.22041057,0.0,0.0,0.0,0.0,0.88388395,0.6526651,0.0,0.105308965,0.0,0.0,0.0,0.0,0.0,0.0,0.0,0.0,0.0,0.0,0.0,1.6504349,0.0,1.0107598,0.5404401,0.0,0.0,0.0,0.0,1.3357588,0.0,0.4858142,0.0,0.0,0.0,0.93062884,0.0,0.0,1.5230536,0.0,0.0,0.0,0.25235086746694296,0.9897851344895114,0.2391304347826087,1.0
NS(=O)(=O)NCc1csc2cccc(Br)c12,CHEMBL1084919,NS(=O)(=O)NCc1csc2cccc(Br)c12,5.43,inactive,Inactive,0.0,0.0,0.0,0.0,1.3126575,0.0,0.0,0.0,0.0,0.0,0.0,0.0,0.0,0.0,0.0,0.0,0.0,0.0,0.0,0.0,0.0,0.0,0.12774964,0.0,0.0,0.0,0.0,0.0,0.0,0.0,1.8160158,0.0,0.0,2.140647,0.0,0.0,1.1588387,0.19565094,0.0,0.0,0.0,0.0,0.6273393,0.0,1.3596481,0.95323056,0.0,0.0,0.0,0.0,0.0,0.0,0.0,0.0,0.0,0.0,0.0,0.0,0.0,0.0,0.0,0.0,0.59992975,0.29331678,0.30532753,0.0,0.027192477,0.0,0.0,0.0,0.9568032,0.0,0.0,0.0,0.5016375,0.0,0.0,0.0,0.0,0.0,0.0,2.03436,0.0,0.0,0.0,0.0,0.0,0.0,0.0,0.0,0.0,0.0,0.90162706,0.3058861,0.0,0.0,0.0,0.0,0.0,0.0,0.0,0.0,0.0,0.0,0.0,0.0,0.0,1.6872524,0.0,0.6754494,0.330082,0.0,0.0,0.0,0.0,0.9216308,0.0,0.0,0.0,0.0,0.0,0.642105,0.0,0.0,1.5387574,0.0,0.0,0.0,0.2604428804593993,0.9815577009050629,0.2826086956521739,0.9565217391304348
NS(=O)(=O)OCC1CCc2ccccc2O1,CHEMBL180475,NS(=O)(=O)OCC1CCc2ccccc2O1,6.89,medium,Medium,0.0,0.0,0.0,0.0,0.23497185,0.0,0.0,0.0,0.0,0.0,0.0,0.0,0.0,0.0,0.0,0.0,0.0,0.0,0.0,0.0,0.0,0.0,0.26052922,0.0,0.0,0.0,0.0,0.0,0.0,0.0,1.1674057,0.0,0.0,0.647209,0.0,0.0,0.4347133,0.61639535,0.0,0.0,0.0,0.0,0.34020227,0.0,1.2966554,0.98733413,0.0,0.0,0.0,0.0,0.0,0.0,0.1469341,0.0,0.0,0.0,0.0,0.26822722,0.0,0.0,0.0,0.0,0.0,1.2945153,0.119617455,0.0,0.26040605,0.0,0.0,0.0,0.1575324,0.0,0.0,0.0,0.24776432,0.0,0.0,0.0,0.0,0.0,0.0,0.8767791,0.0,0.0,0.0,0.0,0.0,0.16748537,0.0,0.0,0.0,0.0,0.513349,0.0,0.0,0.0,0.0,0.0,0.0,0.0,0.0,0.0,0.0,0.0,0.0,0.0077586733,0.0,0.8485177,0.0,0.0,0.6225225,0.29350522,0.0,0.0,0.0,0.0,0.0,0.0,0.0,0.0,0.0,0.43108243,0.0,0.0,0.9099624,0.0,0.0,0.0,0.2339023649736227,0.8591341537132505,0.19565217391304346,0.8260869565217391
NS(=O)(=O)OCC1Oc2ccccc2O1,CHEMBL175786,NS(=O)(=O)OCC1Oc2ccccc2O1,6.55,medium,Medium,0.17211607,0.0,0.0,0.0,0.5978063,0.0,0.0,0.0,0.0,0.0,0.0,0.0,0.0,0.0,0.0,0.0,0.0,0.0,0.0,0.0,0.0,0.0,0.48032305,0.0,0.0,0.075458355,0.0,0.0,0.0,0.0,1.72384,0.0,0.012758132,0.8849702,0.0,0.11353031,0.7800278,0.80097336,0.0,0.0,0.0,0.00026290864,0.73832756,0.0,1.3494059,1.2458439,0.0,0.0,0.11441546,0.0,0.0,0.0,0.0,0.0,0.0,0.0,0.0,0.45843998,0.0,0.0,0.0,0.0,0.0,0.64429444,0.2836706,0.0,0.35826036,0.0,0.0,0.0,0.033051655,0.0,0.0,0.0,0.0,0.0,0.0,0.0,0.0,0.0,0.0,1.7733568,0.0,0.0,0.0,0.0,0.0,0.18912251,0.0,0.0,0.0,0.0,0.90756726,0.29700089,0.0,0.0,0.0,0.0,0.0,0.0,0.0,0.0,0.0,0.0,0.0,0.27539325,0.0,1.3195546,0.0,0.21674356,0.64817864,0.5214517,0.0,0.0,0.0,0.027561205,0.0,0.16342592,0.0,0.0,0.0,0.6662096,0.0,0.0,1.3953594,0.0,0.0,0.0,0.2113616508393603,0.8995567144806329,0.19565217391304346,0.8695652173913043
NS(=O)(=O)OC[C@H]1C[C@@H](Nc2ncncc2C(=O)c2ccn(Cc3cccc(Br)c3)n2)C[C@@H]1O,CHEMBL4870385,NS(=O)(=O)OC[C@H]1C[C@@H](Nc2ncncc2C(=O)c2ccn(Cc3cccc(Br)c3)n2)C[C@@H]1O,8.0,active,Active,0.45420066,0.0,0.0,0.0,0.060360268,0.0,0.0,0.0,0.0,0.0,0.0,0.0,0.0,0.0,0.0,0.0,0.0,0.0,0.0,0.0,0.0,0.0,0.8042132,0.0,0.0,0.7542629,0.0,0.0,0.0,0.0,0.26610366,0.0,0.086154774,0.37333313,0.0,0.29108286,0.0,0.0,0.0,0.0,0.0,0.26523006,0.080545105,0.0,1.5149844,0.9989281,0.0,0.0,0.4925335,0.0,0.045413792,0.0,0.0,0.0,0.0,0.0,0.0,0.7487356,0.0,0.0,0.0,0.0,0.0,0.58447444,0.38500702,0.0,0.88765097,0.0,0.0,0.0,0.0,0.0,0.0,0.0,0.0,0.0,0.0,0.0,0.0,0.0,0.0,0.26610553,0.0,0.0,0.0,0.0,0.0,0.4598009,0.0,0.0,0.22258282,0.0,0.0,0.6154202,0.0,0.21043509,0.0,0.0,0.0,0.0,0.0,0.0,0.0,0.0,0.0,0.5324167,0.0,0.023706581,0.0,0.0,1.0757307,0.56798303,0.6563941,0.0,0.0,0.0,0.0,0.8931815,0.0,0.0,0.0,0.0,0.0,0.0,0.11085932,0.0,0.0,0.0,0.2928091484672015,0.6583460460596172,0.30434782608695654,0.6521739130434783
NS(=O)(=O)Oc1ccc(-c2ccc3occc3c2)cc1,CHEMBL4441746,NS(=O)(=O)Oc1ccc(-c2ccc3occc3c2)cc1,5.58,inactive,Inactive,0.18599403,0.0,0.0,0.0,1.3898222,0.0,0.0,0.0,0.0,0.0,0.0,0.0,0.0,0.0,0.0,0.0,0.0,0.0,0.0,0.0,0.0,0.0,1.341056,0.0,0.0,1.1273026,0.0,0.0,0.0,0.0,1.969258,0.0,0.16289645,1.7918602,0.0,0.6159032,1.326659,0.50647146,0.0,0.0,0.0,0.36976883,1.2323065,0.0,1.2239121,0.57584053,0.0,0.0,0.90838325,0.0,0.7031854,0.0,0.87137276,0.0,0.0,0.0,0.0,1.0862892,0.0,0.0,0.0,0.0,0.82443213,1.1972736,0.2997349,0.0,1.2316949,0.0,0.0,0.0,0.0,0.0,0.0,0.0,0.0,0.0,0.0,0.0,0.0,0.0,0.0,1.0077379,0.0,0.0,0.0,0.0,0.0,0.85507166,0.33644354,0.0,0.17557532,0.0,0.91568995,1.173415,0.0,0.51650196,0.0,0.0,0.0,0.0,0.0,0.0,0.0,0.0,0.0,0.6911931,0.0,1.605883,0.0,1.0139625,0.9175606,0.4689699,0.48805752,0.0,0.0,1.471308,0.0,1.2036955,0.0,0.0,0.0,1.1358746,0.0,0.0,1.45407,0.0,0.0,0.0,0.0,0.2039238360426624,0.0,0.15217391304347827
NS(=O)(=O)Oc1ccc(-c2ccc3sccc3c2)cc1,CHEMBL4476741,NS(=O)(=O)Oc1ccc(-c2ccc3sccc3c2)cc1,5.88,inactive,Inactive,0.2130886,0.0,0.0,0.0,1.365523,0.0,0.0,0.0,0.0,0.0,0.0,0.0,0.0,0.0,0.0,0.0,0.0,0.0,0.0,0.0,0.0,0.0,1.3627133,0.0,0.0,1.1233137,0.0,0.0,0.0,0.0,1.8357723,0.0,0.2020056,1.7569447,0.0,0.6037486,1.2742544,0.39840323,0.0,0.0,0.0,0.42143068,1.1653236,0.0,1.2309577,0.6042347,0.0,0.0,0.94390184,0.0,0.75139695,0.0,0.78458244,0.0,0.0,0.0,0.0,1.0912051,0.0,0.0,0.0,0.0,0.833502,1.0591638,0.37454855,0.0,1.303184,0.0,0.0,0.0,0.0,0.0,0.0,0.0,0.0,0.0,0.0,0.0,0.0,0.0,0.0,0.9843341,0.0,0.0,0.0,0.0,0.0,0.8943515,0.30458012,0.0,0.17342004,0.0,0.8303599,1.2368255,0.0,0.5837809,0.0,0.0,0.0,0.0,0.0,0.0,0.0,0.0,0.0,0.6647418,0.0,1.513338,0.0,0.9574279,0.95016533,0.466115,0.5315947,0.0,0.0,1.4188901,0.0,1.272212,0.0,0.0,0.0,1.0574716,0.0,0.0,1.356394,0.0,0.0,0.0,0.0023830492260809963,0.20697748392140825,0.0,0.2391304347826087
NS(=O)(=O)Oc1ccc2c(c1)OC(=O)C1CCCCCC21,CHEMBL3098847,NS(=O)(=O)Oc1ccc2c(c1)OC(=O)C1CCCCCC21,7.66,active,Active,0.5445975,0.0,0.0,0.10848225,0.0,0.0,0.0,0.0,0.0,0.0,0.0,0.0,0.0,0.0,0.0,0.0,0.0,0.0,0.0,0.0,0.0,0.0,0.8222371,0.0,0.0,0.5631206,0.0,0.0,0.0,0.0,0.0,0.0,0.10713877,0.0,0.0,0.08624479,0.0,0.0,0.0,0.0,0.0,0.5784434,0.0,0.0,1.9946055,1.3095874,0.0,0.0,0.5451673,0.0,0.0,0.0,0.0,0.0,0.0,0.0,0.0,0.8649921,0.0,0.0,0.0,0.0,0.0,1.1466043,0.53630173,0.0,1.0916225,0.0,0.0,0.0,0.27293506,0.0,0.0,0.0,0.15875828,0.0,0.0,0.0,0.0,0.0,0.0,0.0,0.0,0.0,0.0,0.0,0.0,0.7724076,0.0,0.0,0.60046405,0.0,0.0,0.38945597,0.0,0.066804685,0.0,0.0,0.0,0.0,0.0,0.0,0.0,0.0,0.0,0.49616477,0.0,0.0,0.0,0.0,1.5272598,0.75851846,0.8822305,0.0,0.0,0.0,0.0,0.5511722,0.0,0.0,0.0,0.0,0.0,0.0,0.0,0.0,0.0,0.0,0.25608767442499364,0.6133581734019403,0.2608695652173913,0.5652173913043478
NS(=O)(=O)Oc1ccc2c3c(c(=O)oc2c1)CCCCC3,CHEMBL286738,NS(=O)(=O)Oc1ccc2c3c(c(=O)oc2c1)CCCCC3,7.77,active,Active,0.729305,0.0,0.0,0.0,0.0,0.0,0.0,0.0,0.0,0.0,0.0,0.0,0.0,0.0,0.0,0.0,0.0,0.0,0.0,0.0,0.0,0.0,1.4449068,0.0,0.0,1.1689366,0.0,0.0,0.0,0.0,0.0,0.0,0.36404938,0.0,0.0,0.58768415,0.0,0.0,0.0,0.0,0.0,0.9843331,0.0,0.0,2.116503,1.297782,0.0,0.0,1.1063551,0.0,0.7376417,0.0,0.0,0.0,0.0,0.0,0.0,1.3053913,0.0,0.0,0.0,0.0,0.0,0.6800376,0.915705,0.0,1.7601839,0.0,0.0,0.0,0.291652,0.0,0.0,0.0,0.0,0.0,0.0,0.0,0.0,0.0,0.0,0.0,0.0,0.0,0.0,0.0,0.0,1.2707582,0.0,0.0,0.88534075,0.0,0.0,1.3031385,0.0,0.8001731,0.0,0.0,0.0,0.0,0.0,0.0,0.0,0.0,0.0,0.8162768,0.0,0.0,0.0,0.0,1.7404306,0.7966242,1.3060197,0.0,0.0,0.0,0.0,1.3853086,0.0,0.0,0.0,0.0,0.0,0.0,0.0,0.0,0.0,0.0,0.5325957933013195,0.5593437520602619,0.5217391304347826,0.5434782608695652
NS(=O)(=O)c1c(F)c(F)c(SCCO)c(F)c1F,CHEMBL2333416,NS(=O)(=O)c1c(F)c(F)c(SCCO)c(F)c1F,8.0,active,Active,0.81387055,0.0,0.0,0.0,0.0,0.0,0.0,0.0,0.0,0.0,0.0,0.0,0.0,0.0,0.0,0.0,0.0,0.0,0.0,0.0,0.0,0.0,1.43828,0.0,0.0,0.8718757,0.0,0.0,0.0,0.0,0.0,0.0,0.5408538,0.0,0.0,1.0639073,0.0,0.0,0.0,0.0,0.0,1.1964309,0.0,0.0,2.2554617,1.6226422,0.0,0.0,1.0979885,0.0,1.2337486,0.0,0.0,0.0,0.14061546,0.0,0.0,1.225124,0.0,0.0,0.0,0.0,0.0,0.0,1.5524364,0.0,1.5581996,0.0,0.0,0.0,1.5311424,0.0,0.0,0.0,0.34996206,0.0,0.0,0.0,0.0,0.0,0.0,0.0,0.0,0.0,0.0,0.0,0.0,1.1349021,0.0,0.0,0.964374,0.0,0.0,1.8735924,0.0,1.2771682,0.0,0.0,0.0,0.0,0.0,0.0,0.0,0.0,0.0,0.8808765,0.0,0.0,0.0,0.0,1.4718536,0.54467756,1.42147,0.0,0.0,0.0,0.0,1.3083032,0.0,0.024187125,0.0,0.0,0.0,0.0,0.0,0.0,0.0,0.0,0.5921979891419583,0.7183930572496192,0.5869565217391304,0.717391304347826
NS(=O)(=O)c1cc(C(=O)NCCOc2ccccc2)c(Cl)cc1Cl,CHEMBL1387347,NS(=O)(=O)c1cc(C(=O)NCCOc2ccccc2)c(Cl)cc1Cl,7.98,active,Active,0.77738464,0.0,0.0,0.0,0.0,0.0,0.0,0.0,0.0,0.0,0.0,0.0,0.0,0.0,0.0,0.0,0.0,0.0,0.0,0.0,0.0,0.0,1.5483639,0.0,0.0,1.3820518,0.0,0.0,0.0,0.0,0.0,0.0,0.37569958,0.0,0.0,1.0707517,0.0,0.0,0.0,0.0,0.0,0.96520394,0.0,0.0,1.8713881,1.2231603,0.0,0.0,1.1487199,0.0,1.1917262,0.0,0.0,0.0,0.0,0.0,0.0,1.3813694,0.0,0.0,0.0,0.0,0.0,0.0,1.1680526,0.0,1.6595175,0.0,0.0,0.0,0.1859833,0.0,0.0,0.0,0.0,0.0,0.0,0.0,0.0,0.0,0.0,0.0,0.0,0.0,0.0,0.0,0.0,1.2007929,0.0,0.0,0.95151466,0.0,0.0,1.7081151,0.0,1.1267513,0.0,0.0,0.0,0.0,0.0,0.0,0.0,0.0,0.0,1.1737627,0.0,0.0,0.0,0.0,1.3685725,0.88025355,1.3442421,0.0,0.0,0.0,0.0,1.5754691,0.0,0.0,0.0,0.0,0.0,0.0,0.0,0.0,0.0,0.0,0.552547695008358,0.563617882578869,0.5434782608695652,0.5652173913043478
NS(=O)(=O)c1cc(C(=O)O)c(Cl)cc1Cl,CHEMBL120886,NS(=O)(=O)c1cc(C(=O)O)c(Cl)cc1Cl,4.75,inactive,Inactive,0.8271824,0.0,0.0,0.0,0.0,0.0,0.0,0.0,0.0,0.0,0.0,0.0,0.0,0.0,0.0,0.0,0.0,0.0,0.0,0.0,0.0,0.0,1.5900342,0.0,0.0,0.90548617,0.0,0.0,0.0,0.0,0.0,0.0,0.61781836,0.0,0.0,0.99615747,0.0,0.0,0.0,0.0,0.0,1.2494984,0.0,0.0,2.2872999,1.7030722,0.0,0.0,1.2176939,0.0,1.3173782,0.0,0.0,0.0,0.15623021,0.0,0.0,1.3584929,0.0,0.0,0.0,0.0,0.0,0.0,1.5989403,0.0,1.7691194,0.0,0.0,0.0,1.394174,0.0,0.0,0.0,0.20743641,0.0,0.0,0.0,0.0,0.0,0.0,0.0,0.0,0.0,0.0,0.0,0.0,1.3838619,0.0,0.0,0.865284,0.0,0.0,1.9961214,0.0,1.2469064,0.0,0.0,0.0,0.0,0.0,0.0,0.0,0.0,0.0,0.89183736,0.0,0.0,0.0,0.0,1.5631111,0.7036264,1.4019533,0.0,0.0,0.0,0.0,1.4478388,0.0,0.0,0.0,0.0,0.0,0.0,0.0,0.0,0.0,0.0,0.6009123178263066,0.7034501402157184,0.6086956521739131,0.6956521739130435
NS(=O)(=O)c1cc(C(=O)c2ccc(O)cc2)cs1,CHEMBL125102,NS(=O)(=O)c1cc(C(=O)c2ccc(O)cc2)cs1,8.6,active,Active,0.8853946,0.0,0.0,0.0,0.0,0.0,0.0,0.0,0.0,0.0,0.0,0.0,0.0,0.0,0.0,0.0,0.0,0.0,0.0,0.0,0.0,0.0,2.0233028,0.0,0.0,1.7679654,0.0,0.0,0.0,0.0,0.0,0.0,0.5561038,0.0,0.0,1.4237131,0.0,0.0,0.0,0.0,0.0,1.250173,0.0,0.0,1.9563202,1.1982611,0.0,0.0,1.5758339,0.0,1.6678469,0.0,0.0,0.0,0.02262447,0.0,0.0,1.7575257,0.0,0.0,0.0,0.0,0.0,0.0,1.3273418,0.0,2.1470544,0.0,0.0,0.0,0.09686864,0.0,0.0,0.0,0.0,0.0,0.0,0.0,0.0,0.0,0.0,0.0,0.0,0.0,0.0,0.0,0.0,1.6114466,0.0,0.0,1.1685634,0.0,0.0,2.1982508,0.0,1.474501,0.0,0.0,0.0,0.0,0.0,0.0,0.0,0.0,0.0,1.3450729,0.0,0.0,0.0,0.0,1.6171451,0.9872387,1.6171927,0.0,0.0,0.0,0.0,2.045285,0.0,0.0,0.0,0.0,0.0,0.0,0.0,0.0,0.0,0.0,0.69001343342775,0.5351960406643443,0.6956521739130435,0.5217391304347826
NS(=O)(=O)c1cc(C(=O)c2ccccc2)cs1,CHEMBL43440,NS(=O)(=O)c1cc(C(=O)c2ccccc2)cs1,8.17,active,Active,0.8000485,0.0,0.0,0.0,0.0,0.0,0.0,0.0,0.0,0.0,0.0,0.0,0.0,0.0,0.0,0.0,0.0,0.0,0.0,0.0,0.0,0.0,1.8804985,0.0,0.0,1.5752373,0.0,0.0,0.0,0.0,0.0,0.0,0.51377887,0.0,0.0,1.3481295,0.0,0.0,0.0,0.0,0.0,1.1869043,0.0,0.0,1.9469846,1.2123533,0.0,0.0,1.4345611,0.0,1.540823,0.0,0.0,0.0,0.010962687,0.0,0.0,1.64852,0.0,0.0,0.0,0.0,0.0,0.0,1.3170091,0.0,1.996232,0.0,0.0,0.0,0.20919219,0.0,0.0,0.0,0.0,0.0,0.0,0.0,0.0,0.0,0.0,0.0,0.0,0.0,0.0,0.0,0.0,1.4853532,0.0,0.0,1.0301399,0.0,0.0,2.0940297,0.0,1.354628,0.0,0.0,0.0,0.0,0.0,0.0,0.0,0.0,0.0,1.2236781,0.0,0.0,0.0,0.0,1.4991193,0.927694,1.5052878,0.0,0.0,0.0,0.0,1.8242265,0.0,0.0,0.0,0.0,0.0,0.0,0.0,0.0,0.0,0.0,0.6407131903299044,0.538256970846319,0.6304347826086957,0.5217391304347826
NS(=O)(=O)c1cc(C2(O)NC(=O)c3ccccc32)ccc1Cl,CHEMBL1055,NS(=O)(=O)c1cc(C2(O)NC(=O)c3ccccc32)ccc1Cl,6.17,medium,Medium,0.5619954,0.0,0.0,0.0,0.0,0.0,0.0,0.0,0.0,0.0,0.0,0.0,0.0,0.0,0.0,0.0,0.0,0.0,0.0,0.0,0.0,0.0,1.2237912,0.0,0.0,1.0927615,0.0,0.0,0.0,0.0,0.34344372,0.0,0.25228518,0.13238794,0.0,0.8274253,0.022871448,0.0,0.0,0.0,0.0,0.59932244,0.039770797,0.0,1.5143044,1.0355463,0.0,0.0,0.85404634,0.0,0.7561159,0.0,0.0,0.0,0.0,0.0,0.0,1.0934265,0.0,0.0,0.0,0.0,0.0,0.20307316,0.72877085,0.0,1.2188419,0.0,0.0,0.0,0.0,0.0,0.0,0.0,0.0,0.0,0.0,0.0,0.0,0.0,0.0,0.2631615,0.0,0.0,0.0,0.0,0.0,0.841982,0.0,0.0,0.5091461,0.0,0.0,1.2137997,0.0,0.6967996,0.0,0.0,0.0,0.0,0.0,0.0,0.0,0.0,0.0,0.8784944,0.0,7.0702285e-05,0.0,0.0,1.0812942,0.6911451,0.9063575,0.0,0.0,0.0,0.0,1.2225183,0.0,0.0,0.0,0.0,0.0,0.0,0.0137609765,0.0,0.0,0.0,0.41048599140739633,0.5932288904604347,0.41304347826086957,0.6086956521739131
NS(=O)(=O)c1cc(Cl)c(Cl)c(S(N)(=O)=O)c1,CHEMBL17,NS(=O)(=O)c1cc(Cl)c(Cl)c(S(N)(=O)=O)c1,7.4,active,Active,0.5949811,0.0,0.0,0.0,0.0,0.0,0.0,0.0,0.0,0.0,0.0,0.0,0.0,0.0,0.0,0.0,0.0,0.0,0.0,0.0,0.0,0.0,1.3787415,0.0,0.0,0.10851575,0.0,0.0,0.0,0.0,0.04101866,0.0,0.69958097,0.0,0.0,0.62877303,0.0,0.0,0.0,0.0,0.0,1.235718,0.0,0.0,2.5491095,2.2377574,0.0,0.0,1.0439525,0.0,1.0804081,0.0,0.0,0.0,0.26198786,0.0,0.0,1.1185833,0.0,0.0,0.0,0.0,0.0,0.0,1.7117233,0.0,1.5564864,0.0,0.0,0.0,2.2956226,0.0,0.0,0.0,1.4630116,0.0,0.0,0.0,0.0,0.0,0.0,0.7658623,0.0,0.0,0.0,0.0,0.0,1.4344958,0.0,0.0,0.26828617,0.0,0.0,1.8068292,0.0,0.799808,0.0,0.0,0.0,0.0,0.0,0.0,0.0,0.0,0.0,0.46826264,0.0,0.0,0.0,0.0,1.5573517,0.5881003,0.8803114,0.0,0.0,0.0,0.0,0.7645639,0.0,0.0,0.0,0.0,0.0,0.0,0.0,0.0,0.0,0.0,0.5476999393488133,0.7323154550143194,0.5217391304347826,0.7608695652173912
NS(=O)(=O)c1cc(S(=O)(=O)c2ccc(O)cc2)co1,CHEMBL333747,NS(=O)(=O)c1cc(S(=O)(=O)c2ccc(O)cc2)co1,8.38,active,Active,0.5841538,0.0,0.0,0.0,0.03565701,0.0,0.0,0.0,0.0,0.0,0.0,0.0,0.0,0.0,0.0,0.0,0.0,0.0,0.0,0.0,0.0,0.0,1.7285082,0.0,0.0,0.9956142,0.0,0.0,0.0,0.0,0.36850986,0.0,0.57388115,0.26183662,0.0,1.0476954,0.08675521,0.0,0.0,0.0,0.0,1.1348046,0.0,0.0,1.894632,1.4620633,0.0,0.0,1.3194497,0.0,1.3907549,0.0,0.0,0.0,0.13426945,0.0,0.0,1.4372873,0.0,0.0,0.0,0.0,0.0,0.0,1.3443004,0.0,1.8680062,0.0,0.0,0.0,0.81159854,0.0,0.0,0.0,0.0,0.0,0.0,0.0,0.0,0.0,0.0,0.39581358,0.0,0.0,0.0,0.0,0.0,1.5017737,0.0,0.0,0.58055943,0.0,0.0,1.9103014,0.0,1.062696,0.0,0.0,0.0,0.0,0.0,0.0,0.0,0.0,0.0,0.8331292,0.0,0.22065839,0.0,0.0,1.4441503,0.7924208,1.1138527,0.0,0.0,0.0,0.0,1.395547,0.0,0.0,0.0,0.0,0.0,0.0,0.048790783,0.0,0.0,0.0,0.5848378795894316,0.6610387815135789,0.5869565217391304,0.6739130434782609
NS(=O)(=O)c1cc(S(=O)(=O)c2ccc(O)cc2)cs1,CHEMBL341530,NS(=O)(=O)c1cc(S(=O)(=O)c2ccc(O)cc2)cs1,8.3,active,Active,0.8282144,0.0,0.0,0.0,0.0,0.0,0.0,0.0,0.0,0.0,0.0,0.0,0.0,0.0,0.0,0.0,0.0,0.0,0.0,0.0,0.0,0.0,2.0385015,0.0,0.0,1.283801,0.0,0.0,0.0,0.0,0.0,0.0,0.71711385,0.0,0.0,1.3915749,0.0,0.0,0.0,0.0,0.0,1.4484106,0.0,0.0,2.243169,1.6694262,0.0,0.0,1.597356,0.0,1.7473333,0.0,0.0,0.0,0.19238356,0.0,0.0,1.7207088,0.0,0.0,0.0,0.0,0.0,0.0,1.6675844,0.0,2.2072716,0.0,0.0,0.0,1.0947769,0.0,0.0,0.0,0.0,0.0,0.0,0.0,0.0,0.0,0.0,0.0,0.0,0.0,0.0,0.0,0.0,1.7774322,0.0,0.0,0.947149,0.0,0.0,2.3237054,0.0,1.4157939,0.0,0.0,0.0,0.0,0.0,0.0,0.0,0.0,0.0,1.0957553,0.0,0.0,0.0,0.0,1.7289157,0.94365144,1.5134499,0.0,0.0,0.0,0.0,1.7312561,0.0,0.0,0.0,0.0,0.0,0.0,0.0,0.0,0.0,0.0,0.7790952477224106,0.7043288160932588,0.7826086956521738,0.6956521739130435
NS(=O)(=O)c1cc(S(=O)(=O)c2cccc(O)c2)cs1,CHEMBL127817,NS(=O)(=O)c1cc(S(=O)(=O)c2cccc(O)c2)cs1,8.68,active,Active,0.8740264,0.0,0.0,0.0,0.0,0.0,0.0,0.0,0.0,0.0,0.0,0.0,0.0,0.0,0.0,0.0,0.0,0.0,0.0,0.0,0.0,0.0,2.1026075,0.0,0.0,1.3474761,0.0,0.0,0.0,0.0,0.0,0.0,0.75761676,0.0,0.0,1.4418474,0.0,0.0,0.0,0.0,0.0,1.5206296,0.0,0.0,2.2941687,1.7105843,0.0,0.0,1.6635935,0.0,1.8342698,0.0,0.0,0.0,0.21992415,0.0,0.0,1.7736101,0.0,0.0,0.0,0.0,0.0,0.0,1.7391196,0.0,2.2986424,0.0,0.0,0.0,1.1488454,0.0,0.0,0.0,0.0,0.0,0.0,0.0,0.0,0.0,0.0,0.0,0.0,0.0,0.0,0.0,0.0,1.8440804,0.0,0.0,0.99699277,0.0,0.0,2.430698,0.0,1.5061941,0.0,0.0,0.0,0.0,0.0,0.0,0.0,0.0,0.0,1.1286621,0.0,0.0,0.0,0.0,1.7868581,0.96569085,1.5910143,0.0,0.0,0.0,0.0,1.8293244,0.0,0.0,0.0,0.0,0.0,0.0,0.0,0.0,0.0,0.0,0.786904331030091,0.7079729212400077,0.8043478260869565,0.717391304347826
NS(=O)(=O)c1cc2c(O)cccc2s1,CHEMBL87497,NS(=O)(=O)c1cc2c(O)cccc2s1,7.92,active,Active,0.9130707,0.0,0.0,0.0,0.0,0.0,0.0,0.0,0.0,0.0,0.0,0.0,0.0,0.0,0.0,0.0,0.0,0.0,0.0,0.0,0.0,0.0,2.2355418,0.0,0.0,1.7993445,0.0,0.0,0.0,0.0,0.00035709795,0.0,0.7165689,0.2126619,0.0,1.5319905,0.0,0.0,0.0,0.0,0.0,1.436112,0.0,0.0,2.1169496,1.3703363,0.0,0.0,1.780987,0.0,1.9033209,0.0,0.0,0.0,0.13538161,0.0,0.0,1.8847654,0.0,0.0,0.0,0.0,0.0,0.0,1.4979812,0.0,2.3966203,0.0,0.0,0.0,0.38827908,0.0,0.0,0.0,0.0,0.0,0.0,0.0,0.0,0.0,0.0,0.0,0.0,0.0,0.0,0.0,0.0,1.8314462,0.0,0.0,1.1317292,0.0,0.0,2.5170314,0.0,1.6395283,0.0,0.0,0.0,0.0,0.0,0.0,0.0,0.0,0.0,1.2975923,0.0,0.0,0.0,0.0,1.7755132,0.9703959,1.6786624,0.0,0.0,0.0,0.0,2.2192419,0.0,0.0,0.0,0.0,0.0,0.0,0.0,0.0,0.0,0.0,0.8049335548991859,0.6434459921641125,0.8043478260869565,0.6521739130434783
NS(=O)(=O)c1cc2c(s1)C(=O)CCS2,CHEMBL120418,NS(=O)(=O)c1cc2c(s1)C(=O)CCS2,8.46,active,Active,1.2358125,0.0,0.0,0.0,0.0,0.0,0.0,0.0,0.0,0.0,0.0,0.0,0.0,0.0,0.0,0.0,0.0,0.0,0.0,0.0,0.0,0.0,2.1678374,0.0,0.0,1.5458331,0.0,0.0,0.0,0.0,0.0,0.0,0.905562,0.0,0.0,1.6590711,0.0,0.0,0.0,0.0,0.0,1.8561214,0.0,0.0,2.5711381,1.8563595,0.0,0.0,1.8165224,0.0,2.0770898,0.0,0.0,0.0,0.2073856,0.0,0.0,1.8964622,0.0,0.0,0.0,0.0,0.0,0.0,2.0837817,0.0,2.4877934,0.0,0.0,0.0,1.6657617,0.0,0.0,0.0,0.033604518,0.0,0.0,0.0,0.0,0.0,0.0,0.0,0.0,0.0,0.0,0.0,0.0,2.0028718,0.0,0.0,1.5849197,0.0,0.0,2.7043219,0.0,1.9018782,0.0,0.0,0.0,0.0,0.0,0.0,0.0,0.0,0.0,1.3498085,0.0,0.0,0.0,0.0,2.0396671,1.0333676,2.1630857,0.0,0.0,0.0,0.0,2.1418257,0.0,0.14173928,0.0,0.0,0.0,0.0,0.0,0.0,0.0,0.0,0.868009718278408,0.8206697110632206,0.8695652173913043,0.8260869565217391
NS(=O)(=O)c1cc2c(s1)C(=O)CCS2(=O)=O,CHEMBL158090,NS(=O)(=O)c1cc2c(s1)C(=O)CCS2(=O)=O,7.66,active,Active,0.9598712,0.0,0.0,0.0,0.0,0.0,0.0,0.0,0.0,0.0,0.0,0.0,0.0,0.0,0.0,0.0,0.0,0.0,0.0,0.0,0.0,0.0,2.0067673,0.0,0.0,1.1043293,0.0,0.0,0.0,0.0,0.0,0.0,0.798229,0.0,0.0,1.4614087,0.0,0.0,0.0,0.0,0.0,1.7329584,0.0,0.0,2.5674784,1.9883891,0.0,0.0,1.5877247,0.0,1.8520563,0.0,0.0,0.0,0.24487832,0.0,0.0,1.7229091,0.0,0.0,0.0,0.0,0.0,0.0,2.035708,0.0,2.301433,0.0,0.0,0.0,1.9404433,0.0,0.0,0.0,0.51804835,0.0,0.0,0.0,0.0,0.0,0.0,0.0,0.0,0.0,0.0,0.0,0.0,1.868589,0.0,0.0,1.1771553,0.0,0.0,2.4422414,0.0,1.5957649,0.0,0.0,0.0,0.0,0.0,0.0,0.0,0.0,0.0,1.0690064,0.0,0.0,0.0,0.0,1.9026103,0.9548089,1.7929472,0.0,0.0,0.0,0.0,1.6741751,0.0,0.011935785,0.0,0.0,0.0,0.0,0.0,0.0,0.0,0.0,0.8090278551669386,0.859539895221409,0.8043478260869565,0.8478260869565217
NS(=O)(=O)c1cc2c(s1)C(O)CCS2,CHEMBL352218,NS(=O)(=O)c1cc2c(s1)C(O)CCS2,7.64,active,Active,1.2733383,0.0,0.0,0.0,0.0,0.0,0.0,0.0,0.0,0.0,0.0,0.0,0.0,0.0,0.0,0.0,0.0,0.0,0.0,0.0,0.0,0.0,2.0928822,0.0,0.0,1.5403103,0.0,0.0,0.0,0.0,0.0,0.0,0.8574659,0.0,0.0,1.5600576,0.0,0.0,0.0,0.0,0.0,1.7727755,0.0,0.0,2.5561817,1.9242762,0.0,0.0,1.7434268,0.0,1.8844398,0.0,0.0,0.0,0.17675492,0.0,0.0,1.8322953,0.0,0.0,0.0,0.0,0.0,0.0,1.9795197,0.0,2.4528975,0.0,0.0,0.0,1.5318369,0.0,0.0,0.0,0.005839251,0.0,0.0,0.0,0.0,0.0,0.0,0.0,0.0,0.0,0.0,0.0,0.0,1.9311358,0.0,0.0,1.4932163,0.0,0.0,2.4996088,0.0,1.7417668,0.0,0.0,0.0,0.0,0.0,0.0,0.0,0.0,0.0,1.3159587,0.0,0.0,0.0,0.0,2.1121118,1.1205217,2.1165628,0.0,0.0,0.0,0.0,2.1301084,0.0,0.14924365,0.0,0.0,0.0,0.0,0.0,0.0,0.0,0.0,0.8663988340320078,0.8205690694480031,0.8695652173913043,0.8043478260869565
NS(=O)(=O)c1cc2c(s1)C(O)CCS2(=O)=O,CHEMBL347369,NS(=O)(=O)c1cc2c(s1)C(O)CCS2(=O)=O,7.4,active,Active,1.0564146,0.0,0.0,0.0,0.0,0.0,0.0,0.0,0.0,0.0,0.0,0.0,0.0,0.0,0.0,0.0,0.0,0.0,0.0,0.0,0.0,0.0,2.0149717,0.0,0.0,1.1918973,0.0,0.0,0.0,0.0,0.0,0.0,0.78620327,0.0,0.0,1.4553897,0.0,0.0,0.0,0.0,0.0,1.7275813,0.0,0.0,2.639228,2.0962903,0.0,0.0,1.586863,0.0,1.7687287,0.0,0.0,0.0,0.22108376,0.0,0.0,1.7412455,0.0,0.0,0.0,0.0,0.0,0.0,2.0020685,0.0,2.3490207,0.0,0.0,0.0,1.8498818,0.0,0.0,0.0,0.45861337,0.0,0.0,0.0,0.0,0.0,0.0,0.0,0.0,0.0,0.0,0.0,0.0,1.880731,0.0,0.0,1.195058,0.0,0.0,2.353636,0.0,1.5370226,0.0,0.0,0.0,0.0,0.0,0.0,0.0,0.0,0.0,1.1271063,0.0,0.0,0.0,0.0,2.031034,1.080988,1.8433038,0.0,0.0,0.0,0.0,1.741557,0.0,0.030604571,0.0,0.0,0.0,0.0,0.0,0.0,0.0,0.0,0.8104518125969908,0.8592925368861349,0.8260869565217391,0.8260869565217391
NS(=O)(=O)c1cc2c(s1)C(O)CC[S+]2[O-],CHEMBL155152,NS(=O)(=O)c1cc2c(s1)C(O)CC[S+]2[O-],6.6,medium,Medium,0.9697372,0.0,0.0,0.0,0.0,0.0,0.0,0.0,0.0,0.0,0.0,0.0,0.0,0.0,0.0,0.0,0.0,0.0,0.0,0.0,0.0,0.0,1.5849841,0.0,0.0,0.96105355,0.0,0.0,0.0,0.0,0.0,0.0,0.68728983,0.0,0.0,1.0687722,0.0,0.0,0.0,0.0,0.0,1.3577191,0.0,0.0,2.4146972,1.8556563,0.0,0.0,1.2565736,0.0,1.3024482,0.0,0.0,0.0,0.12729883,0.0,0.0,1.365242,0.0,0.0,0.0,0.0,0.0,0.0,1.6465671,0.0,1.8575604,0.0,0.0,0.0,1.5798604,0.0,0.0,0.0,0.40467364,0.0,0.0,0.0,0.0,0.0,0.0,0.0,0.0,0.0,0.0,0.0,0.0,1.4421897,0.0,0.0,0.9869217,0.0,0.0,1.9515398,0.0,1.244143,0.0,0.0,0.0,0.0,0.0,0.0,0.0,0.0,0.0,0.9210205,0.0,0.0,0.0,0.0,1.7599399,0.809904,1.5546938,0.0,0.0,0.0,0.0,1.5036613,0.0,0.06623425,0.0,0.0,0.0,0.0,0.0,0.0,0.0,0.0,0.6111935463192619,0.7284947655515085,0.6304347826086957,0.717391304347826
NS(=O)(=O)c1cc2c(s1)CC(O)CS2(=O)=O,CHEMBL155420,NS(=O)(=O)c1cc2c(s1)CC(O)CS2(=O)=O,7.4,active,Active,1.2293322,0.0,0.0,0.0,0.0,0.0,0.0,0.0,0.0,0.0,0.0,0.0,0.0,0.0,0.0,0.0,0.0,0.0,0.0,0.0,0.0,0.0,2.1179874,0.0,0.0,1.3032826,0.0,0.0,0.0,0.0,0.0,0.0,0.8353476,0.0,0.0,1.6489366,0.0,0.0,0.0,0.0,0.0,1.7698756,0.0,0.0,2.677818,2.2671492,0.0,0.0,1.6440858,0.0,1.7899998,0.0,0.0,0.0,0.30856377,0.0,0.0,1.8485632,0.0,0.0,0.0,0.0,0.0,0.0,2.0837286,0.0,2.423133,0.0,0.0,0.0,1.8504481,0.0,0.0,0.0,0.31776786,0.0,0.0,0.0,0.0,0.0,0.0,0.0,0.0,0.0,0.0,0.0,0.0,1.8972626,0.0,0.0,1.1565299,0.0,0.0,2.4710503,0.0,1.5536261,0.0,0.0,0.0,0.0,0.0,0.0,0.0,0.0,0.0,1.2026825,0.0,0.0,0.0,0.0,2.1080258,1.270224,1.947859,0.0,0.0,0.0,0.0,1.9530857,0.0,0.075782575,0.0,0.0,0.0,0.0,0.0,0.0,0.0,0.0,0.8209091760807499,0.8676737756683075,0.8260869565217391,0.8913043478260869
NS(=O)(=O)c1cc2c(s1)S(=O)(=O)C(CCN1CCOCC1)CN2,CHEMBL79939,NS(=O)(=O)c1cc2c(s1)S(=O)(=O)C(CCN1CCOCC1)CN2,9.24,active,Active,0.9049318,0.0,0.0,0.0,0.0,0.0,0.0,0.0,0.0,0.0,0.0,0.0,0.0,0.0,0.0,0.0,0.0,0.0,0.0,0.0,0.0,0.0,1.5216308,0.0,0.0,1.0280266,0.0,0.0,0.0,0.0,0.0,0.0,0.5459263,0.0,0.0,1.1677045,0.0,0.0,0.0,0.0,0.0,1.2422087,0.0,0.0,2.2362132,1.6414946,0.0,0.0,1.136931,0.0,1.0663363,0.0,0.0,0.0,0.029117279,0.0,0.0,1.381969,0.0,0.0,0.0,0.0,0.0,0.0,1.4406211,0.0,1.8176911,0.0,0.0,0.0,1.2287048,0.0,0.0,0.0,0.17532423,0.0,0.0,0.0,0.0,0.0,0.0,0.0,0.0,0.0,0.0,0.0,0.0,1.2734437,0.0,0.0,1.0093722,0.0,0.0,1.7116718,0.0,1.0318059,0.0,0.0,0.0,0.0,0.0,0.0,0.0,0.0,0.0,0.8430001,0.0,0.0,0.0,0.0,1.7265401,0.9849368,1.6005999,0.0,0.0,0.0,0.0,1.3978323,0.0,0.06425024,0.0,0.0,0.0,0.0,0.0,0.0,0.0,0.0,0.5908931362721569,0.7289880054558757,0.5869565217391304,0.7391304347826086
NS(=O)(=O)c1cc2c(s1)S(=O)(=O)C(CCO)CN2,CHEMBL310280,NS(=O)(=O)c1cc2c(s1)S(=O)(=O)C(CCO)CN2,8.72,active,Active,1.0514127,0.0,0.0,0.0,0.0,0.0,0.0,0.0,0.0,0.0,0.0,0.0,0.0,0.0,0.0,0.0,0.0,0.0,0.0,0.0,0.0,0.0,1.928486,0.0,0.0,1.1289309,0.0,0.0,0.0,0.0,0.0,0.0,0.7485107,0.0,0.0,1.4681,0.0,0.0,0.0,0.0,0.0,1.623126,0.0,0.0,2.6987615,2.0524058,0.0,0.0,1.4857252,0.0,1.6433203,0.0,0.0,0.0,0.13399103,0.0,0.0,1.7318556,0.0,0.0,0.0,0.0,0.0,0.0,2.0317817,0.0,2.2165875,0.0,0.0,0.0,1.8145124,0.0,0.0,0.0,0.46683285,0.0,0.0,0.0,0.0,0.0,0.0,0.0,0.0,0.0,0.0,0.0,0.0,1.699603,0.0,0.0,1.2637937,0.0,0.0,2.3195999,0.0,1.4761373,0.0,0.0,0.0,0.0,0.0,0.0,0.0,0.0,0.0,1.1663089,0.0,0.0,0.0,0.0,1.9370935,1.0617672,1.9067419,0.0,0.0,0.0,0.0,1.6613271,0.0,0.05818548,0.0,0.0,0.0,0.0,0.0,0.0,0.0,0.0,0.7799564241300148,0.8526323214109969,0.7826086956521738,0.8695652173913043
NS(=O)(=O)c1cc2c(s1)S(=O)(=O)C1(CC1)CN2,CHEMBL79368,NS(=O)(=O)c1cc2c(s1)S(=O)(=O)C1(CC1)CN2,8.7,active,Active,1.1605638,0.0,0.0,0.0,0.0,0.0,0.0,0.0,0.0,0.0,0.0,0.0,0.0,0.0,0.0,0.0,0.0,0.0,0.0,0.0,0.0,0.0,1.9085083,0.0,0.0,1.0473052,0.0,0.0,0.0,0.0,0.0,0.0,0.8034532,0.0,0.0,1.3761201,0.0,0.0,0.0,0.0,0.0,1.6691597,0.0,0.0,2.821328,2.2640138,0.0,0.0,1.5462447,0.0,1.475891,0.0,0.0,0.0,0.1139636,0.0,0.0,1.7368946,0.0,0.0,0.0,0.0,0.0,0.0,1.9722862,0.0,2.230806,0.0,0.0,0.0,1.956851,0.0,0.0,0.0,0.7269368,0.0,0.0,0.0,0.0,0.0,0.0,0.0,0.0,0.0,0.0,0.0,0.0,1.815839,0.0,0.0,1.155678,0.0,0.0,2.1742435,0.0,1.2812657,0.0,0.0,0.0,0.0,0.0,0.0,0.0,0.0,0.0,1.0484614,0.0,0.0,0.0,0.0,2.1584442,1.1991293,1.8689816,0.0,0.0,0.0,0.0,1.5950099,0.0,0.08867546,0.0,0.0,0.0,0.0,0.0,0.0,0.0,0.0,0.7771463511020412,0.8511636036059418,0.7826086956521738,0.8478260869565217
NS(=O)(=O)c1cc2c(s1)S(=O)(=O)CC(=O)N2,CHEMBL81148,NS(=O)(=O)c1cc2c(s1)S(=O)(=O)CC(=O)N2,8.43,active,Active,0.8484676,0.0,0.0,0.0,0.0,0.0,0.0,0.0,0.0,0.0,0.0,0.0,0.0,0.0,0.0,0.0,0.0,0.0,0.0,0.0,0.0,0.0,1.8504498,0.0,0.0,0.77732795,0.0,0.0,0.0,0.0,0.0,0.0,0.8066952,0.0,0.0,1.3547429,0.0,0.0,0.0,0.0,0.0,1.6068985,0.0,0.0,2.6057575,2.1062694,0.0,0.0,1.4483312,0.0,1.6685882,0.0,0.0,0.0,0.26983398,0.0,0.0,1.5825372,0.0,0.0,0.0,0.0,0.0,0.0,2.0437143,0.0,2.0921154,0.0,0.0,0.0,2.1405895,0.0,0.0,0.0,0.82986265,0.0,0.0,0.0,0.0,0.0,0.0,0.0,0.0,0.0,0.0,0.0,0.0,1.7166841,0.0,0.0,0.90351385,0.0,0.0,2.358898,0.0,1.3857769,0.0,0.0,0.0,0.0,0.0,0.0,0.0,0.0,0.0,0.9053578,0.0,0.0,0.0,0.0,1.7667964,0.8725443,1.5654548,0.0,0.0,0.0,0.0,1.3848983,0.0,0.0,0.0,0.0,0.0,0.0,0.0,0.0,0.0,0.0,0.8069489494524135,0.8597198391805321,0.8043478260869565,0.8695652173913043
NS(=O)(=O)c1cc2c(s1)S(=O)(=O)CC(O)C2,CHEMBL348573,NS(=O)(=O)c1cc2c(s1)S(=O)(=O)CC(O)C2,8.0,active,Active,1.2701361,0.0,0.0,0.0,0.0,0.0,0.0,0.0,0.0,0.0,0.0,0.0,0.0,0.0,0.0,0.0,0.0,0.0,0.0,0.0,0.0,0.0,2.0917099,0.0,0.0,1.244525,0.0,0.0,0.0,0.0,0.0,0.0,0.8610996,0.0,0.0,1.6893027,0.0,0.0,0.0,0.0,0.0,1.7381147,0.0,0.0,2.762387,2.3443165,0.0,0.0,1.6245036,0.0,1.727234,0.0,0.0,0.0,0.29979822,0.0,0.0,1.8568903,0.0,0.0,0.0,0.0,0.0,0.0,2.1244586,0.0,2.389593,0.0,0.0,0.0,1.9218652,0.0,0.0,0.0,0.43069676,0.0,0.0,0.0,0.0,0.0,0.0,0.0,0.0,0.0,0.0,0.0,0.0,1.8581458,0.0,0.0,1.148585,0.0,0.0,2.473096,0.0,1.4993697,0.0,0.0,0.0,0.0,0.0,0.0,0.0,0.0,0.0,1.1918819,0.0,0.0,0.0,0.0,2.119439,1.3096757,1.9827213,0.0,0.0,0.0,0.0,1.9199682,0.0,0.124730565,0.0,0.0,0.0,0.0,0.0,0.0,0.0,0.0,0.8221369082546899,0.8668661322440607,0.8478260869565217,0.8913043478260869
NS(=O)(=O)c1cc2c(s1)S(=O)(=O)CCC2,CHEMBL333193,NS(=O)(=O)c1cc2c(s1)S(=O)(=O)CCC2,8.35,active,Active,1.0257016,0.0,0.0,0.0,0.0,0.0,0.0,0.0,0.0,0.0,0.0,0.0,0.0,0.0,0.0,0.0,0.0,0.0,0.0,0.0,0.0,0.0,2.0166535,0.0,0.0,1.0051926,0.0,0.0,0.0,0.0,0.0,0.0,0.8282202,0.0,0.0,1.4570792,0.0,0.0,0.0,0.0,0.0,1.8072497,0.0,0.0,2.8694346,2.2175012,0.0,0.0,1.6083894,0.0,1.7453138,0.0,0.0,0.0,0.15064764,0.0,0.0,1.7666693,0.0,0.0,0.0,0.0,0.0,0.0,2.1174078,0.0,2.3597238,0.0,0.0,0.0,2.202323,0.0,0.0,0.0,0.8906445,0.0,0.0,0.0,0.0,0.0,0.0,0.0,0.0,0.0,0.0,0.0,0.0,1.9242123,0.0,0.0,1.2389628,0.0,0.0,2.376918,0.0,1.4968234,0.0,0.0,0.0,0.0,0.0,0.0,0.0,0.0,0.0,1.0260502,0.0,0.0,0.0,0.0,2.1151419,1.0347565,1.8803258,0.0,0.0,0.0,0.0,1.5722553,0.0,0.043338813,0.0,0.0,0.0,0.0,0.0,0.0,0.0,0.0,0.7958974438448203,0.8615440146052914,0.7826086956521738,0.8913043478260869
NS(=O)(=O)c1cc2c(s1)S(=O)(=O)CCC2=O,CHEMBL346810,NS(=O)(=O)c1cc2c(s1)S(=O)(=O)CCC2=O,8.3,active,Active,1.0139157,0.0,0.0,0.0,0.0,0.0,0.0,0.0,0.0,0.0,0.0,0.0,0.0,0.0,0.0,0.0,0.0,0.0,0.0,0.0,0.0,0.0,2.0500813,0.0,0.0,1.095674,0.0,0.0,0.0,0.0,0.0,0.0,0.84255046,0.0,0.0,1.5808188,0.0,0.0,0.0,0.0,0.0,1.7886925,0.0,0.0,2.699889,2.074909,0.0,0.0,1.6351277,0.0,1.9014428,0.0,0.0,0.0,0.22585997,0.0,0.0,1.7796916,0.0,0.0,0.0,0.0,0.0,0.0,2.1410296,0.0,2.3421402,0.0,0.0,0.0,2.085897,0.0,0.0,0.0,0.63900447,0.0,0.0,0.0,0.0,0.0,0.0,0.0,0.0,0.0,0.0,0.0,0.0,1.8914571,0.0,0.0,1.2456245,0.0,0.0,2.5396614,0.0,1.6326014,0.0,0.0,0.0,0.0,0.0,0.0,0.0,0.0,0.0,1.1028001,0.0,0.0,0.0,0.0,1.945034,0.9901619,1.8861955,0.0,0.0,0.0,0.0,1.6926119,0.0,0.052547984,0.0,0.0,0.0,0.0,0.0,0.0,0.0,0.0,0.8152817039813524,0.8644708913372093,0.8043478260869565,0.8913043478260869
NS(=O)(=O)c1cc2c(s1)S(=O)(=O)CCC2O,CHEMBL314569,NS(=O)(=O)c1cc2c(s1)S(=O)(=O)CCC2O,8.084999999999999,active,Active,1.1640459,0.0,0.0,0.0,0.0,0.0,0.0,0.0,0.0,0.0,0.0,0.0,0.0,0.0,0.0,0.0,0.0,0.0,0.0,0.0,0.0,0.0,2.085624,0.0,0.0,1.2223884,0.0,0.0,0.0,0.0,0.0,0.0,0.8635784,0.0,0.0,1.6169475,0.0,0.0,0.0,0.0,0.0,1.8078765,0.0,0.0,2.7930915,2.2286196,0.0,0.0,1.6685892,0.0,1.8474118,0.0,0.0,0.0,0.22138983,0.0,0.0,1.8298843,0.0,0.0,0.0,0.0,0.0,0.0,2.148137,0.0,2.426091,0.0,0.0,0.0,2.0235567,0.0,0.0,0.0,0.56219614,0.0,0.0,0.0,0.0,0.0,0.0,0.0,0.0,0.0,0.0,0.0,0.0,1.9460145,0.0,0.0,1.3073703,0.0,0.0,2.4955316,0.0,1.5997181,0.0,0.0,0.0,0.0,0.0,0.0,0.0,0.0,0.0,1.194596,0.0,0.0,0.0,0.0,2.1224382,1.172082,1.9877285,0.0,0.0,0.0,0.0,1.8221705,0.0,0.10365208,0.0,0.0,0.0,0.0,0.0,0.0,0.0,0.0,0.8234182332541792,0.8625913371806723,0.8478260869565217,0.8478260869565217
NS(=O)(=O)c1cc2c(s1)S(=O)(=O)CCN2,CHEMBL310903,NS(=O)(=O)c1cc2c(s1)S(=O)(=O)CCN2,8.61,active,Active,1.0491482,0.0,0.0,0.0,0.0,0.0,0.0,0.0,0.0,0.0,0.0,0.0,0.0,0.0,0.0,0.0,0.0,0.0,0.0,0.0,0.0,0.0,2.095773,0.0,0.0,1.1148818,0.0,0.0,0.0,0.0,0.0,0.0,0.8443548,0.0,0.0,1.5712849,0.0,0.0,0.0,0.0,0.0,1.8012887,0.0,0.0,2.794402,2.2009876,0.0,0.0,1.665392,0.0,1.870847,0.0,0.0,0.0,0.23674244,0.0,0.0,1.8223051,0.0,0.0,0.0,0.0,0.0,0.0,2.1700954,0.0,2.4085639,0.0,0.0,0.0,2.1126761,0.0,0.0,0.0,0.63680637,0.0,0.0,0.0,0.0,0.0,0.0,0.0,0.0,0.0,0.0,0.0,0.0,1.9495953,0.0,0.0,1.2180102,0.0,0.0,2.512617,0.0,1.5740091,0.0,0.0,0.0,0.0,0.0,0.0,0.0,0.0,0.0,1.0985336,0.0,0.0,0.0,0.0,2.0862553,1.1220895,1.8925644,0.0,0.0,0.0,0.0,1.7029614,0.0,0.06078262,0.0,0.0,0.0,0.0,0.0,0.0,0.0,0.0,0.8164893740670741,0.8634599710481836,0.8260869565217391,0.8695652173913043
NS(=O)(=O)c1cc2c(s1)S(=O)(=O)CC[C@@H]2O,CHEMBL2092886,NS(=O)(=O)c1cc2c(s1)S(=O)(=O)CC[C@@H]2O,8.34,active,Active,1.1640459,0.0,0.0,0.0,0.0,0.0,0.0,0.0,0.0,0.0,0.0,0.0,0.0,0.0,0.0,0.0,0.0,0.0,0.0,0.0,0.0,0.0,2.085624,0.0,0.0,1.2223884,0.0,0.0,0.0,0.0,0.0,0.0,0.8635784,0.0,0.0,1.6169475,0.0,0.0,0.0,0.0,0.0,1.8078765,0.0,0.0,2.7930915,2.2286196,0.0,0.0,1.6685892,0.0,1.8474118,0.0,0.0,0.0,0.22138983,0.0,0.0,1.8298843,0.0,0.0,0.0,0.0,0.0,0.0,2.148137,0.0,2.426091,0.0,0.0,0.0,2.0235567,0.0,0.0,0.0,0.56219614,0.0,0.0,0.0,0.0,0.0,0.0,0.0,0.0,0.0,0.0,0.0,0.0,1.9460145,0.0,0.0,1.3073703,0.0,0.0,2.4955316,0.0,1.5997181,0.0,0.0,0.0,0.0,0.0,0.0,0.0,0.0,0.0,1.194596,0.0,0.0,0.0,0.0,2.1224382,1.172082,1.9877285,0.0,0.0,0.0,0.0,1.8221705,0.0,0.10365208,0.0,0.0,0.0,0.0,0.0,0.0,0.0,0.0,0.825957834393379,0.8653731954736416,0.8695652173913043,0.8695652173913043
NS(=O)(=O)c1cc2c(s1)S(=O)(=O)CC[C@H]2O,CHEMBL1788205,NS(=O)(=O)c1cc2c(s1)S(=O)(=O)CC[C@H]2O,8.17,active,Active,1.1640459,0.0,0.0,0.0,0.0,0.0,0.0,0.0,0.0,0.0,0.0,0.0,0.0,0.0,0.0,0.0,0.0,0.0,0.0,0.0,0.0,0.0,2.085624,0.0,0.0,1.2223884,0.0,0.0,0.0,0.0,0.0,0.0,0.8635784,0.0,0.0,1.6169475,0.0,0.0,0.0,0.0,0.0,1.8078765,0.0,0.0,2.7930915,2.2286196,0.0,0.0,1.6685892,0.0,1.8474118,0.0,0.0,0.0,0.22138983,0.0,0.0,1.8298843,0.0,0.0,0.0,0.0,0.0,0.0,2.148137,0.0,2.426091,0.0,0.0,0.0,2.0235567,0.0,0.0,0.0,0.56219614,0.0,0.0,0.0,0.0,0.0,0.0,0.0,0.0,0.0,0.0,0.0,0.0,1.9460145,0.0,0.0,1.3073703,0.0,0.0,2.4955316,0.0,1.5997181,0.0,0.0,0.0,0.0,0.0,0.0,0.0,0.0,0.0,1.194596,0.0,0.0,0.0,0.0,2.1224382,1.172082,1.9877285,0.0,0.0,0.0,0.0,1.8221705,0.0,0.10365208,0.0,0.0,0.0,0.0,0.0,0.0,0.0,0.0,0.8212031194856554,0.8632324013797316,0.8478260869565217,0.8695652173913043
NS(=O)(=O)c1cc2c(s1)S(=O)(=O)N(c1cccc(O)c1)C(CN1CCOCC1)=C2,CHEMBL353861,NS(=O)(=O)c1cc2c(s1)S(=O)(=O)N(c1cccc(O)c1)C(CN1CCOCC1)=C2,8.94,active,Active,0.8707473,0.0,0.0,0.0,0.0,0.0,0.0,0.0,0.0,0.0,0.0,0.0,0.0,0.0,0.0,0.0,0.0,0.0,0.0,0.0,0.0,0.0,1.5743049,0.0,0.0,1.2999896,0.0,0.0,0.0,0.0,0.0,0.0,0.46888527,0.0,0.0,1.2328206,0.0,0.0,0.0,0.0,0.0,1.012944,0.0,0.0,1.8900906,1.3871431,0.0,0.0,1.1399238,0.0,1.0438046,0.0,0.0,0.0,0.055980988,0.0,0.0,1.4057602,0.0,0.0,0.0,0.0,0.0,0.0,1.1504768,0.0,1.7364031,0.0,0.0,0.0,0.43443626,0.0,0.0,0.0,0.0,0.0,0.0,0.0,0.0,0.0,0.0,0.0,0.0,0.0,0.0,0.0,0.0,1.1798062,0.0,0.0,0.80192477,0.0,0.0,1.6822029,0.0,0.980438,0.0,0.0,0.0,0.0,0.0,0.0,0.0,0.0,0.0,0.9497959,0.0,0.0,0.0,0.0,1.532322,1.0096955,1.4141656,0.0,0.0,0.0,0.0,1.6172917,0.0,0.0,0.0,0.0,0.0,0.0,0.0,0.0,0.0,0.0,0.5784559940771756,0.613182844337132,0.5652173913043478,0.6521739130434783
NS(=O)(=O)c1cc2c(s1)SC(CCO)CN2,CHEMBL79474,NS(=O)(=O)c1cc2c(s1)SC(CCO)CN2,8.5,active,Active,1.304137,0.0,0.0,0.0,0.0,0.0,0.0,0.0,0.0,0.0,0.0,0.0,0.0,0.0,0.0,0.0,0.0,0.0,0.0,0.0,0.0,0.0,2.0467603,0.0,0.0,1.5877608,0.0,0.0,0.0,0.0,0.0,0.0,0.80419075,0.0,0.0,1.6308836,0.0,0.0,0.0,0.0,0.0,1.7206476,0.0,0.0,2.7182188,1.9160122,0.0,0.0,1.6531115,0.0,1.8266724,0.0,0.0,0.0,0.09589166,0.0,0.0,1.8741012,0.0,0.0,0.0,0.0,0.0,0.0,2.0537908,0.0,2.3565397,0.0,0.0,0.0,1.47097,0.0,0.0,0.0,0.0,0.0,0.0,0.0,0.0,0.0,0.0,0.0,0.0,0.0,0.0,0.0,0.0,1.7719436,0.0,0.0,1.6695988,0.0,0.0,2.5191483,0.0,1.7649661,0.0,0.0,0.0,0.0,0.0,0.0,0.0,0.0,0.0,1.470584,0.0,0.0,0.0,0.0,2.072955,1.1316682,2.2419286,0.0,0.0,0.0,0.0,2.0861382,0.0,0.17277202,0.0,0.0,0.0,0.0,0.0,0.0,0.0,0.0,0.8647181833102868,0.8174680081450669,0.8478260869565217,0.8043478260869565
NS(=O)(=O)c1cc2c(s1)SCC(=O)N2,CHEMBL310152,NS(=O)(=O)c1cc2c(s1)SCC(=O)N2,7.89,active,Active,1.0234522,0.0,0.0,0.0,0.0,0.0,0.0,0.0,0.0,0.0,0.0,0.0,0.0,0.0,0.0,0.0,0.0,0.0,0.0,0.0,0.0,0.0,1.8898435,0.0,0.0,1.1568457,0.0,0.0,0.0,0.0,0.0,0.0,0.8355759,0.0,0.0,1.4680605,0.0,0.0,0.0,0.0,0.0,1.6211601,0.0,0.0,2.518422,1.8712852,0.0,0.0,1.5493895,0.0,1.7824714,0.0,0.0,0.0,0.24881467,0.0,0.0,1.6367018,0.0,0.0,0.0,0.0,0.0,0.0,1.9766198,0.0,2.1099265,0.0,0.0,0.0,1.7860637,0.0,0.0,0.0,0.26087216,0.0,0.0,0.0,0.0,0.0,0.0,0.0,0.0,0.0,0.0,0.0,0.0,1.6771879,0.0,0.0,1.2079222,0.0,0.0,2.4904816,0.0,1.633317,0.0,0.0,0.0,0.0,0.0,0.0,0.0,0.0,0.0,1.1056442,0.0,0.0,0.0,0.0,1.7936579,0.83222264,1.7932743,0.0,0.0,0.0,0.0,1.7382241,0.0,0.10573768,0.0,0.0,0.0,0.0,0.0,0.0,0.0,0.0,0.8129077841324943,0.8604194571586578,0.8260869565217391,0.8478260869565217
NS(=O)(=O)c1cc2c(s1)SCCC2=O,CHEMBL158261,NS(=O)(=O)c1cc2c(s1)SCCC2=O,8.07,active,Active,1.2183396,0.0,0.0,0.0,0.0,0.0,0.0,0.0,0.0,0.0,0.0,0.0,0.0,0.0,0.0,0.0,0.0,0.0,0.0,0.0,0.0,0.0,2.1249537,0.0,0.0,1.4777851,0.0,0.0,0.0,0.0,0.0,0.0,0.89735854,0.0,0.0,1.6961358,0.0,0.0,0.0,0.0,0.0,1.831977,0.0,0.0,2.6488235,1.8873501,0.0,0.0,1.7686816,0.0,2.0386953,0.0,0.0,0.0,0.19583067,0.0,0.0,1.864327,0.0,0.0,0.0,0.0,0.0,0.0,2.1157532,0.0,2.418039,0.0,0.0,0.0,1.7665998,0.0,0.0,0.0,0.14186203,0.0,0.0,0.0,0.0,0.0,0.0,0.0,0.0,0.0,0.0,0.0,0.0,1.9131092,0.0,0.0,1.5829443,0.0,0.0,2.697248,0.0,1.8840183,0.0,0.0,0.0,0.0,0.0,0.0,0.0,0.0,0.0,1.3279575,0.0,0.0,0.0,0.0,2.0119877,0.9892914,2.1583755,0.0,0.0,0.0,0.0,2.0666416,0.0,0.16512138,0.0,0.0,0.0,0.0,0.0,0.0,0.0,0.0,0.8672772829959009,0.8235191314089587,0.8695652173913043,0.8478260869565217
NS(=O)(=O)c1cc2c(s1)SCCC2O,CHEMBL158026,NS(=O)(=O)c1cc2c(s1)SCCC2O,7.52,active,Active,1.379189,0.0,0.0,0.0,0.0,0.0,0.0,0.0,0.0,0.0,0.0,0.0,0.0,0.0,0.0,0.0,0.0,0.0,0.0,0.0,0.0,0.0,2.1591766,0.0,0.0,1.6121514,0.0,0.0,0.0,0.0,0.0,0.0,0.91323674,0.0,0.0,1.7295153,0.0,0.0,0.0,0.0,0.0,1.8469115,0.0,0.0,2.7532027,2.057684,0.0,0.0,1.7985878,0.0,1.9643399,0.0,0.0,0.0,0.18636966,0.0,0.0,1.9175274,0.0,0.0,0.0,0.0,0.0,0.0,2.11997,0.0,2.5078685,0.0,0.0,0.0,1.6831319,0.0,0.0,0.0,0.052732818,0.0,0.0,0.0,0.0,0.0,0.0,0.0,0.0,0.0,0.0,0.0,0.0,1.9605321,0.0,0.0,1.6425555,0.0,0.0,2.6399002,0.0,1.8355589,0.0,0.0,0.0,0.0,0.0,0.0,0.0,0.0,0.0,1.4226305,0.0,0.0,0.0,0.0,2.2078493,1.1904651,2.2689052,0.0,0.0,0.0,0.0,2.2089648,0.0,0.2199997,0.0,0.0,0.0,0.0,0.0,0.0,0.0,0.0,0.8752835777578503,0.8212267472665958,0.8913043478260869,0.8260869565217391
NS(=O)(=O)c1cc2c(s1)[S+]([O-])CC(=O)N2,CHEMBL83820,NS(=O)(=O)c1cc2c(s1)[S+]([O-])CC(=O)N2,7.5,active,Active,0.86814535,0.0,0.0,0.0,0.0,0.0,0.0,0.0,0.0,0.0,0.0,0.0,0.0,0.0,0.0,0.0,0.0,0.0,0.0,0.0,0.0,0.0,1.5510027,0.0,0.0,0.7469442,0.0,0.0,0.0,0.0,0.0,0.0,0.7392792,0.0,0.0,1.1062367,0.0,0.0,0.0,0.0,0.0,1.373217,0.0,0.0,2.489773,1.9126587,0.0,0.0,1.2366041,0.0,1.3825605,0.0,0.0,0.0,0.18997923,0.0,0.0,1.3356287,0.0,0.0,0.0,0.0,0.0,0.0,1.7603682,0.0,1.716164,0.0,0.0,0.0,1.8766041,0.0,0.0,0.0,0.6403861,0.0,0.0,0.0,0.0,0.0,0.0,0.0,0.0,0.0,0.0,0.0,0.0,1.4216468,0.0,0.0,0.88776517,0.0,0.0,2.1063101,0.0,1.2653849,0.0,0.0,0.0,0.0,0.0,0.0,0.0,0.0,0.0,0.8694719,0.0,0.0,0.0,0.0,1.6148897,0.6739434,1.4177151,0.0,0.0,0.0,0.0,1.319325,0.0,0.05002051,0.0,0.0,0.0,0.0,0.0,0.0,0.0,0.0,0.6059034385207591,0.7255333694101158,0.6086956521739131,0.7391304347826086
NS(=O)(=O)c1cc2c(s1)[S+]([O-])CCC2O,CHEMBL158363,NS(=O)(=O)c1cc2c(s1)[S+]([O-])CCC2O,7.0,active,Active,1.175675,0.0,0.0,0.0,0.0,0.0,0.0,0.0,0.0,0.0,0.0,0.0,0.0,0.0,0.0,0.0,0.0,0.0,0.0,0.0,0.0,0.0,1.7498947,0.0,0.0,1.124318,0.0,0.0,0.0,0.0,0.0,0.0,0.7976363,0.0,0.0,1.2948939,0.0,0.0,0.0,0.0,0.0,1.5414686,0.0,0.0,2.6956747,2.0700467,0.0,0.0,1.4158854,0.0,1.4927068,0.0,0.0,0.0,0.1397953,0.0,0.0,1.5514297,0.0,0.0,0.0,0.0,0.0,0.0,1.8628124,0.0,2.0352867,0.0,0.0,0.0,1.7746407,0.0,0.0,0.0,0.47560248,0.0,0.0,0.0,0.0,0.0,0.0,0.0,0.0,0.0,0.0,0.0,0.0,1.6303605,0.0,0.0,1.2435313,0.0,0.0,2.1988244,0.0,1.4101518,0.0,0.0,0.0,0.0,0.0,0.0,0.0,0.0,0.0,1.1227932,0.0,0.0,0.0,0.0,1.9691463,0.97654504,1.8124816,0.0,0.0,0.0,0.0,1.6982822,0.0,0.15277708,0.0,0.0,0.0,0.0,0.0,0.0,0.0,0.0,0.7772952388466272,0.8515508855368409,0.7608695652173912,0.8913043478260869
NS(=O)(=O)c1cc2cc(C(=O)N(CCO)CCO)sc2s1,CHEMBL51097,NS(=O)(=O)c1cc2cc(C(=O)N(CCO)CCO)sc2s1,8.18,active,Active,1.8738394,0.0,0.0,0.0,0.0,0.0,0.0,0.0,0.0,0.0,0.0,0.0,0.0,0.0,0.0,0.0,0.0,0.0,0.0,0.63467795,0.0,0.0,2.9104538,0.0,0.0,2.7191095,0.0,0.0,0.0,0.0,0.0,0.0,1.0622599,0.0,0.0,2.4002943,0.0,0.0,0.0,0.0,0.0,2.3252537,0.0,0.0,3.1450593,2.0866368,0.0,0.0,2.3987806,0.0,2.792691,0.0,0.0,0.0,0.20490873,0.0,0.0,2.6432662,0.0,0.0,0.0,0.0,0.0,0.0,2.629149,0.0,3.3507233,0.0,0.0,0.0,1.2253749,0.0,0.0,0.0,0.0,0.0,0.0,0.0,0.0,0.0,0.0,0.0,0.0,0.0,0.0,0.0,0.0,2.47233,0.0,0.0,2.54201,0.0,0.0,3.5767207,0.0,2.744887,0.0,0.0,0.0,0.0,0.0,0.0,0.0,0.0,0.0,2.2945182,0.0,0.0,0.0,0.0,2.642919,1.6117922,3.200734,0.0,0.0,0.0,0.0,3.343383,0.0,0.28783137,0.0,0.0,0.0,0.0,0.0,0.0,0.0,0.0,0.9980249550399305,0.8652642101295029,0.9782608695652174,0.9347826086956521
NS(=O)(=O)c1cc2cc(C(=O)NCC(O)CO)sc2s1,CHEMBL51975,NS(=O)(=O)c1cc2cc(C(=O)NCC(O)CO)sc2s1,8.49,active,Active,2.1230247,0.0,0.0,0.0,0.0,0.0,0.0,0.0,0.0,0.0,0.0,0.0,0.0,0.0,0.0,0.0,0.004905712,0.0,0.0,0.35333782,0.0,0.0,3.085922,0.0,0.0,3.0073185,0.0,0.0,0.0,0.0,0.0,0.0,1.1196758,0.0,0.0,2.565369,0.0,0.0,0.0,0.0,0.0,2.399059,0.0,0.0,3.1599598,2.3280067,0.0,0.0,2.5866494,0.0,2.9056425,0.0,0.0,0.0,0.2918168,0.0,0.0,2.7863977,0.0,0.0,0.0,0.0,0.0,0.0,2.7061992,0.0,3.592653,0.0,0.0,0.0,1.0351516,0.0,0.0,0.0,0.0,0.0,0.0,0.0,0.0,0.0,0.0,0.0,0.0,0.0,0.0,0.0,0.0,2.6663804,0.0,0.0,2.5447652,0.0,0.0,3.7021391,0.0,2.8043816,0.0,0.0,0.0,0.0,0.0,0.0,0.0,0.0,0.0,2.5231504,0.0,0.0,0.0,0.0,2.8724484,1.9908553,3.324563,0.0,0.0,0.0,0.0,3.7307265,0.0,0.33703792,0.0,0.0,0.0,0.0,0.0,0.0,0.0,0.0,0.999526174051295,0.8637553981226407,1.0,0.9130434782608695
NS(=O)(=O)c1cc2cc(CN3CCOCC3)sc2o1,CHEMBL105080,NS(=O)(=O)c1cc2cc(CN3CCOCC3)sc2o1,8.25,active,Active,1.2680529,0.0,0.0,0.0,0.0,0.0,0.0,0.0,0.0,0.0,0.0,0.0,0.0,0.0,0.0,0.0,0.0,0.0,0.0,0.0,0.0,0.0,2.0509353,0.0,0.0,1.8742918,0.0,0.0,0.0,0.0,0.0,0.0,0.75347066,0.0,0.0,1.4653263,0.0,0.0,0.0,0.0,0.0,1.4641061,0.0,0.0,1.9716563,1.4804689,0.0,0.0,1.6440436,0.0,1.5675597,0.0,0.0,0.0,0.27420908,0.0,0.0,1.7687546,0.0,0.0,0.0,0.0,0.0,0.0,1.4502081,0.0,2.4569516,0.0,0.0,0.0,0.4505601,0.0,0.0,0.0,0.0,0.0,0.0,0.0,0.0,0.0,0.0,0.0,0.0,0.0,0.0,0.0,0.0,1.7060585,0.0,0.0,1.1326636,0.0,0.0,2.3061173,0.0,1.553021,0.0,0.0,0.0,0.0,0.0,0.0,0.0,0.0,0.0,1.1198916,0.0,0.0,0.0,0.0,2.0054371,1.2368435,1.9555417,0.0,0.0,0.0,0.0,2.5178065,0.0,0.140652,0.0,0.0,0.0,0.0,0.0,0.0,0.0,0.0,0.8706117034952976,0.712268206434154,0.8695652173913043,0.6956521739130435
NS(=O)(=O)c1cc2cc(CN3CC[S+]([O-])CC3)sc2s1,CHEMBL52944,NS(=O)(=O)c1cc2cc(CN3CC[S+]([O-])CC3)sc2s1,8.4,active,Active,1.6049482,0.0,0.0,0.0,0.0,0.0,0.0,0.0,0.0,0.0,0.0,0.0,0.0,0.0,0.0,0.0,0.0,0.0,0.0,0.0,0.0,0.0,2.4783976,0.0,0.0,2.185053,0.0,0.0,0.0,0.0,0.0,0.0,0.9778533,0.0,0.0,2.0196252,0.0,0.0,0.0,0.0,0.0,1.9637791,0.0,0.0,2.684064,1.8881491,0.0,0.0,2.05,0.0,2.2325134,0.0,0.0,0.0,0.26787716,0.0,0.0,2.1698637,0.0,0.0,0.0,0.0,0.0,0.0,2.0835514,0.0,2.8503933,0.0,0.0,0.0,1.1969111,0.0,0.0,0.0,0.0,0.0,0.0,0.0,0.0,0.0,0.0,0.0,0.0,0.0,0.0,0.0,0.0,2.1339562,0.0,0.0,1.830928,0.0,0.0,2.9888992,0.0,2.16087,0.0,0.0,0.0,0.0,0.0,0.0,0.0,0.0,0.0,1.6469128,0.0,0.0,0.0,0.0,2.359763,1.3551433,2.564594,0.0,0.0,0.0,0.0,2.8570256,0.0,0.26607487,0.0,0.0,0.0,0.0,0.0,0.0,0.0,0.0,0.9762595617194506,0.843564017163235,0.9347826086956521,0.8478260869565217
NS(=O)(=O)c1cc2cc(CNCCCCO)sc2o1,CHEMBL316757,NS(=O)(=O)c1cc2cc(CNCCCCO)sc2o1,7.96,active,Active,1.29347,0.0,0.0,0.0,0.0,0.0,0.0,0.0,0.0,0.0,0.0,0.0,0.0,0.0,0.0,0.0,0.0,0.0,0.0,0.11049062,0.0,0.0,2.2094705,0.0,0.0,1.9520167,0.0,0.0,0.0,0.0,0.0,0.0,0.81116,0.0,0.0,1.5444248,0.0,0.0,0.0,0.0,0.0,1.733246,0.0,0.0,2.465407,1.6569489,0.0,0.0,1.8131807,0.0,1.9886982,0.0,0.0,0.0,0.12326101,0.0,0.0,1.9620342,0.0,0.0,0.0,0.0,0.0,0.0,1.9103692,0.0,2.6204708,0.0,0.0,0.0,0.9070734,0.0,0.0,0.0,0.0,0.0,0.0,0.0,0.0,0.0,0.0,0.0,0.0,0.0,0.0,0.0,0.0,1.9256765,0.0,0.0,1.6313041,0.0,0.0,2.6681125,0.0,1.9836284,0.0,0.0,0.0,0.0,0.0,0.0,0.0,0.0,0.0,1.5215073,0.0,0.0,0.0,0.0,2.1137204,1.055287,2.266756,0.0,0.0,0.0,0.0,2.5495632,0.0,0.08546636,0.0,0.0,0.0,0.0,0.0,0.0,0.0,0.0,0.8843162512072122,0.733276386768127,0.8913043478260869,0.7391304347826086
NS(=O)(=O)c1cc2cc(CNCCF)sc2o1,CHEMBL101370,NS(=O)(=O)c1cc2cc(CNCCF)sc2o1,7.92,active,Active,1.1651257,0.0,0.0,0.0,0.0,0.0,0.0,0.0,0.0,0.0,0.0,0.0,0.0,0.0,0.0,0.0,0.0,0.0,0.0,0.0,0.0,0.0,2.175944,0.0,0.0,1.8049438,0.0,0.0,0.0,0.0,0.0,0.0,0.8128936,0.0,0.0,1.4915673,0.0,0.0,0.0,0.0,0.0,1.6108751,0.0,0.0,2.121514,1.5856552,0.0,0.0,1.8046633,0.0,1.9956152,0.0,0.0,0.0,0.28040183,0.0,0.0,1.8316032,0.0,0.0,0.0,0.0,0.0,0.0,1.8113486,0.0,2.555295,0.0,0.0,0.0,0.8787046,0.0,0.0,0.0,0.0,0.0,0.0,0.0,0.0,0.0,0.0,0.0,0.0,0.0,0.0,0.0,0.0,1.8675183,0.0,0.0,1.2719791,0.0,0.0,2.6218932,0.0,1.8975172,0.0,0.0,0.0,0.0,0.0,0.0,0.0,0.0,0.0,1.308423,0.0,0.0,0.0,0.0,1.9442067,1.062705,1.9867988,0.0,0.0,0.0,0.0,2.5229497,0.0,0.07440228,0.0,0.0,0.0,0.0,0.0,0.0,0.0,0.0,0.8683678490947757,0.7096313296609789,0.8478260869565217,0.6956521739130435
NS(=O)(=O)c1cc2cc(CNCc3ccccn3)sc2o1,CHEMBL101371,NS(=O)(=O)c1cc2cc(CNCc3ccccn3)sc2o1,8.09,active,Active,1.0960823,0.0,0.0,0.0,0.0,0.0,0.0,0.0,0.0,0.0,0.0,0.0,0.0,0.0,0.0,0.0,0.0,0.0,0.0,0.0,0.0,0.0,2.1665373,0.0,0.0,2.042491,0.0,0.0,0.0,0.0,0.0,0.0,0.69540733,0.03613084,0.0,1.5313922,0.0,0.0,0.0,0.0,0.0,1.3593538,0.0,0.0,1.8540359,1.3062861,0.0,0.0,1.7669786,0.0,1.8394637,0.0,0.0,0.0,0.20215452,0.0,0.0,1.8394135,0.0,0.0,0.0,0.0,0.0,0.0,1.4194138,0.0,2.4162629,0.0,0.0,0.0,0.091229744,0.0,0.0,0.0,0.0,0.0,0.0,0.0,0.0,0.0,0.0,0.0,0.0,0.0,0.0,0.0,0.0,1.7258246,0.0,0.0,1.1416019,0.0,0.0,2.4189699,0.0,1.7288607,0.0,0.0,0.0,0.0,0.0,0.0,0.0,0.0,0.0,1.3626581,0.0,0.0,0.0,0.0,1.7988997,1.0956278,1.8276274,0.0,0.0,0.0,0.0,2.586541,0.0,0.013254076,0.0,0.0,0.0,0.0,0.0,0.0,0.0,0.0,0.8156392712559163,0.6521358750780598,0.8260869565217391,0.6521739130434783
NS(=O)(=O)c1cc2cc(CO)ccc2s1,CHEMBL87179,NS(=O)(=O)c1cc2cc(CO)ccc2s1,8.05,active,Active,1.3117633,0.0,0.0,0.0,0.0,0.0,0.0,0.0,0.0,0.0,0.0,0.0,0.0,0.0,0.0,0.0,0.0,0.0,0.0,0.0,0.0,0.0,2.3387988,0.0,0.0,2.0610762,0.0,0.0,0.0,0.0,0.0,0.0,0.7408185,0.0,0.0,1.7556282,0.0,0.0,0.0,0.0,0.0,1.5012647,0.0,0.0,2.309976,1.7061079,0.0,0.0,1.8104736,0.0,1.7837232,0.0,0.0,0.0,0.20106056,0.0,0.0,2.055801,0.0,0.0,0.0,0.0,0.0,0.0,1.5363563,0.0,2.461109,0.0,0.0,0.0,0.26521316,0.0,0.0,0.0,0.0,0.0,0.0,0.0,0.0,0.0,0.0,0.0,0.0,0.0,0.0,0.0,0.0,1.846477,0.0,0.0,1.2005792,0.0,0.0,2.4551075,0.0,1.6141402,0.0,0.0,0.0,0.0,0.0,0.0,0.0,0.0,0.0,1.5324854,0.0,0.0,0.0,0.0,2.0259843,1.2980423,1.962347,0.0,0.0,0.0,0.0,2.5567434,0.0,0.033169962,0.0,0.0,0.0,0.0,0.0,0.0,0.0,0.0,0.8278490806872111,0.6582262064840502,0.8695652173913043,0.6739130434782609
NS(=O)(=O)c1cc2cc(N3CCOCC3)sc2s1,CHEMBL333520,NS(=O)(=O)c1cc2cc(N3CCOCC3)sc2s1,8.52,active,Active,1.6665728,0.0,0.0,0.0,0.0,0.0,0.0,0.0,0.0,0.0,0.0,0.0,0.0,0.0,0.0,0.0,0.0,0.0,0.0,0.25272793,0.0,0.0,2.734143,0.0,0.0,2.4667983,0.0,0.0,0.0,0.0,0.0,0.0,1.0725316,0.0,0.0,2.2310781,0.0,0.0,0.0,0.0,0.0,2.1872616,0.0,0.0,2.7973814,1.8258197,0.0,0.0,2.3028433,0.0,2.5127518,0.0,0.0,0.0,0.30867884,0.0,0.0,2.400523,0.0,0.0,0.0,0.0,0.0,0.0,2.2157888,0.0,3.1848807,0.0,0.0,0.0,1.1996474,0.0,0.0,0.0,0.0,0.0,0.0,0.0,0.0,0.0,0.0,0.0,0.0,0.0,0.0,0.0,0.0,2.3694906,0.0,0.0,2.0742931,0.0,0.0,3.3389645,0.0,2.416575,0.0,0.0,0.0,0.0,0.0,0.0,0.0,0.0,0.0,1.7191668,0.0,0.0,0.0,0.0,2.5650046,1.4377149,2.8242664,0.0,0.0,0.0,0.0,3.107918,0.0,0.30697784,0.0,0.0,0.0,0.0,0.0,0.0,0.0,0.0,0.9928422301321576,0.8570426097714683,0.9782608695652174,0.8695652173913043
NS(=O)(=O)c1cc2cc(N3CCSCC3)sc2s1,CHEMBL333281,NS(=O)(=O)c1cc2cc(N3CCSCC3)sc2s1,8.59,active,Active,1.7109642,0.0,0.0,0.0,0.0,0.0,0.0,0.0,0.0,0.0,0.0,0.0,0.0,0.0,0.0,0.0,0.012859244,0.0,0.0,0.27180055,0.0,0.0,2.8187973,0.0,0.0,2.5182989,0.0,0.0,0.0,0.0,0.0,0.0,1.129695,0.0,0.0,2.2724946,0.0,0.0,0.0,0.0,0.0,2.283329,0.0,0.0,2.9150794,1.9131528,0.0,0.0,2.435002,0.0,2.766718,0.0,0.0,0.0,0.2789103,0.0,0.0,2.479801,0.0,0.0,0.0,0.0,0.0,0.0,2.4374924,0.0,3.2779846,0.0,0.0,0.0,1.3730837,0.0,0.0,0.0,0.0,0.0,0.0,0.0,0.0,0.0,0.0,0.0,0.0,0.0,0.0,0.0,0.0,2.5217912,0.0,0.0,2.2646306,0.0,0.0,3.5167043,0.0,2.6071773,0.0,0.0,0.0,0.0,0.0,0.0,0.0,0.0,0.0,1.9300351,0.0,0.0,0.0,0.0,2.5911117,1.4378614,2.9392998,0.0,0.0,0.0,0.0,3.1645136,0.0,0.3106546,0.0,0.0,0.0,0.0,0.0,0.0,0.0,0.0,0.9966794989831592,0.85691442646698,1.0,0.8478260869565217
NS(=O)(=O)c1cc2cc(O)ccc2[nH]1,CHEMBL354238,NS(=O)(=O)c1cc2cc(O)ccc2[nH]1,7.66,active,Active,0.5736444,0.0,0.0,0.0,0.7458149,0.0,0.0,0.0,0.0,0.0,0.0,0.0,0.0,0.0,0.0,0.0,0.0,0.0,0.0,0.0,0.0,0.0,1.903235,0.0,0.0,1.5708082,0.0,0.0,0.0,0.0,0.9266272,0.0,0.48254386,1.031304,0.0,1.0424846,0.65541303,0.0,0.0,0.0,0.0,0.98466355,0.5219444,0.0,1.641756,1.0023856,0.0,0.0,1.4630456,0.0,1.4439025,0.0,0.20911342,0.0,0.05157227,0.0,0.0,1.5537713,0.0,0.0,0.0,0.0,0.25065,0.45084956,0.97636503,0.0,2.0403879,0.0,0.0,0.0,0.0,0.0,0.0,0.0,0.0,0.0,0.0,0.0,0.0,0.0,0.0,0.4243703,0.0,0.0,0.0,0.0,0.0,1.5243979,0.0,0.0,0.6512508,0.0,0.19238597,2.0005085,0.0,1.2009263,0.0,0.0,0.0,0.0,0.0,0.0,0.0,0.0,0.0,1.0132774,0.0,0.6508603,0.0,0.16114542,1.4454589,0.7870224,1.1535907,0.0,0.0,0.4268483,0.0,1.8873,0.0,0.0,0.0,0.426898,0.0,0.0,0.4969591,0.0,0.0,0.0,0.3757241688286713,0.8292353241030586,0.3695652173913043,0.8260869565217391
NS(=O)(=O)c1cc2cc(O)ccc2o1,CHEMBL349815,NS(=O)(=O)c1cc2cc(O)ccc2o1,8.19,active,Active,0.6802355,0.0,0.0,0.0,0.6063364,0.0,0.0,0.0,0.0,0.0,0.0,0.0,0.0,0.0,0.0,0.0,0.0,0.0,0.0,0.0,0.0,0.0,1.9957595,0.0,0.0,1.5896909,0.0,0.0,0.0,0.0,0.63762164,0.0,0.5951333,0.85304034,0.0,1.1669705,0.46330607,0.0,0.0,0.0,0.0,1.1397353,0.2962699,0.0,1.7358645,1.1324457,0.0,0.0,1.5686537,0.0,1.6135386,0.0,0.0,0.0,0.11474069,0.0,0.0,1.6384159,0.0,0.0,0.0,0.0,0.09708586,0.1862037,1.1784829,0.0,2.1702118,0.0,0.0,0.0,0.029570766,0.0,0.0,0.0,0.0,0.0,0.0,0.0,0.0,0.0,0.0,0.30441308,0.0,0.0,0.0,0.0,0.0,1.642722,0.0,0.0,0.76159346,0.0,0.006183468,2.2033162,0.0,1.3511031,0.0,0.0,0.0,0.0,0.0,0.0,0.0,0.0,0.0,1.045275,0.0,0.45200446,0.0,0.0,1.5483563,0.8339469,1.310783,0.0,0.0,0.10504987,0.0,2.0271027,0.0,0.0,0.0,0.19079265,0.0,0.0,0.2757323,0.0,0.0,0.0,0.38758328619540955,0.8258370636062484,0.41304347826086957,0.8478260869565217
NS(=O)(=O)c1cc2cc(O)ccc2s1,CHEMBL82813,NS(=O)(=O)c1cc2cc(O)ccc2s1,8.21,active,Active,0.9997922,0.0,0.0,0.0,0.01239156,0.0,0.0,0.0,0.0,0.0,0.0,0.0,0.0,0.0,0.0,0.0,0.0,0.0,0.0,0.0,0.0,0.0,2.3964605,0.0,0.0,1.959074,0.0,0.0,0.0,0.0,0.0,0.0,0.7861884,0.23619209,0.0,1.6081288,0.0,0.0,0.0,0.0,0.0,1.5517219,0.0,0.0,2.1952622,1.4173886,0.0,0.0,1.9314277,0.0,2.0785763,0.0,0.0,0.0,0.18929434,0.0,0.0,2.0079708,0.0,0.0,0.0,0.0,0.0,0.0,1.6069359,0.0,2.6175208,0.0,0.0,0.0,0.4083295,0.0,0.0,0.0,0.0,0.0,0.0,0.0,0.0,0.0,0.0,0.0,0.0,0.0,0.0,0.0,0.0,2.0003204,0.0,0.0,1.2338694,0.0,0.0,2.7480195,0.0,1.8136888,0.0,0.0,0.0,0.0,0.0,0.0,0.0,0.0,0.0,1.3810928,0.0,0.0,0.0,0.0,1.9145547,1.031327,1.8369689,0.0,0.0,0.0,0.0,2.4640667,0.0,0.0,0.0,0.0,0.0,0.0,0.0,0.0,0.0,0.0,0.8220138870789022,0.6575240780034173,0.8260869565217391,0.6739130434782609
NS(=O)(=O)c1cc2cc3c(cc2[nH]1)OCO3,CHEMBL163094,NS(=O)(=O)c1cc2cc3c(cc2[nH]1)OCO3,7.6,active,Active,0.8099891,0.0,0.0,0.0,0.56470406,0.0,0.0,0.0,0.0,0.0,0.0,0.0,0.0,0.0,0.0,0.0,0.0,0.0,0.0,0.0,0.0,0.0,2.0342784,0.0,0.0,1.8115258,0.0,0.0,0.0,0.0,0.43188787,0.0,0.57946956,0.7211429,0.0,1.1616579,0.36628804,0.0,0.0,0.0,0.0,1.1271468,0.3027904,0.0,1.6925106,1.124266,0.0,0.0,1.6126183,0.0,1.5807096,0.0,0.0,0.0,0.1311579,0.0,0.0,1.682043,0.0,0.0,0.0,0.0,0.24440758,0.059401214,1.1415882,0.0,2.2799938,0.0,0.0,0.0,0.0,0.0,0.0,0.0,0.0,0.0,0.0,0.0,0.0,0.0,0.0,0.23270728,0.0,0.0,0.0,0.0,0.0,1.6444739,0.0,0.0,0.80313766,0.0,0.0,2.2163749,0.0,1.4065238,0.0,0.0,0.0,0.0,0.0,0.0,0.0,0.0,0.0,1.1416053,0.0,0.22822106,0.0,0.0,1.628661,0.9742792,1.4464709,0.0,0.0,0.28969264,0.0,2.2687135,0.0,0.0,0.0,0.11162183,0.0,0.0,0.15722272,0.0,0.0,0.0,0.3874623149029334,0.8252408930990837,0.41304347826086957,0.8260869565217391
NS(=O)(=O)c1cc2ccc(O)cc2[nH]1,CHEMBL350086,NS(=O)(=O)c1cc2ccc(O)cc2[nH]1,7.52,active,Active,0.5739114,0.0,0.0,0.0,0.74523586,0.0,0.0,0.0,0.0,0.0,0.0,0.0,0.0,0.0,0.0,0.0,0.0,0.0,0.0,0.0,0.0,0.0,1.903251,0.0,0.0,1.5702949,0.0,0.0,0.0,0.0,0.92431366,0.0,0.48315147,1.0306383,0.0,1.041772,0.6545117,0.0,0.0,0.0,0.0,0.98531884,0.5208827,0.0,1.6416852,1.0030062,0.0,0.0,1.46336,0.0,1.4443179,0.0,0.20815976,0.0,0.05222804,0.0,0.0,1.5535527,0.0,0.0,0.0,0.0,0.25127813,0.4485078,0.97758836,0.0,2.041306,0.0,0.0,0.0,0.0,0.0,0.0,0.0,0.0,0.0,0.0,0.0,0.0,0.0,0.0,0.4242103,0.0,0.0,0.0,0.0,0.0,1.524577,0.0,0.0,0.6506451,0.0,0.19091775,2.0011036,0.0,1.2017554,0.0,0.0,0.0,0.0,0.0,0.0,0.0,0.0,0.0,1.0124217,0.0,0.64929914,0.0,0.1604335,1.4455065,0.7868278,1.1539581,0.0,0.0,0.4261159,0.0,1.8880665,0.0,0.0,0.0,0.4256273,0.0,0.0,0.49557143,0.0,0.0,0.0,0.37695266178404657,0.8295921108123254,0.3695652173913043,0.8478260869565217
NS(=O)(=O)c1cc2ccc(O)cc2o1,CHEMBL354386,NS(=O)(=O)c1cc2ccc(O)cc2o1,7.96,active,Active,0.6807071,0.0,0.0,0.0,0.60201555,0.0,0.0,0.0,0.0,0.0,0.0,0.0,0.0,0.0,0.0,0.0,0.0,0.0,0.0,0.0,0.0,0.0,1.9937922,0.0,0.0,1.5848514,0.0,0.0,0.0,0.0,0.6252997,0.0,0.59777766,0.84819216,0.0,1.1622084,0.4582517,0.0,0.0,0.0,0.0,1.1420248,0.290457,0.0,1.7347834,1.135429,0.0,0.0,1.568387,0.0,1.6140268,0.0,0.0,0.0,0.118032,0.0,0.0,1.6356266,0.0,0.0,0.0,0.0,0.0993789,0.17402801,1.1844012,0.0,2.173002,0.0,0.0,0.0,0.038699575,0.0,0.0,0.0,0.0,0.0,0.0,0.0,0.0,0.0,0.0,0.30415517,0.0,0.0,0.0,0.0,0.0,1.6419938,0.0,0.0,0.7568802,0.0,0.0,2.2046587,0.0,1.3539912,0.0,0.0,0.0,0.0,0.0,0.0,0.0,0.0,0.0,1.0394455,0.0,0.4435068,0.0,0.0,1.5471059,0.8322849,1.3113965,0.0,0.0,0.099412195,0.0,2.0287209,0.0,0.0,0.0,0.18427584,0.0,0.0,0.2689561,0.0,0.0,0.0,0.3865978769971393,0.8249991464752965,0.3913043478260869,0.8260869565217391
NS(=O)(=O)c1cc2ccc(O)cc2s1,CHEMBL314803,NS(=O)(=O)c1cc2ccc(O)cc2s1,8.030000000000001,active,Active,1.001365,0.0,0.0,0.0,0.0033812523,0.0,0.0,0.0,0.0,0.0,0.0,0.0,0.0,0.0,0.0,0.0,0.0,0.0,0.0,0.0,0.0,0.0,2.390846,0.0,0.0,1.947667,0.0,0.0,0.0,0.0,0.0,0.0,0.792579,0.22334142,0.0,1.5988543,0.0,0.0,0.0,0.0,0.0,1.5561808,0.0,0.0,2.192127,1.4226626,0.0,0.0,1.9293659,0.0,2.0782166,0.0,0.0,0.0,0.19787937,0.0,0.0,1.9994185,0.0,0.0,0.0,0.0,0.0,0.0,1.6190251,0.0,2.6222522,0.0,0.0,0.0,0.4313125,0.0,0.0,0.0,0.0,0.0,0.0,0.0,0.0,0.0,0.0,0.0,0.0,0.0,0.0,0.0,0.0,1.9978741,0.0,0.0,1.2236944,0.0,0.0,2.7484179,0.0,1.8201057,0.0,0.0,0.0,0.0,0.0,0.0,0.0,0.0,0.0,1.367888,0.0,0.0,0.0,0.0,1.9127383,1.0270888,1.8386028,0.0,0.0,0.0,0.0,2.4682534,0.0,0.0,0.0,0.0,0.0,0.0,0.0,0.0,0.0,0.0,0.8250067448909653,0.6585088226118894,0.8478260869565217,0.6739130434782609
NS(=O)(=O)c1cc2ccc(OCC(=O)O)cc2s1,CHEMBL82806,NS(=O)(=O)c1cc2ccc(OCC(=O)O)cc2s1,7.85,active,Active,0.9778706,0.0,0.0,0.0,0.0,0.0,0.0,0.0,0.0,0.0,0.0,0.0,0.0,0.0,0.0,0.0,0.0,0.0,0.0,0.0,0.0,0.0,2.0768738,0.0,0.0,1.8138396,0.0,0.0,0.0,0.0,0.0,0.0,0.61972517,0.0,0.0,1.4369518,0.0,0.0,0.0,0.0,0.0,1.3165196,0.0,0.0,2.0053015,1.3264056,0.0,0.0,1.6280166,0.0,1.7132404,0.0,0.0,0.0,0.108600475,0.0,0.0,1.7679822,0.0,0.0,0.0,0.0,0.0,0.0,1.4490224,0.0,2.281322,0.0,0.0,0.0,0.23574919,0.0,0.0,0.0,0.0,0.0,0.0,0.0,0.0,0.0,0.0,0.0,0.0,0.0,0.0,0.0,0.0,1.640489,0.0,0.0,1.180304,0.0,0.0,2.3197272,0.0,1.5902851,0.0,0.0,0.0,0.0,0.0,0.0,0.0,0.0,0.0,1.3540766,0.0,0.0,0.0,0.0,1.7261631,1.0375746,1.7431676,0.0,0.0,0.0,0.0,2.243021,0.0,0.0,0.0,0.0,0.0,0.0,0.0,0.0,0.0,0.0,0.7842538812180674,0.6233675468983789,0.8043478260869565,0.6086956521739131
NS(=O)(=O)c1cc2ccc(OP(=O)([O-])[O-])cc2s1.[Na+].[Na+],CHEMBL82867,NS(=O)(=O)c1cc2ccc(OP(=O)([O-])[O-])cc2s1.[Na+].[Na+],7.0,active,Active,0.38829798,0.0,0.0,0.0,0.44973677,0.0,0.0,0.0,0.0,0.0,0.0,0.0,0.0,0.0,0.0,0.0,0.0,0.0,0.0,0.0,0.0,0.0,0.9466697,0.0,0.0,0.0,0.0,0.0,0.0,0.0,1.090118,0.0,0.52497905,0.9741846,0.0,0.1501408,0.40964642,0.0,0.0,0.0,0.0,0.7153879,0.0,0.0,2.2116385,1.8949474,0.0,0.0,0.67491305,0.0,0.46916378,0.0,0.0,0.0,0.0961658,0.0,0.0,0.7520482,0.0,0.0,0.0,0.0,0.0,0.0,1.122854,0.0,1.0174332,0.0,0.0,0.0,1.5900953,0.0,0.0,0.0,0.9221955,0.0,0.0,0.0,0.0,0.0,0.0,1.4071935,0.0,0.0,0.0,0.0,0.0,0.9569003,0.0,0.0,0.0,0.0,0.28558278,1.2742666,0.0,0.2909821,0.0,0.0,0.0,0.0,0.0,0.0,0.0,0.0,0.0,0.25610393,0.0,0.8033336,0.0,0.0,1.1866202,0.36283907,0.35840157,0.0,0.0,0.0,0.0,0.45577922,0.0,0.0,0.0,0.0416172,0.0,0.0,0.6067757,0.0,0.0,0.0,0.43583872278885566,0.7308986824596718,0.41304347826086957,0.7608695652173912
NS(=O)(=O)c1cc2ccc(OS(=O)(=O)[O-])cc2s1.[Na+],CHEMBL83232,NS(=O)(=O)c1cc2ccc(OS(=O)(=O)[O-])cc2s1.[Na+],8.17,active,Active,0.49614146,0.0,0.0,0.0,0.2197862,0.0,0.0,0.0,0.0,0.0,0.0,0.0,0.0,0.0,0.0,0.0,0.0,0.0,0.0,0.0,0.0,0.0,1.3434149,0.0,0.0,0.1890608,0.0,0.0,0.0,0.0,0.79887396,0.0,0.6188417,0.6620355,0.0,0.48241645,0.24692048,0.0,0.0,0.0,0.0,0.99399287,0.0,0.0,2.3431711,1.9995749,0.0,0.0,0.97584414,0.0,0.8587622,0.0,0.0,0.0,0.17004302,0.0,0.0,1.0966462,0.0,0.0,0.0,0.0,0.0,0.0,1.4087976,0.0,1.4860276,0.0,0.0,0.0,1.6415588,0.0,0.0,0.0,0.75745994,0.0,0.0,0.0,0.0,0.0,0.0,1.1846023,0.0,0.0,0.0,0.0,0.0,1.2915984,0.0,0.0,0.048547506,0.0,0.12678476,1.6616892,0.0,0.57414365,0.0,0.0,0.0,0.0,0.0,0.0,0.0,0.0,0.0,0.44978496,0.0,0.59009194,0.0,0.0,1.4062943,0.584614,0.6869735,0.0,0.0,0.0,0.0,0.7948079,0.0,0.0,0.0,0.0,0.0,0.0,0.4032907,0.0,0.0,0.0,0.4496016393431075,0.7299760358690999,0.45652173913043476,0.7608695652173912
NS(=O)(=O)c1cc2cccc(O)c2s1,CHEMBL315221,NS(=O)(=O)c1cc2cccc(O)c2s1,7.96,active,Active,0.9159312,0.0,0.0,0.0,0.0,0.0,0.0,0.0,0.0,0.0,0.0,0.0,0.0,0.0,0.0,0.0,0.0,0.0,0.0,0.0,0.0,0.0,2.2359607,0.0,0.0,1.7986184,0.0,0.0,0.0,0.0,0.0,0.0,0.720062,0.20674519,0.0,1.5361675,0.0,0.0,0.0,0.0,0.0,1.4398428,0.0,0.0,2.1167839,1.3678687,0.0,0.0,1.7820339,0.0,1.9052817,0.0,0.0,0.0,0.14140472,0.0,0.0,1.8824481,0.0,0.0,0.0,0.0,0.0,0.0,1.5028472,0.0,2.3994691,0.0,0.0,0.0,0.40029344,0.0,0.0,0.0,0.0,0.0,0.0,0.0,0.0,0.0,0.0,0.0,0.0,0.0,0.0,0.0,0.0,1.8327279,0.0,0.0,1.1334592,0.0,0.0,2.5172663,0.0,1.6454895,0.0,0.0,0.0,0.0,0.0,0.0,0.0,0.0,0.0,1.2962754,0.0,0.0,0.0,0.0,1.7807776,0.96874195,1.6822786,0.0,0.0,0.0,0.0,2.225689,0.0,0.0,0.0,0.0,0.0,0.0,0.0,0.0,0.0,0.0,0.8060440703779181,0.6506493622405267,0.7826086956521738,0.6739130434782609
NS(=O)(=O)c1cc2ccccc2[nH]1,CHEMBL162064,NS(=O)(=O)c1cc2ccccc2[nH]1,7.35,active,Active,0.4080206,0.0,0.0,0.0,0.7370089,0.0,0.0,0.0,0.0,0.0,0.0,0.0,0.0,0.0,0.0,0.0,0.0,0.0,0.0,0.0,0.0,0.0,1.6661928,0.0,0.0,1.2900845,0.0,0.0,0.0,0.0,1.2409434,0.0,0.37076154,1.0780773,0.0,0.92931014,0.7917848,0.123077124,0.0,0.0,0.0,0.8128585,0.6308339,0.0,1.5783731,0.96107495,0.0,0.0,1.2218362,0.0,1.1727518,0.0,0.40109724,0.0,0.0,0.0,0.0,1.373744,0.0,0.0,0.0,0.0,0.12938073,0.72347796,0.81763303,0.0,1.7070855,0.0,0.0,0.0,0.0,0.0,0.0,0.0,0.0,0.0,0.0,0.0,0.0,0.0,0.0,0.6095164,0.0,0.0,0.0,0.0,0.0,1.2773367,0.0,0.0,0.4442399,0.0,0.43392795,1.6873116,0.0,0.9127997,0.0,0.0,0.0,0.0,0.0,0.0,0.0,0.0,0.0,0.8608775,0.0,0.9113529,0.0,0.26382405,1.2389383,0.68074113,0.88754547,0.0,0.0,0.29079747,0.0,1.4755027,0.0,0.0,0.0,0.59850913,0.0,0.0,0.7792538,0.0,0.0,0.0,0.32480333271578543,0.8474051598376491,0.34782608695652173,0.8478260869565217
NS(=O)(=O)c1cc2ccccc2o1,CHEMBL165346,NS(=O)(=O)c1cc2ccccc2o1,8.1,active,Active,0.522876,0.0,0.0,0.0,0.5871838,0.0,0.0,0.0,0.0,0.0,0.0,0.0,0.0,0.0,0.0,0.0,0.0,0.0,0.0,0.0,0.0,0.0,1.76618,0.0,0.0,1.3109194,0.0,0.0,0.0,0.0,0.93045616,0.0,0.4919106,0.8865384,0.0,1.0637575,0.58523005,0.0,0.0,0.0,0.0,0.97984296,0.3881691,0.0,1.6798801,1.1010108,0.0,0.0,1.3358049,0.0,1.3556005,0.0,0.07583619,0.0,0.039480515,0.0,0.0,1.4652418,0.0,0.0,0.0,0.0,0.0,0.43919864,1.0350003,0.0,1.8469352,0.0,0.0,0.0,0.05695679,0.0,0.0,0.0,0.0,0.0,0.0,0.0,0.0,0.0,0.0,0.48028558,0.0,0.0,0.0,0.0,0.0,1.4049891,0.0,0.0,0.56351966,0.0,0.2337966,1.9058199,0.0,1.0745103,0.0,0.0,0.0,0.0,0.0,0.0,0.0,0.0,0.0,0.8958461,0.0,0.6977395,0.0,0.013279989,1.3499787,0.7314379,1.0569346,0.0,0.0,0.0,0.0,1.626207,0.0,0.0,0.0,0.3446123,0.0,0.0,0.54136074,0.0,0.0,0.0,0.3825583107270887,0.8270548788371958,0.3695652173913043,0.8043478260869565
NS(=O)(=O)c1cc2ccccc2s1,CHEMBL313338,NS(=O)(=O)c1cc2ccccc2s1,8.28,active,Active,0.86758995,0.0,0.0,0.0,0.0,0.0,0.0,0.0,0.0,0.0,0.0,0.0,0.0,0.0,0.0,0.0,0.0,0.0,0.0,0.0,0.0,0.0,2.200197,0.0,0.0,1.7122273,0.0,0.0,0.0,0.0,0.1167771,0.0,0.6971009,0.22514445,0.0,1.5416317,0.0,0.0,0.0,0.0,0.0,1.4236363,0.0,0.0,2.1758876,1.4070362,0.0,0.0,1.728314,0.0,1.8577709,0.0,0.0,0.0,0.118522055,0.0,0.0,1.865779,0.0,0.0,0.0,0.0,0.0,0.0,1.4947193,0.0,2.3292975,0.0,0.0,0.0,0.46061832,0.0,0.0,0.0,0.0,0.0,0.0,0.0,0.0,0.0,0.0,0.0,0.0,0.0,0.0,0.0,0.0,1.7920419,0.0,0.0,1.0752404,0.0,0.0,2.4936376,0.0,1.5728978,0.0,0.0,0.0,0.0,0.0,0.0,0.0,0.0,0.0,1.2610673,0.0,0.0,0.0,0.0,1.7460058,0.94519496,1.6245571,0.0,0.0,0.0,0.0,2.0980527,0.0,0.0,0.0,0.0,0.0,0.0,0.0,0.0,0.0,0.0,0.7976647672959785,0.6381048980799207,0.7826086956521738,0.6521739130434783
NS(=O)(=O)c1ccc(-n2cccc2/C=C2/C(=O)NN(c3ccc(F)cc3)C2=O)cc1,CHEMBL2392424,NS(=O)(=O)c1ccc(-n2cccc2/C=C2/C(=O)NN(c3ccc(F)cc3)C2=O)cc1,7.38,active,Active,0.49791196,0.0,0.0,0.0,0.0,0.0,0.0,0.0,0.0,0.0,0.0,0.0,0.0,0.0,0.0,0.0,0.0,0.0,0.0,0.0,0.0,0.0,1.356275,0.0,0.0,1.4383476,0.0,0.0,0.0,0.0,0.09508928,0.0,0.09507759,0.0,0.0,0.9062672,0.0,0.0,0.0,0.0,0.014177248,0.52637976,0.15966171,0.0,1.3532518,0.66284996,0.0,0.0,0.9210106,0.0,0.8226932,0.0,0.00093280524,0.0,0.0,0.0,0.0,1.2229764,0.0,0.0,0.0,0.0,0.0,0.4429574,0.5707697,0.0,1.2911794,0.0,0.0,0.0,0.0,0.0,0.0,0.0,0.0,0.0,0.0,0.0,0.0,0.0,0.0,0.0,0.0,0.0,0.0,0.0,0.0,0.8411289,0.0,0.0,0.747656,0.0,0.0,1.1568292,0.0,0.746325,0.0,0.0,0.0,0.0,0.0,0.0,0.0,0.0,0.0,1.1239673,0.0,0.0,0.0,0.0,1.0273755,0.7831804,0.9682618,0.0,0.0,0.0922955,0.0,1.3454309,0.0,0.0,0.0,0.0,0.0,0.0,0.0,0.0,0.0,0.0,0.39522687136383455,0.5647973388082717,0.3913043478260869,0.5434782608695652
NS(=O)(=O)c1ccc(/N=C/c2c(Cl)c3ccccc3oc2=O)cc1,CHEMBL2408074,NS(=O)(=O)c1ccc(/N=C/c2c(Cl)c3ccccc3oc2=O)cc1,7.48,active,Active,0.7347182,0.0,0.0,0.0,0.0,0.0,0.0,0.0,0.0,0.0,0.0,0.0,0.0,0.0,0.0,0.0,0.0,0.0,0.0,0.0,0.0,0.0,1.805414,0.0,0.0,1.7238531,0.0,0.0,0.0,0.0,0.0,0.0,0.42309874,0.01645447,0.0,1.2411965,0.0,0.0,0.0,0.0,0.0,1.0268315,0.0,0.0,1.7291585,0.94972533,0.0,0.0,1.3906,0.0,1.443279,0.0,0.0,0.0,0.0,0.0,0.0,1.5678418,0.0,0.0,0.0,0.0,0.0,0.16836646,1.0246738,0.0,1.8858258,0.0,0.0,0.0,0.0,0.0,0.0,0.0,0.0,0.0,0.0,0.0,0.0,0.0,0.0,0.0,0.0,0.0,0.0,0.0,0.0,1.3901058,0.0,0.0,1.0164126,0.0,0.0,1.9117007,0.0,1.3048364,0.0,0.0,0.0,0.0,0.0,0.0,0.0,0.0,0.0,1.2371361,0.0,0.0,0.0,0.0,1.4145477,0.84741676,1.3879201,0.0,0.0,0.0,0.0,1.856283,0.0,0.0,0.0,0.0,0.0,0.0,0.0,0.0,0.0,0.0,0.5769650315266418,0.4714206748169823,0.5869565217391304,0.4782608695652174
NS(=O)(=O)c1ccc(/N=C2/NC(=O)/C(=C/c3cc(O)ccc3Br)S2)cc1,CHEMBL2392425,NS(=O)(=O)c1ccc(/N=C2/NC(=O)/C(=C/c3cc(O)ccc3Br)S2)cc1,8.03,active,Active,0.19603246,0.0,0.0,0.0,0.0,0.0,0.0,0.0,0.0,0.0,0.0,0.0,0.0,0.0,0.0,0.0,0.0,0.0,0.0,0.0,0.0,0.0,0.7335976,0.0,0.0,0.44445935,0.0,0.0,0.0,0.0,0.20815752,0.0,0.11801563,0.1837638,0.0,0.33256823,0.08119782,0.0,0.0,0.0,0.0,0.2764539,0.0,0.0,1.3879834,0.8473435,0.0,0.0,0.4442704,0.0,0.28007352,0.0,0.0,0.0,0.0,0.0,0.0,0.63367176,0.0,0.0,0.0,0.0,0.0,0.2646482,0.55600613,0.0,0.6687986,0.0,0.0,0.0,0.20503578,0.0,0.0,0.0,0.0,0.0,0.0,0.0,0.0,0.0,0.0,0.2788667,0.0,0.0,0.0,0.0,0.0,0.42498088,0.0,0.0,0.17216673,0.0,0.04150144,0.7740868,0.0,0.32720172,0.0,0.0,0.0,0.0,0.0,0.0,0.0,0.0,0.0,0.46112177,0.0,0.06449592,0.0,0.0,0.72326225,0.28304908,0.4609211,0.0,0.0,0.0,0.0,0.54091156,0.0,0.0,0.0,0.0,0.0,0.0,0.046210513,0.0,0.0,0.0,0.3254618665349857,0.6577182727561847,0.32608695652173914,0.6739130434782609
NS(=O)(=O)c1ccc(C(=O)N2NC(=O)C3CC=CCC3C2=O)cc1,CHEMBL5185236,NS(=O)(=O)c1ccc(C(=O)N2NC(=O)C3CC=CCC3C2=O)cc1,7.99,active,Active,0.49736276,0.0,0.0,0.10544678,0.0,0.0,0.0,0.0,0.0,0.0,0.0,0.0,0.0,0.0,0.0,0.0,0.0,0.0,0.0,0.0,0.0,0.0,0.89948714,0.0,0.0,0.80741084,0.0,0.0,0.0,0.0,0.0,0.0,0.09760995,0.0,0.0,0.4401607,0.0,0.0,0.0,0.0,0.0,0.52370024,0.0,0.0,1.4835637,0.9564196,0.0,0.0,0.5829953,0.0,0.30494273,0.0,0.0,0.0,0.0,0.0,0.0,0.8689135,0.0,0.0,0.0,0.0,0.0,0.4590568,0.6053054,0.0,1.0746553,0.0,0.0,0.0,0.0,0.0,0.0,0.0,0.0,0.0,0.0,0.0,0.0,0.0,0.0,0.0,0.0,0.0,0.0,0.0,0.0,0.6758022,0.0,0.0,0.67131627,0.0,0.0,0.6618314,0.0,0.37671286,0.0,0.0,0.0,0.0,0.0,0.0,0.0,0.0,0.0,0.69219875,0.0,0.0,0.0,0.0,1.1286579,0.7472107,0.9211113,0.0,0.0,0.0,0.0,0.7880306,0.0,0.0,0.0,0.0,0.0,0.0,0.0,0.0,0.0,0.0,0.34552763362456707,0.6027106892388039,0.30434782608695654,0.5869565217391304
NS(=O)(=O)c1ccc(C(=O)N2NC(=O)C3CCCCC3C2=O)cc1,CHEMBL5195934,NS(=O)(=O)c1ccc(C(=O)N2NC(=O)C3CCCCC3C2=O)cc1,7.99,active,Active,0.6429213,0.0,0.0,0.92954147,0.0,0.0,0.119264394,0.0,0.0,0.0,0.0,0.0,0.0,0.0,0.0,0.0,0.0,0.0,0.0,0.0,0.0,0.0,0.98961735,0.0,0.0,0.9061485,0.0,0.0,0.0,0.0,0.0,0.0,0.10425098,0.0,0.0,0.42352015,0.0,0.0,0.0,0.0,0.1872789,0.6719219,0.0,0.0,1.8229179,1.1472725,0.0,0.0,0.6783446,0.0,0.25069755,0.0,0.0,0.0,0.0,0.0,0.0,1.0153927,0.0,0.0,0.0,0.0,0.0,0.664665,0.68199086,0.0,1.2324803,0.0,0.0,0.0,0.053671233,0.0,0.0,0.0,0.0,0.0,0.0,0.0,0.0,0.0,0.0,0.0,0.0,0.0,0.0,0.0,0.0,0.81567883,0.0,0.0,0.90627736,0.0,0.0,0.6061048,0.0,0.38941777,0.0,0.0,0.0,0.0,0.0,0.0,0.0,0.0,0.0,0.8053012,0.0,0.0,0.0,0.0,1.4552002,0.86931145,1.1341385,0.0,0.0,0.0,0.0,0.84030056,0.0,0.0,0.0,0.0,0.0,0.0,0.0,0.0,0.0,0.0,0.26642802549744893,0.608631893997945,0.2826086956521739,0.5652173913043478
NS(=O)(=O)c1ccc(C(=O)N2NC(=O)c3cccc4cccc(c34)C2=O)cc1,CHEMBL5196628,NS(=O)(=O)c1ccc(C(=O)N2NC(=O)c3cccc4cccc(c34)C2=O)cc1,7.99,active,Active,0.5071595,0.0,0.0,0.0,0.0,0.0,0.0,0.0,0.0,0.0,0.0,0.0,0.0,0.0,0.0,0.0,0.0,0.0,0.0,0.0,0.0,0.0,1.4628742,0.0,0.0,1.5199922,0.0,0.0,0.0,0.0,0.10483224,0.0,0.13640931,0.0,0.0,0.9674905,0.023337713,0.0,0.0,0.0,0.18188316,0.6022289,0.1967856,0.0,1.3523335,0.63675654,0.0,0.0,1.0142406,0.0,0.92278606,0.0,0.12067934,0.0,0.0,0.0,0.0,1.3033098,0.0,0.0,0.0,0.0,0.0,0.5009626,0.6065062,0.0,1.4142966,0.0,0.0,0.0,0.0,0.0,0.0,0.0,0.0,0.0,0.0,0.0,0.0,0.0,0.0,0.0,0.0,0.0,0.0,0.0,0.0,0.92486924,0.0,0.0,0.7913039,0.0,0.0,1.2655022,0.0,0.8384326,0.0,0.0,0.0,0.0,0.0,0.0,0.0,0.0,0.0,1.1382519,0.0,0.0,0.0,0.0,1.0785726,0.7801369,1.0318553,0.0,0.0,0.17150195,0.0,1.4641385,0.0,0.0,0.0,0.0,0.0,0.0,0.0,0.0,0.0,0.0,0.40112573110743716,0.5570042590767333,0.3913043478260869,0.5
NS(=O)(=O)c1ccc(C(=O)N[C@@H]2OC[C@H](O)[C@H](O)[C@H]2O)cc1,CHEMBL4854006,NS(=O)(=O)c1ccc(C(=O)N[C@@H]2OC[C@H](O)[C@H](O)[C@H]2O)cc1,7.05,active,Active,1.6657354,0.0,0.0,0.0,0.0,0.0,0.0,0.0,0.0,0.0,0.0,0.0,0.0,0.0,0.0,0.0,0.0,0.0,0.0,0.0,0.0,0.0,1.7285856,0.0,0.0,2.0667567,0.0,0.0,0.0,0.0,0.0,0.0,0.362312,0.0,0.0,1.6671365,0.0,0.0,0.0,0.0,0.0,0.94211835,0.0,0.0,1.9980164,1.8693551,0.0,0.0,1.1123234,0.0,0.67749816,0.0,0.0,0.0,0.101955645,0.0,0.0,1.7728515,0.0,0.0,0.0,0.0,0.0,0.0,0.9782018,0.0,1.7649279,0.0,0.0,0.0,0.0,0.0,0.0,0.0,0.0,0.0,0.0,0.0,0.0,0.0,0.0,0.43974096,0.0,0.0,0.0,0.0,0.0,1.0892376,0.0,0.0,0.88145113,0.0,0.0,1.4123228,0.0,0.7954949,0.0,0.0,0.0,0.0,0.0,0.0,0.0,0.0,0.0,1.5747988,0.0,0.0,0.0,0.0,1.8607246,1.8602167,1.827121,0.0,0.0,0.0,0.0,2.3001952,0.0,0.10069729,0.0,0.0,0.0,0.0,0.0,0.0,0.0,0.0,0.8364523352820139,0.17089015025846685,0.8043478260869565,0.19565217391304346
NS(=O)(=O)c1ccc(C(=O)N[C@@H]2O[C@H](CO)[C@@H](O)[C@H](O)[C@@H]2O)cc1,CHEMBL4865818,NS(=O)(=O)c1ccc(C(=O)N[C@@H]2O[C@H](CO)[C@@H](O)[C@H](O)[C@@H]2O)cc1,8.05,active,Active,1.9054081,0.0,0.0,0.0,0.0,0.0,0.0,0.0,0.0,0.0,0.0,0.0,0.0,0.0,0.0,0.0,0.0,0.0,0.0,0.0,0.0,0.0,1.8495545,0.0,0.0,2.3230548,0.0,0.0,0.0,0.23789509,0.0,0.072424434,0.42213678,0.0,0.0,1.7557772,0.0,0.0,0.0,0.0,0.0,1.0370889,0.0,0.0,2.185721,2.0888956,0.0,0.0,1.2510254,0.0,0.81698114,0.0,0.0,0.0,0.075498484,0.0,0.0,1.9145311,0.0,0.0,0.0,0.0,0.0,0.0,1.1760291,0.0,1.9928503,0.0,0.0,0.0,0.0,0.0,0.0,0.0,0.0,0.0,0.0,0.0,0.0,0.0,0.0,0.1537431,0.0,0.0,0.0,0.0,0.0,1.2517027,0.0,0.0,1.1636491,0.0,0.0,1.5549637,0.0,0.95286185,0.0,0.0,0.0,0.0,0.0,0.0,0.0,0.0,0.0,1.9037696,0.0,0.0,0.0,0.0,2.086017,2.123756,2.098192,0.0,0.0,0.0,0.1132964,2.5969212,0.0,0.16623488,0.0,0.0,0.0,0.0,0.0,0.0,0.0,0.0,0.7670002317565668,0.11226695568242229,0.7826086956521738,0.08695652173913043
NS(=O)(=O)c1ccc(C(=O)N[C@@H]2O[C@H](CO)[C@@H](O)[C@H](O)[C@H]2O)cc1,CHEMBL4849226,NS(=O)(=O)c1ccc(C(=O)N[C@@H]2O[C@H](CO)[C@@H](O)[C@H](O)[C@H]2O)cc1,6.57,medium,Medium,1.9054081,0.0,0.0,0.0,0.0,0.0,0.0,0.0,0.0,0.0,0.0,0.0,0.0,0.0,0.0,0.0,0.0,0.0,0.0,0.0,0.0,0.0,1.8495545,0.0,0.0,2.3230548,0.0,0.0,0.0,0.23789509,0.0,0.072424434,0.42213678,0.0,0.0,1.7557772,0.0,0.0,0.0,0.0,0.0,1.0370889,0.0,0.0,2.185721,2.0888956,0.0,0.0,1.2510254,0.0,0.81698114,0.0,0.0,0.0,0.075498484,0.0,0.0,1.9145311,0.0,0.0,0.0,0.0,0.0,0.0,1.1760291,0.0,1.9928503,0.0,0.0,0.0,0.0,0.0,0.0,0.0,0.0,0.0,0.0,0.0,0.0,0.0,0.0,0.1537431,0.0,0.0,0.0,0.0,0.0,1.2517027,0.0,0.0,1.1636491,0.0,0.0,1.5549637,0.0,0.95286185,0.0,0.0,0.0,0.0,0.0,0.0,0.0,0.0,0.0,1.9037696,0.0,0.0,0.0,0.0,2.086017,2.123756,2.098192,0.0,0.0,0.0,0.1132964,2.5969212,0.0,0.16623488,0.0,0.0,0.0,0.0,0.0,0.0,0.0,0.0,0.764396189612093,0.11223190267579233,0.7391304347826086,0.08695652173913043
NS(=O)(=O)c1ccc(C(=O)N[C@@H]2O[C@H](CO)[C@@H](O)[C@H]2O)cc1,CHEMBL4849396,NS(=O)(=O)c1ccc(C(=O)N[C@@H]2O[C@H](CO)[C@@H](O)[C@H]2O)cc1,7.1,active,Active,1.8253833,0.0,0.0,0.0,0.0,0.0,0.0,0.0,0.0,0.0,0.0,0.0,0.0,0.0,0.0,0.0,0.0,0.0,0.0,0.0,0.0,0.0,1.8344648,0.0,0.0,2.243488,0.0,0.0,0.0,0.0,0.0,0.0,0.42293116,0.0,0.0,1.6792102,0.0,0.0,0.0,0.0,0.0,1.0302764,0.0,0.0,2.1993833,2.0700014,0.0,0.0,1.2548318,0.0,0.85056126,0.0,0.0,0.0,0.045450665,0.0,0.0,1.8840216,0.0,0.0,0.0,0.0,0.0,0.0,1.2045537,0.0,1.9874647,0.0,0.0,0.0,0.0,0.0,0.0,0.0,0.0,0.0,0.0,0.0,0.0,0.0,0.0,0.1080922,0.0,0.0,0.0,0.0,0.0,1.2752986,0.0,0.0,1.1680332,0.0,0.0,1.5658808,0.0,0.95177126,0.0,0.0,0.0,0.0,0.0,0.0,0.0,0.0,0.0,1.8872235,0.0,0.0,0.0,0.0,2.0581741,2.068165,2.040732,0.0,0.0,0.0,0.06469054,2.5102158,0.0,0.1378181,0.0,0.0,0.0,0.0,0.0,0.0,0.0,0.0,0.8170989008821542,0.15121270469698314,0.8043478260869565,0.17391304347826086
NS(=O)(=O)c1ccc(C(=O)N[C@@H]2O[C@H](CO)[C@H](O)[C@H](O)[C@H]2O)cc1,CHEMBL4863999,NS(=O)(=O)c1ccc(C(=O)N[C@@H]2O[C@H](CO)[C@H](O)[C@H](O)[C@H]2O)cc1,6.68,medium,Medium,1.9054081,0.0,0.0,0.0,0.0,0.0,0.0,0.0,0.0,0.0,0.0,0.0,0.0,0.0,0.0,0.0,0.0,0.0,0.0,0.0,0.0,0.0,1.8495545,0.0,0.0,2.3230548,0.0,0.0,0.0,0.23789509,0.0,0.072424434,0.42213678,0.0,0.0,1.7557772,0.0,0.0,0.0,0.0,0.0,1.0370889,0.0,0.0,2.185721,2.0888956,0.0,0.0,1.2510254,0.0,0.81698114,0.0,0.0,0.0,0.075498484,0.0,0.0,1.9145311,0.0,0.0,0.0,0.0,0.0,0.0,1.1760291,0.0,1.9928503,0.0,0.0,0.0,0.0,0.0,0.0,0.0,0.0,0.0,0.0,0.0,0.0,0.0,0.0,0.1537431,0.0,0.0,0.0,0.0,0.0,1.2517027,0.0,0.0,1.1636491,0.0,0.0,1.5549637,0.0,0.95286185,0.0,0.0,0.0,0.0,0.0,0.0,0.0,0.0,0.0,1.9037696,0.0,0.0,0.0,0.0,2.086017,2.123756,2.098192,0.0,0.0,0.0,0.1132964,2.5969212,0.0,0.16623488,0.0,0.0,0.0,0.0,0.0,0.0,0.0,0.0,0.7653294148393237,0.11334294136639249,0.7608695652173912,0.08695652173913043
NS(=O)(=O)c1ccc(C(=O)O)cc1,CHEMBL414,NS(=O)(=O)c1ccc(C(=O)O)cc1,4.82,inactive,Inactive,0.23016953,0.0,0.0,0.0,0.0,0.0,0.0,0.0,0.0,0.0,0.0,0.0,0.0,0.0,0.0,0.0,0.0,0.0,0.0,0.0,0.0,0.0,0.9954745,0.0,0.0,0.48911762,0.0,0.0,0.0,0.0,0.43633327,0.0,0.13214232,0.055963356,0.0,0.46537966,0.15017231,0.16803798,0.0,0.0,0.0,0.45004436,0.075188436,0.0,1.4437637,1.0170527,0.0,0.0,0.589935,0.0,0.46620464,0.0,0.0,0.0,0.0,0.0,0.0,0.8621408,0.0,0.0,0.0,0.0,0.0,0.34389585,0.67789954,0.0,0.9549144,0.0,0.0,0.0,0.1728765,0.0,0.0,0.0,0.0,0.0,0.0,0.0,0.0,0.0,0.0,0.4897582,0.0,0.0,0.0,0.0,0.0,0.6960194,0.0,0.0,0.19459915,0.0,0.1756295,0.84917855,0.0,0.31418574,0.0,0.0,0.0,0.0,0.0,0.0,0.0,0.0,0.0,0.5639723,0.0,0.2245782,0.0,0.0,0.8564044,0.5344065,0.502908,0.0,0.0,0.0,0.0,0.575364,0.0,0.0,0.0,0.0,0.0,0.0,0.19057614,0.0,0.0,0.0,0.34969467657279235,0.6510501935011341,0.34782608695652173,0.6739130434782609
NS(=O)(=O)c1ccc(C(=O)n2[nH]c(=O)c3c(Br)c(Br)c(Br)c(Br)c3c2=O)cc1,CHEMBL5203234,NS(=O)(=O)c1ccc(C(=O)n2[nH]c(=O)c3c(Br)c(Br)c(Br)c(Br)c3c2=O)cc1,7.99,active,Active,0.0,0.0,0.0,0.0,0.3245919,0.0,0.0,0.0,0.0,0.0,0.0,0.0,0.0,0.0,0.0,0.0,0.0,0.0,0.0,0.0,0.0,0.0,0.30357844,0.0,0.0,0.0,0.0,0.0,0.0,0.0,1.1749196,0.0,0.14739086,1.1058592,0.0,0.0,0.4378531,0.0,0.0,0.0,0.0,0.16218537,0.0,0.0,2.1412516,1.6016403,0.0,0.0,0.1406804,0.0,0.0,0.0,0.0,0.0,0.004314922,0.0,0.0,0.14101186,0.0,0.0,0.0,0.0,0.0,0.0,0.6679988,0.0,0.097492486,0.0,0.0,0.0,1.5238161,0.0,0.0,0.0,0.9456001,0.0,0.0,0.0,0.0,0.0,0.0,1.3666589,0.0,0.0,0.0,0.0,0.0,0.03747467,0.0,0.0,0.0,0.0,0.3503588,0.6326871,0.0,0.0,0.0,0.0,0.0,0.0,0.0,0.0,0.0,0.0,0.0,0.0,0.0,0.711301,0.0,0.0,0.80239916,0.0,0.0,0.0,0.0,0.0,0.0,0.0,0.0,0.0,0.0,0.0,0.0,0.0,0.58202183,0.0,0.0,0.0,0.2662716743460978,0.8150989059996145,0.2826086956521739,0.7826086956521738
NS(=O)(=O)c1ccc(C(=O)n2[nH]c(=O)c3c(Cl)c(Cl)c(Cl)c(Cl)c3c2=O)cc1,CHEMBL5174661,NS(=O)(=O)c1ccc(C(=O)n2[nH]c(=O)c3c(Cl)c(Cl)c(Cl)c(Cl)c3c2=O)cc1,7.99,active,Active,1.0017636,0.0,0.0,0.0,0.0,0.0,0.0,0.0,0.0,0.0,0.0,0.0,0.0,0.0,0.0,0.0,0.0,0.0,0.0,0.0,0.0,0.0,1.9638065,0.0,0.0,1.6740683,0.0,0.0,0.0,0.0,0.0,0.0,0.67041427,0.0,0.0,1.379136,0.0,0.0,0.0,0.0,0.0,1.3832988,0.0,0.0,2.184672,1.364283,0.0,0.0,1.5963854,0.0,1.7361726,0.0,0.0,0.0,0.10169364,0.0,0.0,1.6905631,0.0,0.0,0.0,0.0,0.0,0.0,1.506281,0.0,2.1325464,0.0,0.0,0.0,0.6421377,0.0,0.0,0.0,0.0,0.0,0.0,0.0,0.0,0.0,0.0,0.0,0.0,0.0,0.0,0.0,0.0,1.6384116,0.0,0.0,1.2903899,0.0,0.0,2.346996,0.0,1.6631882,0.0,0.0,0.0,0.0,0.0,0.0,0.0,0.0,0.0,1.2772778,0.0,0.0,0.0,0.0,1.7267506,0.82282877,1.7376512,0.0,0.0,0.0,0.0,2.1139598,0.0,0.02890201,0.0,0.0,0.0,0.0,0.0,0.0,0.0,0.0,0.7708824430664282,0.6237392489460712,0.7608695652173912,0.6521739130434783
NS(=O)(=O)c1ccc(C(=O)n2[nH]c(=O)c3c(F)cccc3c2=O)cc1,CHEMBL4579543,NS(=O)(=O)c1ccc(C(=O)n2[nH]c(=O)c3c(F)cccc3c2=O)cc1,7.99,active,Active,0.65249705,0.0,0.0,0.0,0.0,0.0,0.0,0.0,0.0,0.0,0.0,0.0,0.0,0.0,0.0,0.0,0.0,0.0,0.0,0.0,0.0,0.0,1.7407718,0.0,0.0,1.6827809,0.0,0.0,0.0,0.0,0.0,0.0,0.36406827,0.12740125,0.0,1.136756,0.0,0.0,0.0,0.0,0.0,0.93909794,0.0,0.0,1.5810405,0.8049724,0.0,0.0,1.3226871,0.0,1.3452781,0.0,0.0,0.0,0.0,0.0,0.0,1.4930103,0.0,0.0,0.0,0.0,0.0,0.24919598,0.9124866,0.0,1.827759,0.0,0.0,0.0,0.0,0.0,0.0,0.0,0.0,0.0,0.0,0.0,0.0,0.0,0.0,0.0,0.0,0.0,0.0,0.0,0.0,1.2890667,0.0,0.0,0.95075375,0.0,0.0,1.7814944,0.0,1.25837,0.0,0.0,0.0,0.0,0.0,0.0,0.0,0.0,0.0,1.1563997,0.0,0.0,0.0,0.0,1.316316,0.7518494,1.3037046,0.0,0.0,0.0,0.0,1.8108675,0.0,0.0,0.0,0.0,0.0,0.0,0.0,0.0,0.0,0.0,0.5483549439874669,0.46354685289451203,0.5434782608695652,0.43478260869565216
NS(=O)(=O)c1ccc(C(=O)n2[nH]c(=O)c3c([N+](=O)[O-])cccc3c2=O)cc1,CHEMBL4524569,NS(=O)(=O)c1ccc(C(=O)n2[nH]c(=O)c3c([N+](=O)[O-])cccc3c2=O)cc1,7.99,active,Active,0.66178584,0.0,0.0,0.0,0.0,0.0,0.0,0.0,0.0,0.0,0.0,0.0,0.0,0.0,0.0,0.0,0.0,0.0,0.0,0.16986325,0.0,0.0,1.7170804,0.0,0.0,1.6985599,0.0,0.0,0.0,0.0,0.0,0.0,0.3256493,0.0,0.0,1.1482556,0.0,0.0,0.0,0.0,0.006090492,0.9072992,0.0,0.0,1.5645181,0.75555134,0.0,0.0,1.2824107,0.0,1.3008797,0.0,0.0,0.0,0.0,0.0,0.0,1.4975597,0.0,0.0,0.0,0.0,0.0,0.2258721,0.89722073,0.0,1.7871891,0.0,0.0,0.0,0.0,0.0,0.0,0.0,0.0,0.0,0.0,0.0,0.0,0.0,0.0,0.0,0.0,0.0,0.0,0.0,0.0,1.2419684,0.0,0.0,1.0143325,0.0,0.0,1.7281967,0.0,1.2432349,0.0,0.0,0.0,0.0,0.0,0.0,0.0,0.0,0.0,1.1998655,0.0,0.0,0.0,0.0,1.2919405,0.7698512,1.3445876,0.0,0.0,0.0,0.0,1.7962041,0.0,0.0,0.0,0.0,0.0,0.0,0.0,0.0,0.0,0.0,0.5427134819627879,0.4621454387081441,0.5217391304347826,0.43478260869565216
NS(=O)(=O)c1ccc(C(=O)n2[nH]c(=O)c3cc(F)ccc3c2=O)cc1,CHEMBL4444582,NS(=O)(=O)c1ccc(C(=O)n2[nH]c(=O)c3cc(F)ccc3c2=O)cc1,7.99,active,Active,0.6917405,0.0,0.0,0.0,0.0,0.0,0.0,0.0,0.0,0.0,0.0,0.0,0.0,0.0,0.0,0.0,0.0,0.0,0.0,0.0206767,0.0,0.0,1.82197,0.0,0.0,1.7602702,0.0,0.0,0.0,0.0,0.0,0.0,0.39955696,0.15894294,0.0,1.1721152,0.0,0.0,0.0,0.0,0.0,0.9979587,0.0,0.0,1.615806,0.8225747,0.0,0.0,1.3989184,0.0,1.4351971,0.0,0.0,0.0,0.0,0.0,0.0,1.5544845,0.0,0.0,0.0,0.0,0.0,0.19289109,0.9656553,0.0,1.9404309,0.0,0.0,0.0,0.0,0.0,0.0,0.0,0.0,0.0,0.0,0.0,0.0,0.0,0.0,0.0,0.0,0.0,0.0,0.0,0.0,1.3734456,0.0,0.0,0.99734336,0.0,0.0,1.9018512,0.0,1.3489013,0.0,0.0,0.0,0.0,0.0,0.0,0.0,0.0,0.0,1.1904206,0.0,0.0,0.0,0.0,1.3828403,0.7746239,1.3820962,0.0,0.0,0.0,0.0,1.9358037,0.0,0.0,0.0,0.0,0.0,0.0,0.0,0.0,0.0,0.0,0.5635714743592002,0.4634282685701986,0.5652173913043478,0.45652173913043476
NS(=O)(=O)c1ccc(C(=O)n2[nH]c(=O)c3cc([N+](=O)[O-])ccc3c2=O)cc1,CHEMBL4453373,NS(=O)(=O)c1ccc(C(=O)n2[nH]c(=O)c3cc([N+](=O)[O-])ccc3c2=O)cc1,7.99,active,Active,0.565771,0.0,0.0,0.0,0.0,0.0,0.0,0.0,0.0,0.0,0.0,0.0,0.0,0.0,0.0,0.0,0.0,0.0,0.0,0.06079425,0.0,0.0,1.6383996,0.0,0.0,1.5985595,0.0,0.0,0.0,0.0,0.0,0.0,0.28630623,0.072808184,0.0,1.070071,0.0,0.0,0.0,0.0,0.0,0.81830055,0.0,0.0,1.4708933,0.6825356,0.0,0.0,1.1928556,0.0,1.2108517,0.0,0.0,0.0,0.0,0.0,0.0,1.393243,0.0,0.0,0.0,0.0,0.0,0.27795053,0.8092438,0.0,1.6937231,0.0,0.0,0.0,0.0,0.0,0.0,0.0,0.0,0.0,0.0,0.0,0.0,0.0,0.0,0.0,0.0,0.0,0.0,0.0,0.0,1.1237026,0.0,0.0,0.8955818,0.0,0.0,1.6343737,0.0,1.1742797,0.0,0.0,0.0,0.0,0.0,0.0,0.0,0.0,0.0,1.0896577,0.0,0.0,0.0,0.0,1.2043313,0.6707871,1.2290272,0.0,0.0,0.0,0.0,1.7094679,0.0,0.0,0.0,0.0,0.0,0.0,0.0,0.0,0.0,0.0,0.5216259026354737,0.46771860659763936,0.5,0.43478260869565216
NS(=O)(=O)c1ccc(C(=O)n2[nH]c(=O)c3cc4c(=O)[nH]n(C(=O)c5ccc(S(N)(=O)=O)cc5)c(=O)c4cc3c2=O)cc1,CHEMBL5184339,NS(=O)(=O)c1ccc(C(=O)n2[nH]c(=O)c3cc4c(=O)[nH]n(C(=O)c5ccc(S(N)(=O)=O)cc5)c(=O)c4cc3c2=O)cc1,7.99,active,Active,0.84936154,0.0,0.0,0.0,0.0,0.0,0.0,0.0,0.0,0.0,0.0,0.0,0.0,0.0,0.0,0.0,0.0,0.0,0.0,0.09084332,0.0,0.0,2.056536,0.0,0.0,1.9406514,0.0,0.0,0.0,0.0,0.0,0.0,0.51211786,0.0,0.0,1.3370235,0.0,0.0,0.0,0.0,0.0,1.2289524,0.0,0.0,1.8358281,1.0052911,0.0,0.0,1.6090033,0.0,1.6935924,0.0,0.0,0.0,0.019526176,0.0,0.0,1.7657667,0.0,0.0,0.0,0.0,0.0,0.0,1.2130501,0.0,2.2498548,0.0,0.0,0.0,0.0,0.0,0.0,0.0,0.0,0.0,0.0,0.0,0.0,0.0,0.0,0.0,0.0,0.0,0.0,0.0,0.0,1.63943,0.0,0.0,1.1906655,0.0,0.0,2.208743,0.0,1.5795534,0.0,0.0,0.0,0.0,0.0,0.0,0.0,0.0,0.0,1.3517113,0.0,0.0,0.0,0.0,1.5987245,0.9211581,1.6381841,0.0,0.0,0.0,0.0,2.1898172,0.0,0.0,0.0,0.0,0.0,0.0,0.0,0.0,0.0,0.0,0.6894737857963514,0.5202087837258669,0.717391304347826,0.4782608695652174
NS(=O)(=O)c1ccc(C(=O)n2[nH]c(=O)c3ccc(C(=O)O)cc3c2=O)cc1,CHEMBL4541764,NS(=O)(=O)c1ccc(C(=O)n2[nH]c(=O)c3ccc(C(=O)O)cc3c2=O)cc1,7.99,active,Active,0.7625104,0.0,0.0,0.0,0.0,0.0,0.10814233,0.0,0.0,0.0,0.0,0.0,0.0,0.0,0.0,0.0,0.0,0.0,0.0,0.29173422,0.0,0.0,1.875554,0.0,0.0,1.8664992,0.0,0.0,0.0,0.0,0.0,0.0,0.38034979,0.0,0.0,1.2494541,0.0,0.0,0.0,0.0,0.086296886,1.0326701,0.0,0.0,1.6632339,0.8246746,0.0,0.0,1.4210907,0.0,1.4670249,0.0,0.0,0.0,0.0,0.0,0.0,1.6320674,0.0,0.0,0.0,0.0,0.0,0.08769031,1.0162482,0.0,1.9970897,0.0,0.0,0.0,0.0,0.0,0.0,0.0,0.0,0.0,0.0,0.0,0.0,0.0,0.0,0.0,0.0,0.0,0.0,0.0,0.0,1.40006,0.0,0.0,1.140722,0.0,0.0,1.926352,0.0,1.397607,0.0,0.0,0.0,0.0,0.0,0.0,0.0,0.0,0.0,1.3165417,0.0,0.0,0.0,0.0,1.4283901,0.8683013,1.5105577,0.0,0.0,0.0,0.0,2.010986,0.0,0.0,0.0,0.0,0.0,0.0,0.0,0.0,0.0,0.0,0.579787107995038,0.4359915404556911,0.5652173913043478,0.41304347826086957
NS(=O)(=O)c1ccc(C(=O)n2[nH]c(=O)c3ccccc3c2=O)cc1,CHEMBL5170504,NS(=O)(=O)c1ccc(C(=O)n2[nH]c(=O)c3ccccc3c2=O)cc1,7.99,active,Active,0.68335915,0.0,0.0,0.0,0.0,0.0,0.0,0.0,0.0,0.0,0.0,0.0,0.0,0.0,0.0,0.0,0.0,0.0,0.0,0.12610377,0.0,0.0,1.8297622,0.0,0.0,1.8191979,0.0,0.0,0.0,0.0,0.0049585784,0.0,0.36163557,0.033655036,0.0,1.2579006,0.0,0.0,0.0,0.0,0.0,0.9747072,0.0,0.0,1.6192497,0.79356444,0.0,0.0,1.3817997,0.0,1.4242251,0.0,0.009710349,0.0,0.0,0.0,0.0,1.5929801,0.0,0.0,0.0,0.0,0.0,0.36881682,0.91890955,0.0,1.8987339,0.0,0.0,0.0,0.0,0.0,0.0,0.0,0.0,0.0,0.0,0.0,0.0,0.0,0.0,0.0,0.0,0.0,0.0,0.0,0.0,1.362691,0.0,0.0,1.0418074,0.0,0.0,1.8552777,0.0,1.2990992,0.0,0.0,0.0,0.0,0.0,0.0,0.0,0.0,0.0,1.2714397,0.0,0.0,0.0,0.0,1.3553722,0.838022,1.3776292,0.0,0.0,0.0,0.0,1.8773565,0.0,0.0,0.0,0.0,0.0,0.0,0.0,0.0,0.0,0.0,0.5636815058964083,0.4583206512191817,0.5869565217391304,0.45652173913043476
NS(=O)(=O)c1ccc(CCCCCO)cc1,CHEMBL105637,NS(=O)(=O)c1ccc(CCCCCO)cc1,8.1,active,Active,0.2487182,0.0,0.0,0.089384496,0.0,0.0,0.0,0.0,0.0,0.0,0.0,0.0,0.0,0.0,0.0,0.0,0.0,0.0,0.0,0.0,0.0,0.0,0.6688886,0.0,0.0,0.37602147,0.0,0.0,0.0,0.0,0.0,0.0,0.033279467,0.0,0.0,0.30603015,0.0,0.0,0.0,0.0,0.0,0.36483037,0.0,0.0,1.7283595,1.040854,0.0,0.0,0.28714958,0.0,0.108075574,0.0,0.0,0.0,0.0,0.0,0.0,0.67635155,0.0,0.0,0.0,0.0,0.0,0.58690536,0.5949461,0.0,0.6467633,0.0,0.0,0.0,0.33740097,0.0,0.0,0.0,0.0,0.0,0.0,0.0,0.0,0.0,0.0,0.0,0.0,0.0,0.0,0.0,0.0,0.3621338,0.0,0.0,0.3602808,0.0,0.0,0.56180996,0.0,0.21922135,0.0,0.0,0.0,0.0,0.0,0.0,0.0,0.0,0.0,0.56503093,0.0,0.0,0.0,0.0,0.8742037,0.27250838,0.5740935,0.0,0.0,0.0,0.0,0.35463378,0.0,0.0,0.0,0.0,0.0,0.0,0.0,0.0,0.0,0.0,0.2719220755526408,0.6716815400249369,0.30434782608695654,0.6956521739130435
NS(=O)(=O)c1ccc(CCCCO)cc1,CHEMBL316582,NS(=O)(=O)c1ccc(CCCCO)cc1,7.82,active,Active,0.09904446,0.0,0.0,0.0,0.0,0.0,0.0,0.0,0.0,0.0,0.0,0.0,0.0,0.0,0.0,0.0,0.0,0.0,0.0,0.0,0.0,0.0,0.54771954,0.0,0.0,0.16812636,0.0,0.0,0.0,0.0,0.0,0.0,0.0,0.0,0.0,0.19730379,0.0,0.0,0.0,0.0,0.0,0.22091514,0.0,0.0,1.5402657,0.95668256,0.0,0.0,0.16604808,0.0,0.0,0.0,0.0,0.0,0.0,0.0,0.0,0.5303458,0.0,0.0,0.0,0.0,0.0,0.64989954,0.4725027,0.0,0.47277027,0.0,0.0,0.0,0.33396074,0.0,0.0,0.0,0.015358873,0.0,0.0,0.0,0.0,0.0,0.0,0.2321189,0.0,0.0,0.0,0.0,0.0,0.20825262,0.0,0.0,0.108955406,0.0,0.0,0.41467202,0.0,0.06427692,0.0,0.0,0.0,0.0,0.0,0.0,0.0,0.0,0.0,0.3720744,0.0,0.0,0.0,0.0,0.70268977,0.17115612,0.34012318,0.0,0.0,0.0,0.0,0.17792188,0.0,0.0,0.0,0.0,0.0,0.0,0.0,0.0,0.0,0.0,0.2631958350034129,0.6805299537883865,0.2608695652173913,0.6956521739130435
NS(=O)(=O)c1ccc(CCCO)c(F)c1,CHEMBL105688,NS(=O)(=O)c1ccc(CCCO)c(F)c1,7.7,active,Active,0.31555003,0.0,0.0,0.0,0.0,0.0,0.0,0.0,0.0,0.0,0.0,0.0,0.0,0.0,0.0,0.0,0.0,0.0,0.0,0.0,0.0,0.0,0.94756764,0.0,0.0,0.48501438,0.0,0.0,0.0,0.0,0.0,0.0,0.23338363,0.0,0.0,0.44242924,0.0,0.0,0.0,0.0,0.0,0.5997129,0.0,0.0,1.6175504,1.1193476,0.0,0.0,0.596249,0.0,0.5496008,0.0,0.0,0.0,0.0,0.0,0.0,0.83322984,0.0,0.0,0.0,0.0,0.0,0.15465622,0.8684541,0.0,1.0496668,0.0,0.0,0.0,0.57815367,0.0,0.0,0.0,0.0,0.0,0.0,0.0,0.0,0.0,0.0,0.030888721,0.0,0.0,0.0,0.0,0.0,0.70060295,0.0,0.0,0.34234396,0.0,0.0,1.0456418,0.0,0.5502674,0.0,0.0,0.0,0.0,0.0,0.0,0.0,0.0,0.0,0.5266459,0.0,0.0,0.0,0.0,0.96760625,0.3598696,0.7201496,0.0,0.0,0.0,0.0,0.70686376,0.0,0.0,0.0,0.0,0.0,0.0,0.0,0.0,0.0,0.0,0.3817965008280542,0.6542950918300745,0.3913043478260869,0.6739130434782609
NS(=O)(=O)c1ccc(CCCO)cc1,CHEMBL105573,NS(=O)(=O)c1ccc(CCCO)cc1,7.19,active,Active,0.0,0.0,0.0,0.0,0.002396427,0.0,0.0,0.0,0.0,0.0,0.0,0.0,0.0,0.0,0.0,0.0,0.0,0.0,0.0,0.0,0.0,0.0,0.40473738,0.0,0.0,0.0,0.0,0.0,0.0,0.0,0.615779,0.0,0.0,0.36466914,0.0,0.068839684,0.14642425,0.25857976,0.0,0.0,0.0,0.050208993,0.039791465,0.0,1.3202496,0.85428584,0.0,0.0,0.019166566,0.0,0.0,0.0,0.0,0.0,0.0,0.0,0.0,0.35863125,0.0,0.0,0.0,0.0,0.0,0.72218513,0.32837206,0.0,0.26775283,0.0,0.0,0.0,0.32631913,0.0,0.0,0.0,0.052555926,0.0,0.0,0.0,0.0,0.0,0.0,0.7616921,0.0,0.0,0.0,0.0,0.0,0.021681786,0.0,0.0,0.0,0.0,0.27651685,0.2395636,0.0,0.0,0.0,0.0,0.0,0.0,0.0,0.0,0.0,0.0,0.0,0.14386275,0.0,0.3385057,0.0,0.0,0.49890354,0.04827097,0.06690851,0.0,0.0,0.0,0.0,0.0,0.0,0.0,0.0,0.0,0.0,0.0,0.34576365,0.0,0.0,0.0,0.25033861818140835,0.7462657267406811,0.21739130434782608,0.7608695652173912
NS(=O)(=O)c1ccc(CCNC(=S)Nc2ccc3ncnc(Nc4cccc(C(F)(F)F)c4)c3c2)cc1,CHEMBL4857605,NS(=O)(=O)c1ccc(CCNC(=S)Nc2ccc3ncnc(Nc4cccc(C(F)(F)F)c4)c3c2)cc1,6.62,medium,Medium,0.17896241,0.0,0.0,0.0,0.677814,0.0,0.0,0.0,0.0,0.0,0.0,0.0,0.0,0.0,0.0,0.0,0.0,0.0,0.0,0.0,0.0,0.0,0.9299193,0.0,0.0,0.8010412,0.0,0.0,0.0,0.0,1.0023943,0.0,0.04202718,1.0042819,0.0,0.40884393,0.61133116,0.06419264,0.0,0.0,0.0,0.19491604,0.57936513,0.0,1.2314576,0.58485687,0.0,0.0,0.5327189,0.0,0.32699543,0.0,0.21349762,0.0,0.0,0.0,0.0,0.766273,0.0,0.0,0.0,0.0,0.4949113,0.68540066,0.29010683,0.0,0.803748,0.0,0.0,0.0,0.0,0.0,0.0,0.0,0.0,0.0,0.0,0.0,0.0,0.0,0.0,0.6407646,0.0,0.0,0.0,0.0,0.0,0.4075737,0.0,0.0,0.1560635,0.0,0.39039645,0.8143765,0.0,0.38233137,0.0,0.0,0.0,0.0,0.0,0.0,0.0,0.0,0.0,0.54221225,0.0,0.67081994,0.0,0.38789025,0.7360135,0.2919677,0.44402477,0.0,0.0,0.8677474,0.0,0.8986829,0.0,0.0,0.0,0.409442,0.0,0.0,0.64922696,0.0,0.0,0.0,0.2842474022483909,0.8701263889412808,0.30434782608695654,0.8913043478260869
NS(=O)(=O)c1ccc(CCNCc2cccc3ccccc23)cc1,CHEMBL2392427,NS(=O)(=O)c1ccc(CCNCc2cccc3ccccc23)cc1,6.82,medium,Medium,0.073773846,0.0,0.0,0.0,0.77519774,0.0,0.0,0.0,0.0,0.0,0.0,0.0,0.0,0.0,0.0,0.0,0.0,0.0,0.0,0.0,0.0,0.0,0.842354,0.0,0.0,0.8463732,0.0,0.0,0.0,0.0,1.4863627,0.0,0.0,1.1269202,0.0,0.5291848,0.8336576,0.55072254,0.0,0.0,0.0,0.047093503,0.92036706,0.0,0.9991133,0.42058766,0.0,0.0,0.4189347,0.0,0.1923993,0.0,0.66636604,0.0,0.0,0.0,0.0,0.72622985,0.0,0.0,0.0,0.0,0.42654234,1.1654966,0.047556154,0.0,0.61683977,0.0,0.0,0.0,0.0,0.0,0.0,0.0,0.0,0.0,0.0,0.0,0.0,0.0,0.0,0.7936648,0.0,0.0,0.0,0.0,0.0,0.22368626,0.06171207,0.0,0.06391879,0.0,0.7254639,0.52659464,0.0,0.19887702,0.0,0.0,0.0,0.0,0.0,0.0,0.0,0.0,0.0,0.5435926,0.0,1.076156,0.0,0.6342637,0.587382,0.31123737,0.30996546,0.0,0.0,0.96967393,0.0,0.7232927,0.0,0.0,0.0,0.7475194,0.0,0.0,1.0757233,0.0,0.0,0.0,0.24744669775069333,0.9368549548777324,0.2826086956521739,0.9130434782608695
NS(=O)(=O)c1ccc(CCO)cc1,CHEMBL6784,NS(=O)(=O)c1ccc(CCO)cc1,5.52,inactive,Inactive,0.0,0.0,0.0,0.0,0.29842368,0.0,0.0,0.0,0.0,0.0,0.0,0.0,0.0,0.0,0.0,0.0,0.0,0.0,0.0,0.0,0.0,0.0,0.41929185,0.0,0.0,0.0,0.0,0.0,0.0,0.0,1.090202,0.0,0.0,0.67289054,0.0,0.08346821,0.44757468,0.4657542,0.0,0.0,0.0,0.027945347,0.3353089,0.0,1.2642277,0.9228643,0.0,0.0,0.052512288,0.0,0.0,0.0,0.0,0.0,0.0,0.0,0.0,0.35981247,0.0,0.0,0.0,0.0,0.0,0.6754923,0.30367887,0.0,0.2496913,0.0,0.0,0.0,0.33530915,0.0,0.0,0.0,0.018093131,0.0,0.0,0.0,0.0,0.0,0.0,1.1377048,0.0,0.0,0.0,0.0,0.0,0.05847968,0.0,0.0,0.0,0.0,0.5632379,0.22030966,0.0,0.0,0.0,0.0,0.0,0.0,0.0,0.0,0.0,0.0,0.0,0.113692135,0.0,0.8134105,0.0,0.0,0.489611,0.13024962,0.0,0.0,0.0,0.0,0.0,0.0,0.0,0.0,0.0,0.29596674,0.0,0.0,0.7822108,0.0,0.0,0.0,0.24087022829782903,0.8537200335414211,0.2391304347826087,0.8260869565217391
NS(=O)(=O)c1ccc(CNC2CC(=O)N(c3cccc(Br)c3)C2=O)cc1,CHEMBL2392432,NS(=O)(=O)c1ccc(CNC2CC(=O)N(c3cccc(Br)c3)C2=O)cc1,7.32,active,Active,0.6148883,0.0,0.0,0.0,0.0,0.0,0.0,0.0,0.0,0.0,0.0,0.0,0.0,0.0,0.0,0.0,0.0,0.0,0.0,0.0,0.0,0.0,0.9118375,0.0,0.0,0.8735485,0.0,0.0,0.0,0.0,0.0022602836,0.0,0.1356908,0.0,0.0,0.6474552,0.0,0.0,0.0,0.0,0.0,0.4056679,0.0,0.0,1.6112864,1.187867,0.0,0.0,0.5722163,0.0,0.28553876,0.0,0.0,0.0,0.0,0.0,0.0,0.87338626,0.0,0.0,0.0,0.0,0.0,0.0,0.63860035,0.0,0.8662939,0.0,0.0,0.0,0.00994166,0.0,0.0,0.0,0.0,0.0,0.0,0.0,0.0,0.0,0.0,0.31506142,0.0,0.0,0.0,0.0,0.0,0.51750046,0.0,0.0,0.3838758,0.0,0.0,0.7834937,0.0,0.3789075,0.0,0.0,0.0,0.0,0.0,0.0,0.0,0.0,0.0,0.808291,0.0,0.0,0.0,0.0,1.0618802,0.7219455,0.80328566,0.0,0.0,0.0,0.0,0.9466353,0.0,0.0,0.0,0.0,0.0,0.0,0.0,0.0,0.0,0.0,0.3636207349571321,0.6071370005123363,0.3695652173913043,0.6304347826086957
NS(=O)(=O)c1ccc(CO)cc1,CHEMBL6919,NS(=O)(=O)c1ccc(CO)cc1,5.24,inactive,Inactive,0.61982465,0.0,0.0,0.0,0.14211246,0.0,0.0,0.0,0.0,0.0,0.0,0.0,0.0,0.0,0.0,0.0,0.0,0.0,0.0,0.0,0.0,0.0,1.0888764,0.0,0.0,0.71954334,0.0,0.0,0.0,0.0,1.1738198,0.0,0.20979089,0.31951874,0.0,0.73976207,0.39438015,0.5732664,0.0,0.0,0.0,0.4877927,0.4632029,0.0,1.6057744,1.4606597,0.0,0.0,0.63142264,0.0,0.31766677,0.0,0.0,0.0,0.0,0.0,0.0,1.0169991,0.0,0.0,0.0,0.0,0.0,0.33679786,0.64387935,0.0,0.9678281,0.0,0.0,0.0,0.049048968,0.0,0.0,0.0,0.0,0.0,0.0,0.0,0.0,0.0,0.0,1.2253426,0.0,0.0,0.0,0.0,0.0,0.7403722,0.0,0.0,0.06351193,0.0,0.56036687,0.7551415,0.0,0.17097722,0.0,0.0,0.0,0.0,0.0,0.0,0.0,0.0,0.0,0.7349488,0.0,0.76640755,0.0,0.0,1.0972577,0.9123784,0.64293987,0.0,0.0,0.0,0.0,0.8520198,0.0,0.0,0.0,0.31654483,0.0,0.0,0.77301246,0.0,0.0,0.0,0.2655373688092291,0.8230727049925209,0.2826086956521739,0.8043478260869565
NS(=O)(=O)c1ccc(N2C(=O)CC/C2=C\C(=O)c2ccc([N+](=O)[O-])cc2Cl)cc1,CHEMBL4644942,NS(=O)(=O)c1ccc(N2C(=O)CC/C2=C\C(=O)c2ccc([N+](=O)[O-])cc2Cl)cc1,9.34,active,Active,0.47935858,0.0,0.0,0.0,0.0,0.0,0.0,0.0,0.0,0.0,0.0,0.0,0.0,0.0,0.0,0.0,0.0,0.0,0.0,0.0,0.0,0.0,1.0972853,0.0,0.0,1.0403607,0.0,0.0,0.0,0.0,0.0,0.0,0.1287026,0.0,0.0,0.66188174,0.0,0.0,0.0,0.0,0.0,0.53504544,0.0,0.0,1.453929,0.8204956,0.0,0.0,0.7381289,0.0,0.60513055,0.0,0.0,0.0,0.0,0.0,0.0,1.0078573,0.0,0.0,0.0,0.0,0.0,0.2817514,0.64497393,0.0,1.12782,0.0,0.0,0.0,0.0,0.0,0.0,0.0,0.0,0.0,0.0,0.0,0.0,0.0,0.0,0.0,0.0,0.0,0.0,0.0,0.0,0.73724407,0.0,0.0,0.6945887,0.0,0.0,0.96738243,0.0,0.63421714,0.0,0.0,0.0,0.0,0.0,0.0,0.0,0.0,0.0,0.86560255,0.0,0.0,0.0,0.0,1.0331824,0.6394818,0.9272126,0.0,0.0,0.0,0.0,1.0276389,0.0,0.0,0.0,0.0,0.0,0.0,0.0,0.0,0.0,0.0,0.36996325003011427,0.5880355468326259,0.34782608695652173,0.5652173913043478
NS(=O)(=O)c1ccc(N2C(=O)CC/C2=C\C(=O)c2cccc(F)c2)cc1,CHEMBL4633178,NS(=O)(=O)c1ccc(N2C(=O)CC/C2=C\C(=O)c2cccc(F)c2)cc1,9.34,active,Active,0.5073476,0.0,0.0,0.0,0.0,0.0,0.0,0.0,0.0,0.0,0.0,0.0,0.0,0.0,0.0,0.0,0.0,0.0,0.0,0.0,0.0,0.0,1.1715634,0.0,0.0,1.1520312,0.0,0.0,0.0,0.0,0.0,0.0,0.14319661,0.0,0.0,0.69079787,0.0,0.0,0.0,0.0,0.0,0.5646152,0.0,0.0,1.4374626,0.8252118,0.0,0.0,0.8245398,0.0,0.66168076,0.0,0.0,0.0,0.0,0.0,0.0,1.089754,0.0,0.0,0.0,0.0,0.0,0.45537004,0.6264832,0.0,1.2185893,0.0,0.0,0.0,0.0,0.0,0.0,0.0,0.0,0.0,0.0,0.0,0.0,0.0,0.0,0.0,0.0,0.0,0.0,0.0,0.0,0.84445906,0.0,0.0,0.6985723,0.0,0.0,1.0016841,0.0,0.6292901,0.0,0.0,0.0,0.0,0.0,0.0,0.0,0.0,0.0,0.92833585,0.0,0.0,0.0,0.0,1.0798434,0.7380114,0.93292207,0.0,0.0,0.0,0.0,1.0970932,0.0,0.0,0.0,0.0,0.0,0.0,0.0,0.0,0.0,0.0,0.3709807458898431,0.5845835689659913,0.32608695652173914,0.5434782608695652
NS(=O)(=O)c1ccc(N2CCN(c3ccc(F)cc3F)C2=O)cc1,CHEMBL4799997,NS(=O)(=O)c1ccc(N2CCN(c3ccc(F)cc3F)C2=O)cc1,6.11,medium,Medium,0.43936583,0.0,0.0,0.0,0.0,0.0,0.0,0.0,0.0,0.0,0.0,0.0,0.0,0.0,0.0,0.0,0.0,0.0,0.0,0.0,0.0,0.0,1.1356784,0.0,0.0,1.0206217,0.0,0.0,0.0,0.0,0.0,0.0,0.12519982,0.0,0.0,0.6117973,0.0,0.0,0.0,0.0,0.0,0.50942475,0.0,0.0,1.411038,0.8457433,0.0,0.0,0.76904714,0.0,0.58651996,0.0,0.0,0.0,0.0,0.0,0.0,1.009353,0.0,0.0,0.0,0.0,0.0,0.3657667,0.6143314,0.0,1.1745117,0.0,0.0,0.0,0.0,0.0,0.0,0.0,0.0,0.0,0.0,0.0,0.0,0.0,0.0,0.0,0.0,0.0,0.0,0.0,0.0,0.7517462,0.0,0.0,0.53524756,0.0,0.0,0.9772359,0.0,0.56683713,0.0,0.0,0.0,0.0,0.0,0.0,0.0,0.0,0.0,0.79461163,0.0,0.0,0.0,0.0,1.0509162,0.656174,0.828242,0.0,0.0,0.0,0.0,1.0779836,0.0,0.0,0.0,0.0,0.0,0.0,0.0,0.0,0.0,0.0,0.3663044865676289,0.5921447594879989,0.34782608695652173,0.5869565217391304
NS(=O)(=O)c1ccc(NC(=O)CSC(=S)N2CCN(C(=O)c3ccco3)CC2)cc1,CHEMBL4759737,NS(=O)(=O)c1ccc(NC(=O)CSC(=S)N2CCN(C(=O)c3ccco3)CC2)cc1,6.07,medium,Medium,0.26778385,0.0,0.0,0.0,0.0,0.0,0.0,0.0,0.0,0.0,0.0,0.0,0.0,0.0,0.0,0.0,0.0,0.0,0.0,0.0,0.0,0.0,0.60082096,0.0,0.0,0.39175248,0.0,0.0,0.0,0.0,0.09339648,0.0,0.043379467,0.0,0.0,0.10892551,0.0,0.0,0.0,0.0,0.0,0.19290009,0.0,0.0,1.4049466,0.93616825,0.0,0.0,0.33085865,0.0,0.0,0.0,0.0,0.0,0.0,0.0,0.0,0.5839831,0.0,0.0,0.0,0.0,0.0,0.7069701,0.35767597,0.0,0.6222315,0.0,0.0,0.0,0.0,0.0,0.0,0.0,0.0,0.0,0.0,0.0,0.0,0.0,0.0,0.14121324,0.0,0.0,0.0,0.0,0.0,0.39847898,0.0,0.0,0.19303781,0.0,0.0,0.39269578,0.0,0.031695195,0.0,0.0,0.0,0.0,0.0,0.0,0.0,0.0,0.0,0.44507632,0.0,0.0,0.0,0.0,0.85000765,0.46672338,0.40007475,0.0,0.0,0.0,0.0,0.3974815,0.0,0.0,0.0,0.0,0.0,0.0,0.0,0.0,0.0,0.0,0.26892634367737794,0.6740904779381147,0.2826086956521739,0.6956521739130435
NS(=O)(=O)c1ccc(NC(=O)CSC(=S)N2CCN(C3CCCCC3)CC2)cc1,CHEMBL4741640,NS(=O)(=O)c1ccc(NC(=O)CSC(=S)N2CCN(C3CCCCC3)CC2)cc1,6.28,medium,Medium,0.43068376,0.0,0.0,1.1647276,0.0,0.0,0.0,0.0,0.0,0.0,0.0,0.0,0.0,0.0,0.0,0.0,0.0,0.0,0.0,0.0,0.0,0.0,0.39215827,0.0,0.0,0.18361372,0.0,0.0,0.0,0.0,0.0,0.0,0.0065093897,0.0,0.0,0.0,0.0,0.0,0.0,0.0,0.0,0.25926507,0.0,0.0,1.8229675,1.2804451,0.0,0.0,0.17718038,0.0,0.0,0.0,0.0,0.0,0.0,0.0,0.0,0.504078,0.0,0.0,0.0,0.0,0.0,1.1859069,0.2945885,0.0,0.6124584,0.0,0.0,0.0,0.32487062,0.0,0.0,0.0,0.5174177,0.0,0.0,0.0,0.0,0.0,0.0,0.0,0.0,0.0,0.0,0.0,0.0,0.3888976,0.0,0.0,0.3591362,0.0,0.0,0.0,0.0,0.0,0.0,0.0,0.0,0.0,0.0,0.0,0.0,0.0,0.0,0.2909724,0.0,0.0,0.0,0.0,1.2688665,0.6136795,0.5523419,0.0,0.0,0.0,0.0,0.120443344,0.0,0.0,0.0,0.0,0.0,0.0,0.0,0.0,0.0,0.0,0.24256788389348213,0.6237932247499772,0.2391304347826087,0.6304347826086957
NS(=O)(=O)c1ccc(NC(=O)CSC(=S)N2CCN(Cc3ccc(F)cc3)CC2)cc1,CHEMBL4783836,NS(=O)(=O)c1ccc(NC(=O)CSC(=S)N2CCN(Cc3ccc(F)cc3)CC2)cc1,6.6,medium,Medium,0.28724387,0.0,0.0,0.0,0.02928397,0.0,0.0,0.0,0.0,0.0,0.0,0.0,0.0,0.0,0.0,0.0,0.0,0.0,0.0,0.0,0.0,0.0,0.45865154,0.0,0.0,0.30311358,0.0,0.0,0.0,0.0,0.6313524,0.0,0.0,0.2965762,0.0,0.07963598,0.07962571,0.2736939,0.0,0.0,0.0,0.0419119,0.17329541,0.0,1.3148916,0.97289413,0.0,0.0,0.17046455,0.0,0.0,0.0,0.0,0.0,0.0,0.0,0.0,0.48045054,0.0,0.0,0.0,0.0,0.0,0.8709197,0.16879123,0.0,0.40397978,0.0,0.0,0.0,0.0,0.0,0.0,0.0,0.0,0.0,0.0,0.0,0.0,0.0,0.0,0.57590556,0.0,0.0,0.0,0.0,0.0,0.20229925,0.0,0.0,0.0,0.0,0.19648425,0.14094277,0.0,0.0,0.0,0.0,0.0,0.0,0.0,0.0,0.0,0.0,0.0,0.33921227,0.0,0.30236658,0.0,0.0,0.7746891,0.47084546,0.2653542,0.0,0.0,0.0,0.0,0.29899973,0.0,0.0,0.0,0.05447286,0.0,0.0,0.41352654,0.0,0.0,0.0,0.255618437819854,0.7361419777035443,0.2826086956521739,0.7608695652173912
NS(=O)(=O)c1ccc(NC(=O)CSC(=S)N2CCN(c3ccc([N+](=O)[O-])cc3)CC2)cc1,CHEMBL4746908,NS(=O)(=O)c1ccc(NC(=O)CSC(=S)N2CCN(c3ccc([N+](=O)[O-])cc3)CC2)cc1,5.65,inactive,Inactive,0.110633135,0.0,0.0,0.0,0.0,0.0,0.0,0.0,0.0,0.0,0.0,0.0,0.0,0.0,0.0,0.0,0.0,0.0,0.0,0.0,0.0,0.0,0.41056368,0.0,0.0,0.22859609,0.0,0.0,0.0,0.0,0.4264519,0.0,0.0,0.20624538,0.0,0.0,0.0031564143,0.18398216,0.0,0.0,0.0,0.0,0.0908045,0.0,1.2061604,0.77299625,0.0,0.0,0.123775356,0.0,0.0,0.0,0.0,0.0,0.0,0.0,0.0,0.39208567,0.0,0.0,0.0,0.0,0.0,0.86916643,0.1456362,0.0,0.36084247,0.0,0.0,0.0,0.0,0.0,0.0,0.0,0.0,0.0,0.0,0.0,0.0,0.0,0.0,0.3706709,0.0,0.0,0.0,0.0,0.0,0.12763894,0.0,0.0,0.00413955,0.0,0.09179091,0.12222232,0.0,0.0,0.0,0.0,0.0,0.0,0.0,0.0,0.0,0.0,0.0,0.29303268,0.0,0.13164225,0.0,0.0,0.6393835,0.32275963,0.17191456,0.0,0.0,0.0,0.0,0.17961144,0.0,0.0,0.0,0.0,0.0,0.0,0.2499879,0.0,0.0,0.0,0.2555654331910625,0.7231847573954212,0.2608695652173913,0.7608695652173912
NS(=O)(=O)c1ccc(NC(=O)CSC(=S)N2CCN(c3ccccn3)CC2)cc1,CHEMBL4747356,NS(=O)(=O)c1ccc(NC(=O)CSC(=S)N2CCN(c3ccccn3)CC2)cc1,7.41,active,Active,0.21412525,0.0,0.0,0.0,0.0,0.0,0.0,0.0,0.0,0.0,0.0,0.0,0.0,0.0,0.0,0.0,0.0,0.0,0.0,0.0,0.0,0.0,0.5550953,0.0,0.0,0.36649963,0.0,0.0,0.0,0.0,0.48185495,0.0,0.023196783,0.23671032,0.0,0.07710308,0.024678651,0.15173414,0.0,0.0,0.0,0.11551658,0.09429835,0.0,1.3432838,0.8985375,0.0,0.0,0.28438514,0.0,0.0,0.0,0.0,0.0,0.0,0.0,0.0,0.53439575,0.0,0.0,0.0,0.0,0.0,0.904742,0.2535947,0.0,0.55664635,0.0,0.0,0.0,0.0,0.0,0.0,0.0,0.0,0.0,0.0,0.0,0.0,0.0,0.0,0.36425215,0.0,0.0,0.0,0.0,0.0,0.34541655,0.0,0.0,0.09427657,0.0,0.06835195,0.3174011,0.0,0.0,0.0,0.0,0.0,0.0,0.0,0.0,0.0,0.0,0.0,0.3954287,0.0,0.17545527,0.0,0.0,0.80008054,0.44675335,0.2918779,0.0,0.0,0.0,0.0,0.3361047,0.0,0.0,0.0,0.0022637807,0.0,0.0,0.2636692,0.0,0.0,0.0,0.2609202179779697,0.7152531569961295,0.2826086956521739,0.7391304347826086
NS(=O)(=O)c1ccc(NC(=O)CSC(=S)N2CCN(c3ncccn3)CC2)cc1,CHEMBL4750069,NS(=O)(=O)c1ccc(NC(=O)CSC(=S)N2CCN(c3ncccn3)CC2)cc1,6.72,medium,Medium,0.2674974,0.0,0.0,0.0,0.025768872,0.0,0.0,0.0,0.0,0.0,0.0,0.0,0.0,0.0,0.0,0.0,0.0,0.0,0.0,0.0,0.0,0.0,0.6684055,0.0,0.0,0.46239805,0.0,0.0,0.0,0.0,0.3877174,0.0,0.07898717,0.28067166,0.0,0.11711916,0.01326379,0.022270571,0.0,0.0,0.0,0.2072722,0.060796976,0.0,1.3827921,0.9228956,0.0,0.0,0.39949292,0.0,0.031729184,0.0,0.0,0.0,0.0,0.0,0.0,0.61288863,0.0,0.0,0.0,0.0,0.0,0.8004185,0.33442557,0.0,0.7129427,0.0,0.0,0.0,0.0,0.0,0.0,0.0,0.0,0.0,0.0,0.0,0.0,0.0,0.0,0.31017143,0.0,0.0,0.0,0.0,0.0,0.46295112,0.0,0.0,0.16073039,0.0,0.0,0.47053802,0.0,0.07336985,0.0,0.0,0.0,0.0,0.0,0.0,0.0,0.0,0.0,0.43524155,0.0,0.11542507,0.0,0.0,0.89156526,0.46718863,0.39192617,0.0,0.0,0.0,0.0,0.50542647,0.0,0.0,0.0,0.0,0.0,0.0,0.17644656,0.0,0.0,0.0,0.27506786099959635,0.6865397275992177,0.30434782608695654,0.717391304347826
NS(=O)(=O)c1ccc(NC(=O)c2cccc(N3C(=O)CCC3=O)c2)cc1,CHEMBL2392429,NS(=O)(=O)c1ccc(NC(=O)c2cccc(N3C(=O)CCC3=O)c2)cc1,7.47,active,Active,0.6018716,0.0,0.0,0.0,0.0,0.0,0.0,0.0,0.0,0.0,0.0,0.0,0.0,0.0,0.0,0.0,0.0,0.0,0.0,0.0,0.0,0.0,1.3258767,0.0,0.0,1.3568324,0.0,0.0,0.0,0.0,0.0,0.0,0.16706382,0.0,0.0,0.85216963,0.0,0.0,0.0,0.0,0.007424198,0.64838225,0.0,0.0,1.4937685,0.85837984,0.0,0.0,0.94554424,0.0,0.8049165,0.0,0.0,0.0,0.0,0.0,0.0,1.2366095,0.0,0.0,0.0,0.0,0.0,0.41007623,0.69258016,0.0,1.369828,0.0,0.0,0.0,0.0,0.0,0.0,0.0,0.0,0.0,0.0,0.0,0.0,0.0,0.0,0.0,0.0,0.0,0.0,0.0,0.0,0.9700393,0.0,0.0,0.8519819,0.0,0.0,1.1322325,0.0,0.7393649,0.0,0.0,0.0,0.0,0.0,0.0,0.0,0.0,0.0,1.1043856,0.0,0.0,0.0,0.0,1.1751854,0.87901497,1.0793359,0.0,0.0,0.0,0.0,1.2812914,0.0,0.0,0.0,0.0,0.0,0.0,0.0,0.0,0.0,0.0,0.40812287042835516,0.5571002488784814,0.41304347826086957,0.5217391304347826
NS(=O)(=O)c1ccc(NC(=S)NC(=O)c2ccc(Cl)cc2)cc1,CHEMBL2298033,NS(=O)(=O)c1ccc(NC(=S)NC(=O)c2ccc(Cl)cc2)cc1,7.89,active,Active,0.3891254,0.0,0.0,0.0,0.0,0.0,0.0,0.0,0.0,0.0,0.0,0.0,0.0,0.0,0.0,0.0,0.0,0.0,0.0,0.0,0.0,0.0,1.1730033,0.0,0.0,0.97499835,0.0,0.0,0.0,0.0,0.072682366,0.0,0.08747351,0.0,0.0,0.6928645,0.0,0.0,0.0,0.0,0.0,0.45880738,0.012400869,0.0,1.4315289,0.8182441,0.0,0.0,0.723293,0.0,0.59529966,0.0,0.0,0.0,0.0,0.0,0.0,1.0393901,0.0,0.0,0.0,0.0,0.0,0.25877059,0.6256338,0.0,1.0824736,0.0,0.0,0.0,0.0,0.0,0.0,0.0,0.0,0.0,0.0,0.0,0.0,0.0,0.0,0.036021784,0.0,0.0,0.0,0.0,0.0,0.69344455,0.0,0.0,0.51509136,0.0,0.0,0.9759451,0.0,0.52981865,0.0,0.0,0.0,0.0,0.0,0.0,0.0,0.0,0.0,0.8639944,0.0,0.0,0.0,0.0,0.93385357,0.65026563,0.77329797,0.0,0.0,0.0,0.0,0.9804927,0.0,0.0,0.0,0.0,0.0,0.0,0.0,0.0,0.0,0.0,0.3675931763540677,0.595553061994838,0.34782608695652173,0.6086956521739131
NS(=O)(=O)c1ccc(NC(=S)NC(=O)c2ccc(Cl)cc2Cl)cc1,CHEMBL179559,NS(=O)(=O)c1ccc(NC(=S)NC(=O)c2ccc(Cl)cc2Cl)cc1,7.93,active,Active,0.51714504,0.0,0.0,0.0,0.0,0.0,0.0,0.0,0.0,0.0,0.0,0.0,0.0,0.0,0.0,0.0,0.0,0.0,0.0,0.0,0.0,0.0,1.2776649,0.0,0.0,1.0121223,0.0,0.0,0.0,0.0,0.0,0.0,0.21068558,0.0,0.0,0.7687692,0.0,0.0,0.0,0.0,0.0,0.64961857,0.0,0.0,1.6364613,0.9951562,0.0,0.0,0.85080487,0.0,0.7835398,0.0,0.0,0.0,0.0,0.0,0.0,1.1189607,0.0,0.0,0.0,0.0,0.0,0.0,0.85546046,0.0,1.2655987,0.0,0.0,0.0,0.013963468,0.0,0.0,0.0,0.0,0.0,0.0,0.0,0.0,0.0,0.0,0.0,0.0,0.0,0.0,0.0,0.0,0.853062,0.0,0.0,0.6429458,0.0,0.0,1.2477312,0.0,0.75003374,0.0,0.0,0.0,0.0,0.0,0.0,0.0,0.0,0.0,0.89670604,0.0,0.0,0.0,0.0,1.0957125,0.6491961,0.9667703,0.0,0.0,0.0,0.0,1.1595856,0.0,0.0,0.0,0.0,0.0,0.0,0.0,0.0,0.0,0.0,0.42693225452647343,0.5945428800889028,0.43478260869565216,0.6086956521739131
NS(=O)(=O)c1ccc(NC(=S)NC(=O)c2ccc([N+](=O)[O-])cc2)cc1,CHEMBL2298035,NS(=O)(=O)c1ccc(NC(=S)NC(=O)c2ccc([N+](=O)[O-])cc2)cc1,6.12,medium,Medium,0.21164262,0.0,0.0,0.0,0.0,0.0,0.0,0.0,0.0,0.0,0.0,0.0,0.0,0.0,0.0,0.0,0.0,0.0,0.0,0.0,0.0,0.0,0.9647129,0.0,0.0,0.8148367,0.0,0.0,0.0,0.0,0.11900816,0.0,0.0,0.0,0.0,0.5514887,0.0,0.057451468,0.0,0.0,0.0,0.2442851,0.13043366,0.0,1.1767362,0.5832785,0.0,0.0,0.4996029,0.0,0.35720646,0.0,0.0,0.0,0.0,0.0,0.0,0.84222656,0.0,0.0,0.0,0.0,0.0,0.42307198,0.41367388,0.0,0.8344389,0.0,0.0,0.0,0.0,0.0,0.0,0.0,0.0,0.0,0.0,0.0,0.0,0.0,0.0,0.06565206,0.0,0.0,0.0,0.0,0.0,0.4001423,0.0,0.0,0.35250524,0.0,0.021861099,0.68433815,0.0,0.3592558,0.0,0.0,0.0,0.0,0.0,0.0,0.0,0.0,0.0,0.7045733,0.0,0.0,0.0,0.0,0.695201,0.4882678,0.57602495,0.0,0.0,0.11444367,0.0,0.77503085,0.0,0.0,0.0,0.0,0.0,0.0,0.0,0.0,0.0,0.0,0.3324831853214266,0.629828325100808,0.32608695652173914,0.6304347826086957
NS(=O)(=O)c1ccc(NC(=S)NC(=O)c2ccccc2)cc1,CHEMBL2392423,NS(=O)(=O)c1ccc(NC(=S)NC(=O)c2ccccc2)cc1,7.21,active,Active,0.30175096,0.0,0.0,0.0,0.0,0.0,0.0,0.0,0.0,0.0,0.0,0.0,0.0,0.0,0.0,0.0,0.0,0.0,0.0,0.0,0.0,0.0,1.096325,0.0,0.0,0.95185524,0.0,0.0,0.0,0.0,0.20501699,0.0,0.015603434,0.0,0.0,0.67941767,0.0057731234,0.11972363,0.0,0.0,0.0,0.36265016,0.15034103,0.0,1.3109993,0.7088884,0.0,0.0,0.62730014,0.0,0.51011664,0.0,0.018980822,0.0,0.0,0.0,0.0,0.99212766,0.0,0.0,0.0,0.0,0.0,0.48307645,0.5290867,0.0,0.99223226,0.0,0.0,0.0,0.0,0.0,0.0,0.0,0.0,0.0,0.0,0.0,0.0,0.0,0.0,0.07335543,0.0,0.0,0.0,0.0,0.0,0.5942629,0.0,0.0,0.43096542,0.0,0.03983512,0.8686222,0.0,0.42947406,0.0,0.0,0.0,0.0,0.0,0.0,0.0,0.0,0.0,0.8370063,0.0,0.0,0.0,0.0,0.8047041,0.65215987,0.6852326,0.0,0.0,0.0,0.0,0.87275356,0.0,0.0,0.0,0.0,0.0,0.0,0.0040170103,0.0,0.0,0.0,0.35681281536327664,0.601086689469844,0.32608695652173914,0.6086956521739131
NS(=O)(=O)c1ccc(NC(=S)NC(=O)c2ccccc2Cl)cc1,CHEMBL3290513,NS(=O)(=O)c1ccc(NC(=S)NC(=O)c2ccccc2Cl)cc1,7.64,active,Active,0.36331227,0.0,0.0,0.0,0.0,0.0,0.0,0.0,0.0,0.0,0.0,0.0,0.0,0.0,0.0,0.0,0.0,0.0,0.0,0.0,0.0,0.0,1.0989844,0.0,0.0,0.8911213,0.0,0.0,0.0,0.0,0.02524123,0.0,0.083545715,0.0,0.0,0.66742224,0.0,0.0,0.0,0.0,0.0,0.44391313,0.0,0.0,1.4253707,0.83119386,0.0,0.0,0.6622266,0.0,0.55901104,0.0,0.0,0.0,0.0,0.0,0.0,0.9853157,0.0,0.0,0.0,0.0,0.0,0.25406328,0.6360199,0.0,1.0237446,0.0,0.0,0.0,0.0,0.0,0.0,0.0,0.0,0.0,0.0,0.0,0.0,0.0,0.0,0.024904981,0.0,0.0,0.0,0.0,0.0,0.64993966,0.0,0.0,0.47137547,0.0,0.0,0.95337915,0.0,0.50090724,0.0,0.0,0.0,0.0,0.0,0.0,0.0,0.0,0.0,0.81327873,0.0,0.0,0.0,0.0,0.88505745,0.62024075,0.7430579,0.0,0.0,0.0,0.0,0.90001976,0.0,0.0,0.0,0.0,0.0,0.0,0.0,0.0,0.0,0.0,0.36249227771621867,0.6046703948798006,0.34782608695652173,0.6304347826086957
NS(=O)(=O)c1ccc(NC(=S)Nc2ccc3ncnc(Nc4cccc(C(F)(F)F)c4)c3c2)cc1,CHEMBL4846607,NS(=O)(=O)c1ccc(NC(=S)Nc2ccc3ncnc(Nc4cccc(C(F)(F)F)c4)c3c2)cc1,6.28,medium,Medium,0.2980386,0.0,0.0,0.0,0.7111631,0.0,0.0,0.0,0.0,0.0,0.0,0.0,0.0,0.0,0.0,0.0,0.0,0.0,0.0,0.0,0.0,0.0,1.181442,0.0,0.0,1.0696571,0.0,0.0,0.0,0.0,1.0338491,0.0,0.12128708,0.981496,0.0,0.572499,0.64751357,0.044177122,0.0,0.0,0.0,0.35727826,0.6349898,0.0,1.3041346,0.64688176,0.0,0.0,0.7737859,0.0,0.59414923,0.0,0.26417524,0.0,0.0,0.0,0.0,0.9738805,0.0,0.0,0.0,0.0,0.50316226,0.6377678,0.4070289,0.0,1.0941473,0.0,0.0,0.0,0.0,0.0,0.0,0.0,0.0,0.0,0.0,0.0,0.0,0.0,0.0,0.56495446,0.0,0.0,0.0,0.0,0.0,0.6869067,0.036766887,0.0,0.31828675,0.0,0.36960828,1.0706092,0.0,0.56213725,0.0,0.0,0.0,0.0,0.0,0.0,0.0,0.0,0.0,0.73144174,0.0,0.6850854,0.0,0.37584504,0.9026494,0.47490877,0.61175495,0.0,0.0,0.8756442,0.0,1.1638943,0.0,0.0,0.0,0.45919716,0.0,0.0,0.6302218,0.0,0.0,0.0,0.30438351432417604,0.8596572242944688,0.30434782608695654,0.8478260869565217
NS(=O)(=O)c1ccc(Nc2nnc(-c3cccc(S(N)(=O)=O)c3)c3ccccc23)cc1,CHEMBL2336904,NS(=O)(=O)c1ccc(Nc2nnc(-c3cccc(S(N)(=O)=O)c3)c3ccccc23)cc1,6.34,medium,Medium,0.28850082,0.0,0.0,0.0,0.8865588,0.0,0.0,0.0,0.0,0.0,0.0,0.0,0.0,0.0,0.0,0.0,0.0,0.0,0.0,0.0,0.0,0.0,1.4462749,0.0,0.0,1.1995862,0.0,0.0,0.0,0.0,1.4574124,0.0,0.24129957,1.1731342,0.0,0.80231416,0.9370395,0.37159845,0.0,0.0,0.0,0.57160765,0.87691516,0.0,1.2875566,0.7185762,0.0,0.0,1.0291029,0.0,0.92954844,0.0,0.6470277,0.0,0.0,0.0,0.0,1.192062,0.0,0.0,0.0,0.0,0.34843123,0.9205538,0.55471605,0.0,1.4139417,0.0,0.0,0.0,0.0,0.0,0.0,0.0,0.0,0.0,0.0,0.0,0.0,0.0,0.0,0.7043524,0.0,0.0,0.0,0.0,0.0,1.0261143,0.0,0.0,0.33329022,0.0,0.6208399,1.3422157,0.0,0.69716763,0.0,0.0,0.0,0.0,0.0,0.0,0.0,0.0,0.0,0.7854997,0.0,1.1407691,0.0,0.5451015,1.0094125,0.6189529,0.68644834,0.0,0.0,0.7009592,0.0,1.2629608,0.0,0.0,0.0,0.8007279,0.0,0.0,1.0215558,0.0,0.0,0.0,0.30419897771755705,0.8643438156073566,0.32608695652173914,0.8913043478260869
NS(=O)(=O)c1ccc(Oc2ccccc2)c(C(=O)NCc2ccccc2)c1,CHEMBL1098205,NS(=O)(=O)c1ccc(Oc2ccccc2)c(C(=O)NCc2ccccc2)c1,7.45,active,Active,0.49258736,0.0,0.0,0.0,0.055950142,0.0,0.0,0.0,0.0,0.0,0.0,0.0,0.0,0.0,0.0,0.0,0.0,0.0,0.0,0.0,0.0,0.0,1.2557858,0.0,0.0,1.399756,0.0,0.0,0.0,0.0,0.70276654,0.0,0.08375822,0.14511329,0.0,0.9117517,0.28627327,0.215507,0.0,0.0,0.0,0.42941222,0.5134665,0.0,1.2822634,0.7175104,0.0,0.0,0.830433,0.0,0.6909897,0.0,0.23526272,0.0,0.0,0.0,0.0,1.1576675,0.0,0.0,0.0,0.0,0.0,0.67319226,0.46869516,0.0,1.1739143,0.0,0.0,0.0,0.0,0.0,0.0,0.0,0.0,0.0,0.0,0.0,0.0,0.0,0.0,0.25068128,0.0,0.0,0.0,0.0,0.0,0.7740972,0.0,0.0,0.50993454,0.0,0.22875473,1.0589457,0.0,0.6001158,0.0,0.0,0.0,0.0,0.0,0.0,0.0,0.0,0.0,1.041283,0.0,0.22695434,0.0,0.0,0.953638,0.8513211,0.85219693,0.0,0.0,0.19301894,0.0,1.2720126,0.0,0.0,0.0,0.3026055,0.0,0.0,0.35874808,0.0,0.0,0.0,0.38076738896289286,0.5728984350459578,0.3695652173913043,0.5434782608695652
NS(=O)(=O)c1ccc(S(=O)(=O)CCCCO)c(F)c1,CHEMBL319397,NS(=O)(=O)c1ccc(S(=O)(=O)CCCCO)c(F)c1,8.4,active,Active,0.55362785,0.0,0.0,0.0,0.0,0.0,0.0,0.0,0.0,0.0,0.0,0.0,0.0,0.0,0.0,0.0,0.0,0.0,0.0,0.0,0.0,0.0,1.2867026,0.0,0.0,0.6236059,0.0,0.0,0.0,0.0,0.0,0.0,0.40641,0.0,0.0,0.7487886,0.0,0.0,0.0,0.0,0.0,1.0149226,0.0,0.0,2.057548,1.5404339,0.0,0.0,0.91126674,0.0,0.9555574,0.0,0.0,0.0,0.0,0.0,0.0,1.1504267,0.0,0.0,0.0,0.0,0.0,0.0,1.3104298,0.0,1.4594681,0.0,0.0,0.0,1.1363505,0.0,0.0,0.0,0.40695402,0.0,0.0,0.0,0.0,0.0,0.0,0.0,0.0,0.0,0.0,0.0,0.0,1.1577595,0.0,0.0,0.6471517,0.0,0.0,1.4416572,0.0,0.830594,0.0,0.0,0.0,0.0,0.0,0.0,0.0,0.0,0.0,0.7593619,0.0,0.0,0.0,0.0,1.3238854,0.6349158,1.0691141,0.0,0.0,0.0,0.0,0.8854632,0.0,0.0,0.0,0.0,0.0,0.0,0.0,0.0,0.0,0.0,0.4828481261882807,0.6842344586719278,0.5,0.6956521739130435
NS(=O)(=O)c1ccc(S(=O)(=O)CCCCO)cc1,CHEMBL105731,NS(=O)(=O)c1ccc(S(=O)(=O)CCCCO)cc1,8.15,active,Active,0.46334967,0.0,0.0,0.0,0.0,0.0,0.0,0.0,0.0,0.0,0.0,0.0,0.0,0.0,0.0,0.0,0.0,0.0,0.0,0.0,0.0,0.0,1.1919959,0.0,0.0,0.5703268,0.0,0.0,0.0,0.0,0.0,0.0,0.30584568,0.0,0.0,0.6768925,0.0,0.0,0.0,0.0,0.0,0.8632454,0.0,0.0,1.9667463,1.4493369,0.0,0.0,0.7880906,0.0,0.7859535,0.0,0.0,0.0,0.0,0.0,0.0,1.0963018,0.0,0.0,0.0,0.0,0.0,0.09238595,1.14367,0.0,1.3105828,0.0,0.0,0.0,0.8686324,0.0,0.0,0.0,0.3145995,0.0,0.0,0.0,0.0,0.0,0.0,0.0,0.0,0.0,0.0,0.0,0.0,1.0577153,0.0,0.0,0.5708284,0.0,0.0,1.2033802,0.0,0.6194596,0.0,0.0,0.0,0.0,0.0,0.0,0.0,0.0,0.0,0.7707399,0.0,0.0,0.0,0.0,1.2134237,0.67463475,0.91898185,0.0,0.0,0.0,0.0,0.6811021,0.0,0.0,0.0,0.0,0.0,0.0,0.0,0.0,0.0,0.0,0.4699902436825203,0.6873013697569343,0.4782608695652174,0.6956521739130435
NS(=O)(=O)c1ccc(S(=O)(=O)CCCCO)s1,CHEMBL104621,NS(=O)(=O)c1ccc(S(=O)(=O)CCCCO)s1,8.64,active,Active,0.70570326,0.0,0.0,0.0,0.0,0.0,0.0,0.0,0.0,0.0,0.0,0.0,0.0,0.0,0.0,0.0,0.0,0.0,0.0,0.0,0.0,0.0,1.4178696,0.0,0.0,0.56453604,0.0,0.0,0.0,0.0,0.0,0.0,0.5309516,0.0,0.0,0.9894195,0.0,0.0,0.0,0.0,0.0,1.2133204,0.0,0.0,2.4445682,1.8566726,0.0,0.0,1.0236512,0.0,1.0997615,0.0,0.0,0.0,0.025426544,0.0,0.0,1.3077397,0.0,0.0,0.0,0.0,0.0,0.0,1.7250692,0.0,1.6480137,0.0,0.0,0.0,1.6933321,0.0,0.0,0.0,0.9226603,0.0,0.0,0.0,0.0,0.0,0.0,0.0,0.0,0.0,0.0,0.0,0.0,1.2670089,0.0,0.0,0.8235147,0.0,0.0,1.7492971,0.0,0.978172,0.0,0.0,0.0,0.0,0.0,0.0,0.0,0.0,0.0,0.8415533,0.0,0.0,0.0,0.0,1.5100316,0.76514566,1.365388,0.0,0.0,0.0,0.0,0.9731218,0.0,0.0,0.0,0.0,0.0,0.0,0.0,0.0,0.0,0.0,0.5574423091688956,0.7341567978459298,0.5434782608695652,0.7608695652173912
NS(=O)(=O)c1ccc(S(=O)(=O)CCCO)c(C(=O)O)c1,CHEMBL316814,NS(=O)(=O)c1ccc(S(=O)(=O)CCCO)c(C(=O)O)c1,6.05,medium,Medium,0.50721383,0.0,0.0,0.0,0.0,0.0,0.0,0.0,0.0,0.0,0.0,0.0,0.0,0.0,0.0,0.0,0.0,0.0,0.0,0.0,0.0,0.0,1.2614268,0.0,0.0,0.6506719,0.0,0.0,0.0,0.0,0.0,0.0,0.33515918,0.0,0.0,0.7241604,0.0,0.0,0.0,0.0,0.0,0.9029238,0.0,0.0,1.8823409,1.386357,0.0,0.0,0.85177135,0.0,0.89670306,0.0,0.0,0.0,0.0,0.0,0.0,1.1263484,0.0,0.0,0.0,0.0,0.0,0.0,1.2171341,0.0,1.4151844,0.0,0.0,0.0,0.85903406,0.0,0.0,0.0,0.17922232,0.0,0.0,0.0,0.0,0.0,0.0,0.0,0.0,0.0,0.0,0.0,0.0,1.0674666,0.0,0.0,0.60530823,0.0,0.0,1.3532728,0.0,0.7773964,0.0,0.0,0.0,0.0,0.0,0.0,0.0,0.0,0.0,0.7677845,0.0,0.0,0.0,0.0,1.2111369,0.6760869,1.027878,0.0,0.0,0.0,0.0,0.8925908,0.0,0.0,0.0,0.0,0.0,0.0,0.0,0.0,0.0,0.0,0.4751818302851592,0.6797879157017191,0.5,0.6739130434782609
NS(=O)(=O)c1ccc(S(=O)(=O)CCCO)c(F)c1,CHEMBL104868,NS(=O)(=O)c1ccc(S(=O)(=O)CCCO)c(F)c1,8.35,active,Active,0.4488345,0.0,0.0,0.0,0.0,0.0,0.0,0.0,0.0,0.0,0.0,0.0,0.0,0.0,0.0,0.0,0.0,0.0,0.0,0.0,0.0,0.0,1.2223748,0.0,0.0,0.46634823,0.0,0.0,0.0,0.0,0.0,0.0,0.39245826,0.0,0.0,0.684593,0.0,0.0,0.0,0.0,0.0,0.93359286,0.0,0.0,1.9225026,1.4995288,0.0,0.0,0.8481125,0.0,0.896259,0.0,0.0,0.0,0.03364981,0.0,0.0,1.0567492,0.0,0.0,0.0,0.0,0.0,0.0,1.2488202,0.0,1.3621888,0.0,0.0,0.0,1.1781371,0.0,0.0,0.0,0.45987728,0.0,0.0,0.0,0.0,0.0,0.0,0.003490746,0.0,0.0,0.0,0.0,0.0,1.0779353,0.0,0.0,0.45826858,0.0,0.0,1.3692437,0.0,0.73633987,0.0,0.0,0.0,0.0,0.0,0.0,0.0,0.0,0.0,0.61259276,0.0,0.0,0.0,0.0,1.2091813,0.57283366,0.90525186,0.0,0.0,0.0,0.0,0.76960087,0.0,0.0,0.0,0.0,0.0,0.0,0.0,0.0,0.0,0.0,0.47502091092306037,0.6988708728850158,0.5,0.717391304347826
NS(=O)(=O)c1ccc(S(=O)(=O)CCCO)cc1,CHEMBL104000,NS(=O)(=O)c1ccc(S(=O)(=O)CCCO)cc1,7.92,active,Active,0.34708175,0.0,0.0,0.0,0.0,0.0,0.0,0.0,0.0,0.0,0.0,0.0,0.0,0.0,0.0,0.0,0.0,0.0,0.0,0.0,0.0,0.0,1.1183124,0.0,0.0,0.40068445,0.0,0.0,0.0,0.0,0.0,0.0,0.28515798,0.0,0.0,0.6046917,0.0,0.0,0.0,0.0,0.0,0.7682097,0.0,0.0,1.8184149,1.4006665,0.0,0.0,0.71397597,0.0,0.7131904,0.0,0.0,0.0,0.0,0.0,0.0,0.99392974,0.0,0.0,0.0,0.0,0.0,0.11616685,1.0686276,0.0,1.1988231,0.0,0.0,0.0,0.89712876,0.0,0.0,0.0,0.36520326,0.0,0.0,0.0,0.0,0.0,0.0,0.15184359,0.0,0.0,0.0,0.0,0.0,0.9673105,0.0,0.0,0.36634493,0.0,0.0,1.1126908,0.0,0.5072414,0.0,0.0,0.0,0.0,0.0,0.0,0.0,0.0,0.0,0.61600655,0.0,0.0,0.0,0.0,1.0854743,0.611237,0.73664945,0.0,0.0,0.0,0.0,0.5464032,0.0,0.0,0.0,0.0,0.0,0.0,0.0,0.0,0.0,0.0,0.4545243883282039,0.6987454585171164,0.43478260869565216,0.6956521739130435
NS(=O)(=O)c1ccc(S(=O)(=O)CCCO)s1,CHEMBL105725,NS(=O)(=O)c1ccc(S(=O)(=O)CCCO)s1,8.22,active,Active,0.59731543,0.0,0.0,0.0,0.0,0.0,0.0,0.0,0.0,0.0,0.0,0.0,0.0,0.0,0.0,0.0,0.0,0.0,0.0,0.0,0.0,0.0,1.3536985,0.0,0.0,0.38392898,0.0,0.0,0.0,0.0,0.0,0.0,0.5230402,0.0,0.0,0.93223906,0.0,0.0,0.0,0.0,0.0,1.1342248,0.0,0.0,2.31683,1.8304192,0.0,0.0,0.9596271,0.0,1.0420637,0.0,0.0,0.0,0.08079495,0.0,0.0,1.2121841,0.0,0.0,0.0,0.0,0.0,0.0,1.6816736,0.0,1.5503587,0.0,0.0,0.0,1.7751532,0.0,0.0,0.0,1.0144308,0.0,0.0,0.0,0.0,0.0,0.0,0.0,0.0,0.0,0.0,0.0,0.0,1.184035,0.0,0.0,0.6220441,0.0,0.0,1.6870601,0.0,0.88135993,0.0,0.0,0.0,0.0,0.0,0.0,0.0,0.0,0.0,0.68157494,0.0,0.0,0.0,0.0,1.3926234,0.7034426,1.1995605,0.0,0.0,0.0,0.0,0.8482555,0.0,0.0,0.0,0.0,0.0,0.0,0.0,0.0,0.0,0.0,0.552869702795097,0.7299005731172641,0.5434782608695652,0.7391304347826086
NS(=O)(=O)c1ccc(S(=O)(=O)CCO)c(F)c1,CHEMBL104929,NS(=O)(=O)c1ccc(S(=O)(=O)CCO)c(F)c1,8.3,active,Active,0.41884828,0.0,0.0,0.0,0.0,0.0,0.0,0.0,0.0,0.0,0.0,0.0,0.0,0.0,0.0,0.0,0.0,0.0,0.0,0.0,0.0,0.0,1.2115726,0.0,0.0,0.41359,0.0,0.0,0.0,0.0,0.0,0.0,0.37981066,0.0,0.0,0.6575784,0.0,0.0,0.0,0.0,0.0,0.8764988,0.0,0.0,1.828734,1.541333,0.0,0.0,0.84417236,0.0,0.86693156,0.0,0.0,0.0,0.07520387,0.0,0.0,1.0059234,0.0,0.0,0.0,0.0,0.0,0.0,1.2228247,0.0,1.3470607,0.0,0.0,0.0,1.1591055,0.0,0.0,0.0,0.41479447,0.0,0.0,0.0,0.0,0.0,0.0,0.42672807,0.0,0.0,0.0,0.0,0.0,1.0571516,0.0,0.0,0.30222484,0.0,0.0,1.3193424,0.0,0.65478617,0.0,0.0,0.0,0.0,0.0,0.0,0.0,0.0,0.0,0.5612932,0.0,0.0,0.0,0.0,1.1924697,0.6452252,0.7896545,0.0,0.0,0.0,0.0,0.7665802,0.0,0.0,0.0,0.0,0.0,0.0,0.0,0.0,0.0,0.0,0.4625379950450587,0.7104179660863046,0.45652173913043476,0.717391304347826
NS(=O)(=O)c1ccc(S(=O)(=O)CCO)cc1,CHEMBL104459,NS(=O)(=O)c1ccc(S(=O)(=O)CCO)cc1,7.62,active,Active,0.30886167,0.0,0.0,0.0,0.0,0.0,0.0,0.0,0.0,0.0,0.0,0.0,0.0,0.0,0.0,0.0,0.0,0.0,0.0,0.0,0.0,0.0,1.1003318,0.0,0.0,0.3405249,0.0,0.0,0.0,0.0,0.23593082,0.0,0.26501358,0.0,0.0,0.57099444,0.0,0.08989759,0.0,0.0,0.0,0.69721067,0.0,0.0,1.712281,1.4389049,0.0,0.0,0.701406,0.0,0.67058814,0.0,0.0,0.0,0.0,0.0,0.0,0.93600136,0.0,0.0,0.0,0.0,0.0,0.012221582,1.0297447,0.0,1.1725389,0.0,0.0,0.0,0.8593453,0.0,0.0,0.0,0.31138584,0.0,0.0,0.0,0.0,0.0,0.0,0.61080545,0.0,0.0,0.0,0.0,0.0,0.93831414,0.0,0.0,0.19480321,0.0,0.025692709,1.043636,0.0,0.406272,0.0,0.0,0.0,0.0,0.0,0.0,0.0,0.0,0.0,0.56171405,0.0,0.039522413,0.0,0.0,1.0599862,0.6905531,0.6032895,0.0,0.0,0.0,0.0,0.5292439,0.0,0.0,0.0,0.0,0.0,0.0,0.0,0.0,0.0,0.0,0.44574115256978586,0.6963486670057752,0.41304347826086957,0.6956521739130435
NS(=O)(=O)c1ccc(S(=O)(=O)CCO)s1,CHEMBL104463,NS(=O)(=O)c1ccc(S(=O)(=O)CCO)s1,8.22,active,Active,0.5732297,0.0,0.0,0.0,0.0,0.0,0.0,0.0,0.0,0.0,0.0,0.0,0.0,0.0,0.0,0.0,0.0,0.0,0.0,0.0,0.0,0.0,1.350211,0.0,0.0,0.31864184,0.0,0.0,0.0,0.0,0.0,0.0,0.5174115,0.0,0.0,0.918132,0.0,0.0,0.0,0.0,0.0,1.0828935,0.0,0.0,2.2368476,1.8998568,0.0,0.0,0.9625959,0.0,1.0185461,0.0,0.0,0.0,0.13103256,0.0,0.0,1.1649442,0.0,0.0,0.0,0.0,0.0,0.0,1.6810687,0.0,1.5457577,0.0,0.0,0.0,1.7933855,0.0,0.0,0.0,1.0003074,0.0,0.0,0.0,0.0,0.0,0.0,0.23353836,0.0,0.0,0.0,0.0,0.0,1.1675534,0.0,0.0,0.45611292,0.0,0.0,1.6516924,0.0,0.7986001,0.0,0.0,0.0,0.0,0.0,0.0,0.0,0.0,0.0,0.62803406,0.0,0.0,0.0,0.0,1.3859128,0.79419345,1.0881705,0.0,0.0,0.0,0.0,0.8500757,0.0,0.0,0.0,0.0,0.0,0.0,0.0,0.0,0.0,0.0,0.5501846233392247,0.7263637181143915,0.5217391304347826,0.717391304347826
NS(=O)(=O)c1ccc(S(=O)(=O)Nc2cccc3c(Cl)c[nH]c23)cc1,CHEMBL77517,NS(=O)(=O)c1ccc(S(=O)(=O)Nc2cccc3c(Cl)c[nH]c23)cc1,7.82,active,Active,0.16951492,0.0,0.0,0.0,0.7640556,0.0,0.0,0.0,0.0,0.0,0.0,0.0,0.0,0.0,0.0,0.0,0.0,0.0,0.0,0.0,0.0,0.0,1.16816,0.0,0.0,0.595417,0.0,0.0,0.0,0.0,1.3567287,0.0,0.23690677,1.1572847,0.0,0.53255314,0.7995002,0.2794975,0.0,0.0,0.0,0.50200236,0.5546818,0.0,1.4528495,0.97427595,0.0,0.0,0.7699536,0.0,0.64589524,0.0,0.16302875,0.0,0.0,0.0,0.0,0.9326357,0.0,0.0,0.0,0.0,0.029078025,0.6184004,0.63654214,0.0,1.120186,0.0,0.0,0.0,0.17498577,0.0,0.0,0.0,0.0,0.0,0.0,0.0,0.0,0.0,0.0,0.96674436,0.0,0.0,0.0,0.0,0.0,0.8267773,0.0,0.0,0.07526284,0.0,0.5915704,1.1266369,0.0,0.45367038,0.0,0.0,0.0,0.0,0.0,0.0,0.0,0.0,0.0,0.4615126,0.0,1.1118157,0.0,0.22817892,0.93597025,0.39999056,0.45833927,0.0,0.0,0.21112521,0.0,0.8060876,0.0,0.0,0.0,0.55054545,0.0,0.0,0.94617945,0.0,0.0,0.0,0.2791462394503213,0.8523137091075023,0.2826086956521739,0.8260869565217391
NS(=O)(=O)c1ccc(SCCCCCO)cc1,CHEMBL319239,NS(=O)(=O)c1ccc(SCCCCCO)cc1,8.37,active,Active,0.6016357,0.0,0.0,0.0,0.0,0.0,0.0,0.0,0.0,0.0,0.0,0.0,0.0,0.0,0.0,0.0,0.0,0.0,0.0,0.0,0.0,0.0,1.1504998,0.0,0.0,0.9074594,0.0,0.0,0.0,0.0,0.0,0.0,0.25848594,0.0,0.0,0.6746628,0.0,0.0,0.0,0.0,0.0,0.7939673,0.0,0.0,1.8901194,1.1938759,0.0,0.0,0.794186,0.0,0.73825175,0.0,0.0,0.0,0.0,0.0,0.0,1.1262648,0.0,0.0,0.0,0.0,0.0,0.15882088,0.9910592,0.0,1.2734135,0.0,0.0,0.0,0.34728923,0.0,0.0,0.0,0.0,0.0,0.0,0.0,0.0,0.0,0.0,0.0,0.0,0.0,0.0,0.0,0.0,0.96990687,0.0,0.0,0.8709788,0.0,0.0,1.1777319,0.0,0.731873,0.0,0.0,0.0,0.0,0.0,0.0,0.0,0.0,0.0,0.98219764,0.0,0.0,0.0,0.0,1.2109399,0.6360092,1.1079493,0.0,0.0,0.0,0.0,0.9215369,0.0,0.0,0.0,0.0,0.0,0.0,0.0,0.0,0.0,0.0,0.4521472281139735,0.6257647445204199,0.4782608695652174,0.6304347826086957
NS(=O)(=O)c1ccc(SCCCCO)c(F)c1,CHEMBL104754,NS(=O)(=O)c1ccc(SCCCCO)c(F)c1,8.82,active,Active,0.6261554,0.0,0.0,0.0,0.0,0.0,0.0,0.0,0.0,0.0,0.0,0.0,0.0,0.0,0.0,0.0,0.0,0.0,0.0,0.0,0.0,0.0,1.2295227,0.0,0.0,0.83981633,0.0,0.0,0.0,0.0,0.0,0.0,0.36803177,0.0,0.0,0.74868226,0.0,0.0,0.0,0.0,0.0,0.9202129,0.0,0.0,1.9032276,1.2800637,0.0,0.0,0.89481753,0.0,0.90962666,0.0,0.0,0.0,0.0,0.0,0.0,1.1229774,0.0,0.0,0.0,0.0,0.0,0.0,1.1600335,0.0,1.3757881,0.0,0.0,0.0,0.7472145,0.0,0.0,0.0,0.0,0.0,0.0,0.0,0.0,0.0,0.0,0.0,0.0,0.0,0.0,0.0,0.0,1.020518,0.0,0.0,0.81402695,0.0,0.0,1.415225,0.0,0.9159579,0.0,0.0,0.0,0.0,0.0,0.0,0.0,0.0,0.0,0.8546445,0.0,0.0,0.0,0.0,1.2497013,0.5514978,1.1654845,0.0,0.0,0.0,0.0,1.059477,0.0,0.0,0.0,0.0,0.0,0.0,0.0,0.0,0.0,0.0,0.476240034995946,0.6555058555025087,0.4782608695652174,0.6521739130434783
NS(=O)(=O)c1ccc(SCCCCO)cc1,CHEMBL107537,NS(=O)(=O)c1ccc(SCCCCO)cc1,8.05,active,Active,0.4833739,0.0,0.0,0.0,0.0,0.0,0.0,0.0,0.0,0.0,0.0,0.0,0.0,0.0,0.0,0.0,0.0,0.0,0.0,0.0,0.0,0.0,1.0670044,0.0,0.0,0.7457725,0.0,0.0,0.0,0.0,0.0,0.0,0.23251393,0.0,0.0,0.5957713,0.0,0.0,0.0,0.0,0.0,0.68586785,0.0,0.0,1.7238919,1.1245288,0.0,0.0,0.712343,0.0,0.6564653,0.0,0.0,0.0,0.0,0.0,0.0,1.017504,0.0,0.0,0.0,0.0,0.0,0.19112271,0.90102535,0.0,1.1494609,0.0,0.0,0.0,0.3446818,0.0,0.0,0.0,0.0,0.0,0.0,0.0,0.0,0.0,0.0,0.0,0.0,0.0,0.0,0.0,0.0,0.8636291,0.0,0.0,0.66727996,0.0,0.0,1.0782849,0.0,0.61865336,0.0,0.0,0.0,0.0,0.0,0.0,0.0,0.0,0.0,0.8273737,0.0,0.0,0.0,0.0,1.0711913,0.5637103,0.92196816,0.0,0.0,0.0,0.0,0.791301,0.0,0.0,0.0,0.0,0.0,0.0,0.0,0.0,0.0,0.0,0.4309718348850692,0.6393425388968444,0.41304347826086957,0.6521739130434783
NS(=O)(=O)c1ccc(SCCCCO)s1,CHEMBL107437,NS(=O)(=O)c1ccc(SCCCCO)s1,8.52,active,Active,0.8368232,0.0,0.0,0.0,0.0,0.0,0.0,0.0,0.0,0.0,0.0,0.0,0.0,0.0,0.0,0.0,0.0,0.0,0.0,0.0,0.0,0.0,1.3926862,0.0,0.0,0.83985376,0.0,0.0,0.0,0.0,0.0,0.0,0.517185,0.0,0.0,1.0413547,0.0,0.0,0.0,0.0,0.0,1.1638029,0.0,0.0,2.3859093,1.6365273,0.0,0.0,1.0347602,0.0,1.0996685,0.0,0.0,0.0,0.0,0.0,0.0,1.3206704,0.0,0.0,0.0,0.0,0.0,0.0,1.6328211,0.0,1.5921891,0.0,0.0,0.0,1.359322,0.0,0.0,0.0,0.4638746,0.0,0.0,0.0,0.0,0.0,0.0,0.0,0.0,0.0,0.0,0.0,0.0,1.1508249,0.0,0.0,1.07782,0.0,0.0,1.7850529,0.0,1.1294119,0.0,0.0,0.0,0.0,0.0,0.0,0.0,0.0,0.0,0.9951669,0.0,0.0,0.0,0.0,1.4941852,0.69802654,1.5468191,0.0,0.0,0.0,0.0,1.2331169,0.0,0.029447295,0.0,0.0,0.0,0.0,0.0,0.0,0.0,0.0,0.5712132421053077,0.7302352083338198,0.5652173913043478,0.7391304347826086
NS(=O)(=O)c1ccc(SCCCO)c(C(=O)O)c1,CHEMBL105380,NS(=O)(=O)c1ccc(SCCCO)c(C(=O)O)c1,5.0,inactive,Inactive,0.5621685,0.0,0.0,0.0,0.0,0.0,0.0,0.0,0.0,0.0,0.0,0.0,0.0,0.0,0.0,0.0,0.0,0.0,0.0,0.0,0.0,0.0,1.1905199,0.0,0.0,0.84109855,0.0,0.0,0.0,0.0,0.0,0.0,0.2892751,0.0,0.0,0.7082284,0.0,0.0,0.0,0.0,0.0,0.78905934,0.0,0.0,1.7040225,1.1186332,0.0,0.0,0.8177279,0.0,0.83325267,0.0,0.0,0.0,0.0,0.0,0.0,1.0882028,0.0,0.0,0.0,0.0,0.0,0.0,1.0591543,0.0,1.319668,0.0,0.0,0.0,0.45722485,0.0,0.0,0.0,0.0,0.0,0.0,0.0,0.0,0.0,0.0,0.0,0.0,0.0,0.0,0.0,0.0,0.917065,0.0,0.0,0.744277,0.0,0.0,1.308545,0.0,0.83872765,0.0,0.0,0.0,0.0,0.0,0.0,0.0,0.0,0.0,0.843132,0.0,0.0,0.0,0.0,1.1155894,0.59272945,1.1010585,0.0,0.0,0.0,0.0,1.0460961,0.0,0.0,0.0,0.0,0.0,0.0,0.0,0.0,0.0,0.0,0.45150811535418955,0.6269388843915719,0.45652173913043476,0.6521739130434783
NS(=O)(=O)c1ccc(SCCCO)c(Cl)c1,CHEMBL105607,NS(=O)(=O)c1ccc(SCCCO)c(Cl)c1,8.05,active,Active,0.64956045,0.0,0.0,0.0,0.0,0.0,0.0,0.0,0.0,0.0,0.0,0.0,0.0,0.0,0.0,0.0,0.0,0.0,0.0,0.0,0.0,0.0,1.2899028,0.0,0.0,0.79592615,0.0,0.0,0.0,0.0,0.0,0.0,0.43350923,0.0,0.0,0.79267895,0.0,0.0,0.0,0.0,0.0,0.97265726,0.0,0.0,1.9902494,1.384425,0.0,0.0,0.9466649,0.0,1.0029883,0.0,0.0,0.0,0.0021284893,0.0,0.0,1.1544962,0.0,0.0,0.0,0.0,0.0,0.0,1.2514274,0.0,1.4268043,0.0,0.0,0.0,0.92850244,0.0,0.0,0.0,0.099333294,0.0,0.0,0.0,0.0,0.0,0.0,0.0,0.0,0.0,0.0,0.0,0.0,1.0911549,0.0,0.0,0.79796195,0.0,0.0,1.5427353,0.0,0.9675798,0.0,0.0,0.0,0.0,0.0,0.0,0.0,0.0,0.0,0.84926575,0.0,0.0,0.0,0.0,1.284151,0.564401,1.173443,0.0,0.0,0.0,0.0,1.0849603,0.0,0.0,0.0,0.0,0.0,0.0,0.0,0.0,0.0,0.0,0.4859072283393902,0.6651621711242869,0.5,0.6521739130434783
NS(=O)(=O)c1ccc(SCCCO)c(F)c1,CHEMBL322223,NS(=O)(=O)c1ccc(SCCCO)c(F)c1,8.46,active,Active,0.5091926,0.0,0.0,0.0,0.0,0.0,0.0,0.0,0.0,0.0,0.0,0.0,0.0,0.0,0.0,0.0,0.0,0.0,0.0,0.0,0.0,0.0,1.1506103,0.0,0.0,0.67068577,0.0,0.0,0.0,0.0,0.0,0.0,0.34718812,0.0,0.0,0.67394096,0.0,0.0,0.0,0.0,0.0,0.81930286,0.0,0.0,1.7393358,1.2148734,0.0,0.0,0.81813955,0.0,0.83468044,0.0,0.0,0.0,0.0,0.0,0.0,1.0136764,0.0,0.0,0.0,0.0,0.0,0.0,1.0796387,0.0,1.2573867,0.0,0.0,0.0,0.7674009,0.0,0.0,0.0,0.009222597,0.0,0.0,0.0,0.0,0.0,0.0,0.0,0.0,0.0,0.0,0.0,0.0,0.9161896,0.0,0.0,0.6084958,0.0,0.0,1.3281415,0.0,0.8104683,0.0,0.0,0.0,0.0,0.0,0.0,0.0,0.0,0.0,0.6909871,0.0,0.0,0.0,0.0,1.1116186,0.4728127,0.9839406,0.0,0.0,0.0,0.0,0.9351019,0.0,0.0,0.0,0.0,0.0,0.0,0.0,0.0,0.0,0.0,0.4566844440624883,0.6600095124047575,0.45652173913043476,0.6739130434782609
NS(=O)(=O)c1ccc(SCCCO)c([N+](=O)[O-])c1,CHEMBL108015,NS(=O)(=O)c1ccc(SCCCO)c([N+](=O)[O-])c1,7.64,active,Active,0.48948732,0.0,0.0,0.0,0.0,0.0,0.0,0.0,0.0,0.0,0.0,0.0,0.0,0.0,0.0,0.0,0.0,0.0,0.0,0.0,0.0,0.0,1.0944691,0.0,0.0,0.72031754,0.0,0.0,0.0,0.0,0.0,0.0,0.2722645,0.0,0.0,0.63915956,0.0,0.0,0.0,0.0,0.0,0.711002,0.0,0.0,1.6280524,1.0611203,0.0,0.0,0.73942,0.0,0.7412938,0.0,0.0,0.0,0.0,0.0,0.0,0.99860036,0.0,0.0,0.0,0.0,0.0,0.0,0.984728,0.0,1.1928084,0.0,0.0,0.0,0.4947092,0.0,0.0,0.0,0.0,0.0,0.0,0.0,0.0,0.0,0.0,0.0,0.0,0.0,0.0,0.0,0.0,0.8216916,0.0,0.0,0.646547,0.0,0.0,1.2158998,0.0,0.76074004,0.0,0.0,0.0,0.0,0.0,0.0,0.0,0.0,0.0,0.7366913,0.0,0.0,0.0,0.0,1.0246965,0.49705338,0.9946155,0.0,0.0,0.0,0.0,0.9300612,0.0,0.0,0.0,0.0,0.0,0.0,0.0,0.0,0.0,0.0,0.43886382928064593,0.6428905065652271,0.43478260869565216,0.6521739130434783
NS(=O)(=O)c1ccc(SCCCO)cc1,CHEMBL104311,NS(=O)(=O)c1ccc(SCCCO)cc1,7.7,active,Active,0.34909487,0.0,0.0,0.0,0.0,0.0,0.0,0.0,0.0,0.0,0.0,0.0,0.0,0.0,0.0,0.0,0.0,0.0,0.0,0.0,0.0,0.0,0.97199684,0.0,0.0,0.5590972,0.0,0.0,0.0,0.0,0.0,0.0,0.2012462,0.0,0.0,0.5058533,0.0,0.0,0.0,0.0,0.0,0.56260717,0.0,0.0,1.5371183,1.0446231,0.0,0.0,0.618388,0.0,0.5596454,0.0,0.0,0.0,0.0,0.0,0.0,0.8938847,0.0,0.0,0.0,0.0,0.0,0.22426435,0.798004,0.0,1.0080777,0.0,0.0,0.0,0.33937865,0.0,0.0,0.0,0.0,0.0,0.0,0.0,0.0,0.0,0.0,0.0,0.0,0.0,0.0,0.0,0.0,0.7418858,0.0,0.0,0.4382636,0.0,0.0,0.9629326,0.0,0.48631096,0.0,0.0,0.0,0.0,0.0,0.0,0.0,0.0,0.0,0.650988,0.0,0.0,0.0,0.0,0.9120024,0.48059362,0.7120868,0.0,0.0,0.0,0.0,0.6407559,0.0,0.0,0.0,0.0,0.0,0.0,0.0,0.0,0.0,0.0,0.37309821899657153,0.6458528995237919,0.3913043478260869,0.6521739130434783
NS(=O)(=O)c1ccc(SCCCO)s1,CHEMBL106683,NS(=O)(=O)c1ccc(SCCCO)s1,8.0,active,Active,0.7181995,0.0,0.0,0.0,0.0,0.0,0.0,0.0,0.0,0.0,0.0,0.0,0.0,0.0,0.0,0.0,0.0,0.0,0.0,0.0,0.0,0.0,1.3141556,0.0,0.0,0.64656466,0.0,0.0,0.0,0.0,0.0,0.0,0.50401735,0.0,0.0,0.97684115,0.0,0.0,0.0,0.0,0.0,1.0658762,0.0,0.0,2.2330813,1.5874856,0.0,0.0,0.957124,0.0,1.0275899,0.0,0.0,0.0,0.009172507,0.0,0.0,1.2098763,0.0,0.0,0.0,0.0,0.0,0.0,1.5747118,0.0,1.4723305,0.0,0.0,0.0,1.4261137,0.0,0.0,0.0,0.53991175,0.0,0.0,0.0,0.0,0.0,0.0,0.0,0.0,0.0,0.0,0.0,0.0,1.0408996,0.0,0.0,0.86176986,0.0,0.0,1.7119443,0.0,1.0240991,0.0,0.0,0.0,0.0,0.0,0.0,0.0,0.0,0.0,0.8181671,0.0,0.0,0.0,0.0,1.3538393,0.618567,1.3665783,0.0,0.0,0.0,0.0,1.1033765,0.0,0.019810148,0.0,0.0,0.0,0.0,0.0,0.0,0.0,0.0,0.5636727428213579,0.7284546344305469,0.5434782608695652,0.6956521739130435
NS(=O)(=O)c1ccc(SCCO)c(F)c1,CHEMBL107266,NS(=O)(=O)c1ccc(SCCO)c(F)c1,8.05,active,Active,0.4710001,0.0,0.0,0.0,0.0,0.0,0.0,0.0,0.0,0.0,0.0,0.0,0.0,0.0,0.0,0.0,0.0,0.0,0.0,0.0,0.0,0.0,1.1302521,0.0,0.0,0.6074558,0.0,0.0,0.0,0.0,0.0,0.0,0.33351666,0.0,0.0,0.63558155,0.0,0.0,0.0,0.0,0.0,0.7581683,0.0,0.0,1.6284627,1.2362266,0.0,0.0,0.8089279,0.0,0.8066614,0.0,0.0,0.0,0.019334473,0.0,0.0,0.9517932,0.0,0.0,0.0,0.0,0.0,0.0,1.0397,0.0,1.2243731,0.0,0.0,0.0,0.7520542,0.0,0.0,0.0,0.0,0.0,0.0,0.0,0.0,0.0,0.0,0.10426098,0.0,0.0,0.0,0.0,0.0,0.8899373,0.0,0.0,0.4494449,0.0,0.0,1.2714009,0.0,0.7308516,0.0,0.0,0.0,0.0,0.0,0.0,0.0,0.0,0.0,0.6235425,0.0,0.0,0.0,0.0,1.0773594,0.52063066,0.85693765,0.0,0.0,0.0,0.0,0.91999906,0.0,0.0,0.0,0.0,0.0,0.0,0.0,0.0,0.0,0.0,0.4510577045674359,0.6740855676905637,0.43478260869565216,0.6739130434782609
NS(=O)(=O)c1ccc(SCCO)c([N+](=O)[O-])c1,CHEMBL105730,NS(=O)(=O)c1ccc(SCCO)c([N+](=O)[O-])c1,7.68,active,Active,0.45462897,0.0,0.0,0.0,0.0,0.0,0.0,0.0,0.0,0.0,0.0,0.0,0.0,0.0,0.0,0.0,0.0,0.0,0.0,0.0,0.0,0.0,1.0732032,0.0,0.0,0.6674457,0.0,0.0,0.0,0.0,0.0,0.0,0.25579417,0.0,0.0,0.6032669,0.0,0.0,0.0,0.0,0.0,0.6506891,0.0,0.0,1.5236772,1.070917,0.0,0.0,0.7266617,0.0,0.7110778,0.0,0.0,0.0,0.0,0.0,0.0,0.94311064,0.0,0.0,0.0,0.0,0.0,0.0,0.9439047,0.0,1.1598799,0.0,0.0,0.0,0.46512735,0.0,0.0,0.0,0.0,0.0,0.0,0.0,0.0,0.0,0.0,0.0,0.0,0.0,0.0,0.0,0.0,0.7929693,0.0,0.0,0.5084462,0.0,0.0,1.1592326,0.0,0.6875649,0.0,0.0,0.0,0.0,0.0,0.0,0.0,0.0,0.0,0.67986983,0.0,0.0,0.0,0.0,0.98935467,0.5406716,0.88318217,0.0,0.0,0.0,0.0,0.91643864,0.0,0.0,0.0,0.0,0.0,0.0,0.0,0.0,0.0,0.0,0.4297265483839382,0.6458419345348998,0.41304347826086957,0.6739130434782609
NS(=O)(=O)c1ccc(SCCO)cc1,CHEMBL106848,NS(=O)(=O)c1ccc(SCCO)cc1,7.324999999999999,active,Active,0.29673895,0.0,0.0,0.0,0.0,0.0,0.0,0.0,0.0,0.0,0.0,0.0,0.0,0.0,0.0,0.0,0.0,0.0,0.0,0.0,0.0,0.0,0.93742645,0.0,0.0,0.48337993,0.0,0.0,0.0,0.0,0.23651156,0.0,0.17617385,0.0,0.0,0.45274758,0.0,0.020457473,0.0,0.0,0.0,0.47877058,0.0,0.0,1.4038812,1.0553406,0.0,0.0,0.5942508,0.0,0.5099798,0.0,0.0,0.0,0.0,0.0,0.0,0.8190246,0.0,0.0,0.0,0.0,0.0,0.1417381,0.73509556,0.0,0.95489824,0.0,0.0,0.0,0.29236275,0.0,0.0,0.0,0.0,0.0,0.0,0.0,0.0,0.0,0.0,0.413105,0.0,0.0,0.0,0.0,0.0,0.70130825,0.0,0.0,0.25569257,0.0,0.019019991,0.87605333,0.0,0.3778534,0.0,0.0,0.0,0.0,0.0,0.0,0.0,0.0,0.0,0.5758688,0.0,0.035012703,0.0,0.0,0.86103797,0.53238297,0.5565941,0.0,0.0,0.0,0.0,0.6035498,0.0,0.0,0.0,0.0,0.0,0.0,0.0,0.0,0.0,0.0,0.35903598073532345,0.6493447500773064,0.3695652173913043,0.6956521739130435
NS(=O)(=O)c1ccc(SCCO)s1,CHEMBL318951,NS(=O)(=O)c1ccc(SCCO)s1,7.52,active,Active,0.6902089,0.0,0.0,0.0,0.0,0.0,0.0,0.0,0.0,0.0,0.0,0.0,0.0,0.0,0.0,0.0,0.0,0.0,0.0,0.0,0.0,0.0,1.3032455,0.0,0.0,0.57175136,0.0,0.0,0.0,0.0,0.0,0.0,0.50030655,0.0,0.0,0.95588034,0.0,0.0,0.0,0.0,0.0,1.0143033,0.0,0.0,2.1431313,1.640786,0.0,0.0,0.9571865,0.0,1.0100999,0.0,0.0,0.0,0.061815448,0.0,0.0,1.1535645,0.0,0.0,0.0,0.0,0.0,0.0,1.566711,0.0,1.4507719,0.0,0.0,0.0,1.4590762,0.0,0.0,0.0,0.53740674,0.0,0.0,0.0,0.0,0.0,0.0,0.0,0.0,0.0,0.0,0.0,0.0,1.0202017,0.0,0.0,0.69773227,0.0,0.0,1.6759979,0.0,0.9486668,0.0,0.0,0.0,0.0,0.0,0.0,0.0,0.0,0.0,0.75012946,0.0,0.0,0.0,0.0,1.3329419,0.6849535,1.2494702,0.0,0.0,0.0,0.0,1.0988944,0.0,0.025547914,0.0,0.0,0.0,0.0,0.0,0.0,0.0,0.0,0.5613918355472308,0.7284845389457069,0.5434782608695652,0.717391304347826
NS(=O)(=O)c1ccc(SCc2ccccc2)c(C(=O)NCc2ccccc2)c1,CHEMBL1098206,NS(=O)(=O)c1ccc(SCc2ccccc2)c(C(=O)NCc2ccccc2)c1,8.0,active,Active,0.2047016,0.0,0.0,0.0,0.24209422,0.0,0.0,0.0,0.0,0.0,0.0,0.0,0.0,0.0,0.0,0.0,0.0,0.0,0.0,0.0,0.0,0.0,0.7129803,0.0,0.0,0.6969911,0.0,0.0,0.0,0.0,0.9678512,0.0,0.0,0.54883593,0.0,0.46661705,0.4251128,0.26827833,0.0,0.0,0.0,0.06908179,0.51134783,0.0,1.21742,0.68886566,0.0,0.0,0.3049506,0.0,0.08429968,0.0,0.069317564,0.0,0.0,0.0,0.0,0.6611003,0.0,0.0,0.0,0.0,0.06384716,0.66695213,0.22930355,0.0,0.52288884,0.0,0.0,0.0,0.0,0.0,0.0,0.0,0.0,0.0,0.0,0.0,0.0,0.0,0.0,0.71955013,0.0,0.0,0.0,0.0,0.0,0.18624468,0.0,0.0,0.027553938,0.0,0.42650637,0.52197313,0.0,0.15977499,0.0,0.0,0.0,0.0,0.0,0.0,0.0,0.0,0.0,0.5377813,0.0,0.49300826,0.0,0.15403561,0.6177344,0.42115623,0.38915056,0.0,0.0,0.31000134,0.0,0.65834856,0.0,0.0,0.0,0.33665562,0.0,0.0,0.6463676,0.0,0.0,0.0,0.2481572253455744,0.8464149142751538,0.2391304347826087,0.8043478260869565
NS(=O)(=O)c1ccc(Sc2c(F)c(F)cc(F)c2F)c(C(=O)NCCc2ccccn2)c1,CHEMBL1095531,NS(=O)(=O)c1ccc(Sc2c(F)c(F)cc(F)c2F)c(C(=O)NCCc2ccccn2)c1,7.74,active,Active,0.60221016,0.0,0.0,0.0,0.0,0.0,0.0,0.0,0.0,0.0,0.0,0.0,0.0,0.0,0.0,0.0,0.0,0.0,0.0,0.0,0.0,0.0,1.4096714,0.0,0.0,1.2301233,0.0,0.0,0.0,0.0,0.0,0.0,0.32673207,0.0,0.0,0.9432274,0.0,0.0,0.0,0.0,0.0,0.8352271,0.0,0.0,1.6619661,0.9560258,0.0,0.0,1.0347512,0.0,1.0566442,0.0,0.0,0.0,0.0,0.0,0.0,1.2069367,0.0,0.0,0.0,0.0,0.0,0.0,0.9856074,0.0,1.471039,0.0,0.0,0.0,0.19207034,0.0,0.0,0.0,0.0,0.0,0.0,0.0,0.0,0.0,0.0,0.0,0.0,0.0,0.0,0.0,0.0,0.9544926,0.0,0.0,0.8001905,0.0,0.0,1.5914862,0.0,1.1076488,0.0,0.0,0.0,0.0,0.0,0.0,0.0,0.0,0.0,0.90151745,0.0,0.0,0.0,0.0,1.1980877,0.52815735,1.1938462,0.0,0.0,0.0,0.0,1.4888437,0.0,0.0,0.0,0.0,0.0,0.0,0.0,0.0,0.0,0.0,0.4790136186921181,0.5678997292007706,0.4782608695652174,0.5652173913043478
NS(=O)(=O)c1ccc(Sc2c(F)c(F)cc(F)c2F)nc1,CHEMBL1095884,NS(=O)(=O)c1ccc(Sc2c(F)c(F)cc(F)c2F)nc1,8.08,active,Active,0.5934882,0.0,0.0,0.0,0.0,0.0,0.0,0.0,0.0,0.0,0.0,0.0,0.0,0.0,0.0,0.0,0.0,0.0,0.0,0.0,0.0,0.0,1.4004663,0.0,0.0,0.8803641,0.0,0.0,0.0,0.0,0.0,0.0,0.5132479,0.3619724,0.0,0.8573574,0.0,0.0,0.0,0.0,0.0,0.9914076,0.0,0.0,1.8416059,1.2686763,0.0,0.0,1.1037467,0.0,1.1560259,0.0,0.0,0.0,0.15625608,0.0,0.0,1.1184889,0.0,0.0,0.0,0.0,0.0,0.0,1.2090006,0.0,1.5040324,0.0,0.0,0.0,1.0187253,0.0,0.0,0.0,0.0,0.0,0.0,0.0,0.0,0.0,0.0,0.02528058,0.0,0.0,0.0,0.0,0.0,1.0895507,0.0,0.0,0.6113559,0.0,0.0,1.7771103,0.0,1.162793,0.0,0.0,0.0,0.0,0.0,0.0,0.0,0.0,0.0,0.62622887,0.0,0.0,0.0,0.0,1.3018973,0.3759893,1.1030556,0.0,0.0,0.0,0.0,1.3877336,0.0,0.0,0.0,0.0,0.0,0.0,0.0,0.0,0.0,0.0,0.5808313227805434,0.6688697402976531,0.5652173913043478,0.6956521739130435
NS(=O)(=O)c1ccc(Sc2ccccc2)c(C(=O)NCc2ccccc2)c1,CHEMBL1098496,NS(=O)(=O)c1ccc(Sc2ccccc2)c(C(=O)NCc2ccccc2)c1,7.91,active,Active,0.48908445,0.0,0.0,0.0,0.0,0.0,0.0,0.0,0.0,0.0,0.0,0.0,0.0,0.0,0.0,0.0,0.0,0.0,0.0,0.0,0.0,0.0,1.1564766,0.0,0.0,1.1871523,0.0,0.0,0.0,0.0,0.5135238,0.0,0.10913323,0.08161784,0.0,0.8205449,0.13958403,0.02248494,0.0,0.0,0.0,0.45126066,0.27904916,0.0,1.3758067,0.83993316,0.0,0.0,0.7616682,0.0,0.6210305,0.0,0.0,0.0,0.0,0.0,0.0,1.0573066,0.0,0.0,0.0,0.0,0.0,0.41485733,0.55494916,0.0,1.0823258,0.0,0.0,0.0,0.0,0.0,0.0,0.0,0.0,0.0,0.0,0.0,0.0,0.0,0.0,0.26394552,0.0,0.0,0.0,0.0,0.0,0.7013785,0.0,0.0,0.44640267,0.0,0.10555243,1.0284718,0.0,0.5823677,0.0,0.0,0.0,0.0,0.0,0.0,0.0,0.0,0.0,0.9114431,0.0,0.076445624,0.0,0.0,0.95284206,0.7467039,0.819672,0.0,0.0,0.0,0.0,1.1479318,0.0,0.0,0.0,0.09505644,0.0,0.0,0.18433155,0.0,0.0,0.0,0.3778474041503445,0.5792866301906036,0.3695652173913043,0.5652173913043478
NS(=O)(=O)c1ccc(Sc2ccccc2)c(C(=O)NCc2ccccn2)c1,CHEMBL1096820,NS(=O)(=O)c1ccc(Sc2ccccc2)c(C(=O)NCc2ccccn2)c1,7.17,active,Active,0.5421951,0.0,0.0,0.0,0.0,0.0,0.0,0.0,0.0,0.0,0.0,0.0,0.0,0.0,0.0,0.0,0.0,0.0,0.0,0.0,0.0,0.0,1.3561847,0.0,0.0,1.376623,0.0,0.0,0.0,0.0,0.30782855,0.0,0.19664815,0.059968155,0.0,0.90969414,0.05064907,0.0,0.0,0.0,0.0,0.59035367,0.18869847,0.0,1.3981105,0.82549256,0.0,0.0,0.96201175,0.0,0.8851706,0.0,0.0,0.0,0.0,0.0,0.0,1.2010106,0.0,0.0,0.0,0.0,0.0,0.29382074,0.678337,0.0,1.3607898,0.0,0.0,0.0,0.0,0.0,0.0,0.0,0.0,0.0,0.0,0.0,0.0,0.0,0.0,0.06394163,0.0,0.0,0.0,0.0,0.0,0.9092822,0.0,0.0,0.63571364,0.0,0.0,1.2900198,0.0,0.80559313,0.0,0.0,0.0,0.0,0.0,0.0,0.0,0.0,0.0,1.0322177,0.0,0.0,0.0,0.0,1.0726045,0.7929754,0.977208,0.0,0.0,0.0,0.0,1.403623,0.0,0.0,0.0,0.0,0.0,0.0,0.0,0.0,0.0,0.0,0.4048742280357821,0.562672087678414,0.41304347826086957,0.5434782608695652
NS(=O)(=O)c1ccc(Sc2ccccc2CO)c(C(=O)NCc2ccccn2)c1,CHEMBL1098207,NS(=O)(=O)c1ccc(Sc2ccccc2CO)c(C(=O)NCc2ccccn2)c1,6.97,medium,Medium,0.78556585,0.0,0.0,0.0,0.0,0.0,0.0,0.0,0.0,0.0,0.0,0.0,0.0,0.0,0.0,0.0,0.0,0.0,0.0,0.0,0.0,0.0,1.504491,0.0,0.0,1.6034294,0.0,0.0,0.0,0.0,0.0621152,0.0,0.26227087,0.0,0.0,1.1106509,0.0,0.0,0.0,0.0,0.0,0.714949,0.040324822,0.0,1.5327456,1.0164809,0.0,0.0,1.0797355,0.0,0.97619927,0.0,0.0,0.0,0.0,0.0,0.0,1.3605794,0.0,0.0,0.0,0.0,0.0,0.03322249,0.788033,0.0,1.5295061,0.0,0.0,0.0,0.0,0.0,0.0,0.0,0.0,0.0,0.0,0.0,0.0,0.0,0.0,0.0,0.0,0.0,0.0,0.0,0.0,1.0230006,0.0,0.0,0.7905388,0.0,0.0,1.4135258,0.0,0.92751294,0.0,0.0,0.0,0.0,0.0,0.0,0.0,0.0,0.0,1.2241627,0.0,0.0,0.0,0.0,1.2718695,0.99572384,1.2189887,0.0,0.0,0.0,0.0,1.694934,0.0,0.0,0.0,0.0,0.0,0.0,0.0,0.0,0.0,0.0,0.48715369827830934,0.505116897903484,0.45652173913043476,0.5
NS(=O)(=O)c1ccc(Sc2ccccn2)c(C(=O)NCc2ccccn2)c1,CHEMBL1098208,NS(=O)(=O)c1ccc(Sc2ccccn2)c(C(=O)NCc2ccccn2)c1,7.08,active,Active,0.6682855,0.0,0.0,0.0,0.0,0.0,0.0,0.0,0.0,0.0,0.0,0.0,0.0,0.0,0.0,0.0,0.0,0.0,0.0,0.0,0.0,0.0,1.5282694,0.0,0.0,1.527021,0.0,0.0,0.0,0.0,0.07632344,0.0,0.2981331,0.0,0.0,1.0322018,0.0,0.0,0.0,0.0,0.0,0.75914,0.017643418,0.0,1.5258279,0.91963434,0.0,0.0,1.1377784,0.0,1.0969659,0.0,0.0,0.0,0.0,0.0,0.0,1.3439978,0.0,0.0,0.0,0.0,0.0,0.10903255,0.828431,0.0,1.5807275,0.0,0.0,0.0,0.0,0.0,0.0,0.0,0.0,0.0,0.0,0.0,0.0,0.0,0.0,0.0,0.0,0.0,0.0,0.0,0.0,1.0962214,0.0,0.0,0.8022524,0.0,0.0,1.5263788,0.0,1.0081962,0.0,0.0,0.0,0.0,0.0,0.0,0.0,0.0,0.0,1.139745,0.0,0.0,0.0,0.0,1.2401499,0.8485125,1.1695201,0.0,0.0,0.0,0.0,1.650153,0.0,0.0,0.0,0.0,0.0,0.0,0.0,0.0,0.0,0.0,0.49008883532110964,0.5026952228819973,0.4782608695652174,0.5
NS(=O)(=O)c1ccc([N+](=O)[O-])cc1,CHEMBL282157,NS(=O)(=O)c1ccc([N+](=O)[O-])cc1,6.4,medium,Medium,0.0,0.0,0.0,0.0,0.46344545,0.0,0.0,0.0,0.0,0.0,0.0,0.0,0.0,0.0,0.0,0.0,0.0,0.0,0.0,0.0,0.0,0.0,0.51728714,0.0,0.0,0.0,0.0,0.0,0.0,0.0,1.1579422,0.0,0.0,0.74999017,0.0,0.08437735,0.6199963,0.5774069,0.0,0.0,0.0,0.030658066,0.4828897,0.0,1.0490144,0.7380858,0.0,0.0,0.13554484,0.0,0.0,0.0,0.19548719,0.0,0.0,0.0,0.0,0.37328565,0.0,0.0,0.0,0.0,0.0,0.67706543,0.28631124,0.0,0.36731455,0.0,0.0,0.0,0.16158906,0.0,0.0,0.0,0.0,0.0,0.0,0.0,0.0,0.0,0.0,1.0457506,0.0,0.0,0.0,0.0,0.0,0.14232852,0.0,0.0,0.0,0.0,0.6595738,0.2818302,0.0,0.0,0.0,0.0,0.0,0.0,0.0,0.0,0.0,0.0,0.0,0.0788863,0.0,0.939434,0.0,0.15059394,0.4045179,0.12522972,0.0,0.0,0.0,0.05953753,0.0,0.0,0.0,0.0,0.0,0.45013672,0.0,0.0,0.9136755,0.0,0.0,0.0,0.23544639202926473,0.8658925003010988,0.2391304347826087,0.8478260869565217
NS(=O)(=O)c1cccc(NC(=S)NC(=O)c2ccc(Cl)cc2)c1,CHEMBL3237494,NS(=O)(=O)c1cccc(NC(=S)NC(=O)c2ccc(Cl)cc2)c1,6.62,medium,Medium,0.4232735,0.0,0.0,0.0,0.0,0.0,0.0,0.0,0.0,0.0,0.0,0.0,0.0,0.0,0.0,0.0,0.0,0.0,0.0,0.0,0.0,0.0,1.2199992,0.0,0.0,1.0229363,0.0,0.0,0.0,0.0,0.0,0.0,0.11728081,0.0,0.0,0.732707,0.0,0.0,0.0,0.0,0.0,0.51278883,0.0,0.0,1.4703549,0.8486683,0.0,0.0,0.77231413,0.0,0.6604242,0.0,0.0,0.0,0.0,0.0,0.0,1.0795313,0.0,0.0,0.0,0.0,0.0,0.21234643,0.67797697,0.0,1.1486863,0.0,0.0,0.0,0.0,0.0,0.0,0.0,0.0,0.0,0.0,0.0,0.0,0.0,0.0,0.0,0.0,0.0,0.0,0.0,0.0,0.74335384,0.0,0.0,0.5541091,0.0,0.0,1.0562836,0.0,0.5966203,0.0,0.0,0.0,0.0,0.0,0.0,0.0,0.0,0.0,0.8900384,0.0,0.0,0.0,0.0,0.9762897,0.66641617,0.8306739,0.0,0.0,0.0,0.0,1.0513122,0.0,0.0,0.0,0.0,0.0,0.0,0.0,0.0,0.0,0.0,0.37344963662120056,0.5947351550456351,0.3695652173913043,0.5869565217391304
NS(=O)(=O)c1cccc(NC(=S)NC(=O)c2ccc(Cl)cc2Cl)c1,CHEMBL3237495,NS(=O)(=O)c1cccc(NC(=S)NC(=O)c2ccc(Cl)cc2Cl)c1,6.02,medium,Medium,0.54987013,0.0,0.0,0.0,0.0,0.0,0.0,0.0,0.0,0.0,0.0,0.0,0.0,0.0,0.0,0.0,0.0,0.0,0.0,0.0,0.0,0.0,1.3227026,0.0,0.0,1.0580624,0.0,0.0,0.0,0.0,0.0,0.0,0.23925078,0.0,0.0,0.8069519,0.0,0.0,0.0,0.0,0.0,0.7013506,0.0,0.0,1.6736699,1.0243125,0.0,0.0,0.89778364,0.0,0.8459507,0.0,0.0,0.0,0.0,0.0,0.0,1.1574293,0.0,0.0,0.0,0.0,0.0,0.0,0.90562284,0.0,1.3290527,0.0,0.0,0.0,0.05209259,0.0,0.0,0.0,0.0,0.0,0.0,0.0,0.0,0.0,0.0,0.0,0.0,0.0,0.0,0.0,0.0,0.9008921,0.0,0.0,0.6803378,0.0,0.0,1.3247219,0.0,0.8140519,0.0,0.0,0.0,0.0,0.0,0.0,0.0,0.0,0.0,0.9216648,0.0,0.0,0.0,0.0,1.1363804,0.6646736,1.0217555,0.0,0.0,0.0,0.0,1.227454,0.0,0.0,0.0,0.0,0.0,0.0,0.0,0.0,0.0,0.0,0.4376341387989374,0.5945002015462794,0.45652173913043476,0.6086956521739131
NS(=O)(=O)c1cccc(NC(=S)NC(=O)c2ccc([N+](=O)[O-])cc2)c1,CHEMBL4447505,NS(=O)(=O)c1cccc(NC(=S)NC(=O)c2ccc([N+](=O)[O-])cc2)c1,6.85,medium,Medium,0.24305892,0.0,0.0,0.0,0.0,0.0,0.0,0.0,0.0,0.0,0.0,0.0,0.0,0.0,0.0,0.0,0.0,0.0,0.0,0.0,0.0,0.0,1.0079494,0.0,0.0,0.85893947,0.0,0.0,0.0,0.0,0.04791067,0.0,0.0,0.0,0.0,0.58814377,0.0,0.0,0.0,0.0,0.0,0.29394808,0.0765046,0.0,1.2124566,0.61126864,0.0,0.0,0.54470253,0.0,0.41712093,0.0,0.0,0.0,0.0,0.0,0.0,0.87915677,0.0,0.0,0.0,0.0,0.0,0.38036183,0.4618296,0.0,0.89535457,0.0,0.0,0.0,0.0,0.0,0.0,0.0,0.0,0.0,0.0,0.0,0.0,0.0,0.0,0.011819556,0.0,0.0,0.0,0.0,0.0,0.4460591,0.0,0.0,0.3884016,0.0,0.0,0.7582491,0.0,0.4207133,0.0,0.0,0.0,0.0,0.0,0.0,0.0,0.0,0.0,0.7285338,0.0,0.0,0.0,0.0,0.73424214,0.50312626,0.6288107,0.0,0.0,0.035768785,0.0,0.84018457,0.0,0.0,0.0,0.0,0.0,0.0,0.0,0.0,0.0,0.0,0.3465745287557772,0.6179287278121766,0.34782608695652173,0.6521739130434783
NS(=O)(=O)c1cccc(NC(=S)NC(=O)c2ccccc2)c1,CHEMBL4584443,NS(=O)(=O)c1cccc(NC(=S)NC(=O)c2ccccc2)c1,6.78,medium,Medium,0.33745116,0.0,0.0,0.0,0.0,0.0,0.0,0.0,0.0,0.0,0.0,0.0,0.0,0.0,0.0,0.0,0.0,0.0,0.0,0.0,0.0,0.0,1.1454573,0.0,0.0,1.0019723,0.0,0.0,0.0,0.0,0.124224536,0.0,0.046765614,0.0,0.0,0.72107124,0.0,0.044146165,0.0,0.0,0.0,0.41908535,0.08905803,0.0,1.3515904,0.7406954,0.0,0.0,0.67854947,0.0,0.57820123,0.0,0.0,0.0,0.0,0.0,0.0,1.0340935,0.0,0.0,0.0,0.0,0.0,0.4345421,0.5838091,0.0,1.0614548,0.0,0.0,0.0,0.0,0.0,0.0,0.0,0.0,0.0,0.0,0.0,0.0,0.0,0.0,0.012182109,0.0,0.0,0.0,0.0,0.0,0.646441,0.0,0.0,0.47175664,0.0,0.0,0.9526119,0.0,0.4993121,0.0,0.0,0.0,0.0,0.0,0.0,0.0,0.0,0.0,0.8642341,0.0,0.0,0.0,0.0,0.8490692,0.6690445,0.74521637,0.0,0.0,0.0,0.0,0.94679207,0.0,0.0,0.0,0.0,0.0,0.0,0.0,0.0,0.0,0.0,0.3631138291045391,0.5921627391162494,0.32608695652173914,0.5652173913043478
NS(=O)(=O)c1cccc(NC(=S)NC(=O)c2ccccc2Cl)c1,CHEMBL3237492,NS(=O)(=O)c1cccc(NC(=S)NC(=O)c2ccccc2Cl)c1,6.56,medium,Medium,0.3974603,0.0,0.0,0.0,0.0,0.0,0.0,0.0,0.0,0.0,0.0,0.0,0.0,0.0,0.0,0.0,0.0,0.0,0.0,0.0,0.0,0.0,1.1459806,0.0,0.0,0.93905914,0.0,0.0,0.0,0.0,0.0,0.0,0.11335306,0.0,0.0,0.70726466,0.0,0.0,0.0,0.0,0.0,0.49789467,0.0,0.0,1.4641967,0.8616179,0.0,0.0,0.71124774,0.0,0.62413555,0.0,0.0,0.0,0.0,0.0,0.0,1.025457,0.0,0.0,0.0,0.0,0.0,0.20763928,0.688363,0.0,1.0899572,0.0,0.0,0.0,0.0,0.0,0.0,0.0,0.0,0.0,0.0,0.0,0.0,0.0,0.0,0.0,0.0,0.0,0.0,0.0,0.0,0.6998491,0.0,0.0,0.5103932,0.0,0.0,1.0337174,0.0,0.5677091,0.0,0.0,0.0,0.0,0.0,0.0,0.0,0.0,0.0,0.83932275,0.0,0.0,0.0,0.0,0.9274934,0.6363912,0.8004338,0.0,0.0,0.0,0.0,0.9708391,0.0,0.0,0.0,0.0,0.0,0.0,0.0,0.0,0.0,0.0,0.3685307619860059,0.5984241538842785,0.3695652173913043,0.6086956521739131
NS(=O)(=O)c1cccc(NS(=O)(=O)c2ccc3c4c(cccc24)C(=O)N3)c1,CHEMBL2392430,NS(=O)(=O)c1cccc(NS(=O)(=O)c2ccc3c4c(cccc24)C(=O)N3)c1,5.41,inactive,Inactive,0.19720083,0.0,0.0,0.0,0.6411802,0.0,0.0,0.0,0.0,0.0,0.0,0.0,0.0,0.0,0.0,0.0,0.0,0.0,0.0,0.0,0.0,0.0,1.2200165,0.0,0.0,0.8271271,0.0,0.0,0.0,0.0,1.1836325,0.0,0.18011464,0.9427364,0.0,0.63223124,0.71543586,0.2913712,0.0,0.0,0.0,0.47898355,0.58981293,0.0,1.3488368,0.8104077,0.0,0.0,0.80080956,0.0,0.68474525,0.0,0.32505083,0.0,0.0,0.0,0.0,1.0052426,0.0,0.0,0.0,0.0,0.066574395,0.7452236,0.5614415,0.0,1.1556864,0.0,0.0,0.0,0.0,0.0,0.0,0.0,0.0,0.0,0.0,0.0,0.0,0.0,0.0,0.7178048,0.0,0.0,0.0,0.0,0.0,0.80773,0.0,0.0,0.1998663,0.0,0.51459163,1.1128979,0.0,0.5121986,0.0,0.0,0.0,0.0,0.0,0.0,0.0,0.0,0.0,0.602774,0.0,0.9032209,0.0,0.23911723,0.9101592,0.47475952,0.5470199,0.0,0.0,0.32573077,0.0,0.9422709,0.0,0.0,0.0,0.5218064,0.0,0.0,0.8050356,0.0,0.0,0.0,0.29130491626825433,0.8579710526692996,0.30434782608695654,0.8260869565217391
NS(=O)(=O)c1cccc([N+](=O)[O-])c1,CHEMBL367035,NS(=O)(=O)c1cccc([N+](=O)[O-])c1,6.39,medium,Medium,0.0,0.0,0.0,0.0,0.39743006,0.0,0.0,0.0,0.0,0.0,0.0,0.0,0.0,0.0,0.0,0.0,0.0,0.0,0.0,0.0,0.0,0.0,0.59698594,0.0,0.0,0.027361354,0.0,0.0,0.0,0.0,1.0698402,0.0,0.0,0.6833292,0.0,0.16804898,0.55176026,0.4848599,0.0,0.0,0.0,0.10989004,0.40189528,0.0,1.1190705,0.7795636,0.0,0.0,0.21347433,0.0,0.06343723,0.0,0.13528122,0.0,0.0,0.0,0.0,0.4449055,0.0,0.0,0.0,0.0,0.0,0.6450301,0.35187292,0.0,0.46039954,0.0,0.0,0.0,0.20006591,0.0,0.0,0.0,0.0,0.0,0.0,0.0,0.0,0.0,0.0,0.94826424,0.0,0.0,0.0,0.0,0.0,0.22321416,0.0,0.0,0.0,0.0,0.5810824,0.4061097,0.0,0.0,0.0,0.0,0.0,0.0,0.0,0.0,0.0,0.0,0.0,0.14194313,0.0,0.8244666,0.0,0.06709828,0.47571167,0.15608925,0.032708753,0.0,0.0,0.0,0.0,0.09421778,0.0,0.0,0.0,0.38293868,0.0,0.0,0.8090607,0.0,0.0,0.0,0.2414392646343001,0.854482044890683,0.2608695652173913,0.8260869565217391
NS(=O)(=O)c1cnc(Sc2c(F)c(F)cc(F)c2F)c(C(=O)NCc2ccccn2)c1,CHEMBL1098839,NS(=O)(=O)c1cnc(Sc2c(F)c(F)cc(F)c2F)c(C(=O)NCc2ccccn2)c1,7.63,active,Active,0.97400665,0.0,0.0,0.0,0.0,0.0,0.0,0.0,0.0,0.0,0.0,0.0,0.0,0.0,0.0,0.0,0.0,0.0,0.0,0.0,0.0,0.0,1.8293304,0.0,0.0,1.6915169,0.0,0.0,0.0,0.0,0.0,0.0,0.5443622,0.0,0.0,1.3293331,0.0,0.0,0.0,0.0,0.0,1.2096953,0.0,0.0,2.008497,1.2885559,0.0,0.0,1.4499651,0.0,1.5316569,0.0,0.0,0.0,0.07375612,0.0,0.0,1.5784807,0.0,0.0,0.0,0.0,0.0,0.0,1.3592051,0.0,1.9855096,0.0,0.0,0.0,0.39582705,0.0,0.0,0.0,0.0,0.0,0.0,0.0,0.0,0.0,0.0,0.0,0.0,0.0,0.0,0.0,0.0,1.4045812,0.0,0.0,1.17333,0.0,0.0,2.129725,0.0,1.5391177,0.0,0.0,0.0,0.0,0.0,0.0,0.0,0.0,0.0,1.2577592,0.0,0.0,0.0,0.0,1.6118102,0.8593089,1.6651162,0.0,0.0,0.0,0.0,2.0708969,0.0,0.0012367666,0.0,0.0,0.0,0.0,0.0,0.0,0.0,0.0,0.6597407566816686,0.5516089307545538,0.6739130434782609,0.5652173913043478
NS(=O)(=O)c1cnc(Sc2ccc(F)c(F)c2)c(CO)c1,CHEMBL1098657,NS(=O)(=O)c1cnc(Sc2ccc(F)c(F)c2)c(CO)c1,7.1,active,Active,0.87391746,0.0,0.0,0.0,0.0,0.0,0.0,0.0,0.0,0.0,0.0,0.0,0.0,0.0,0.0,0.0,0.0,0.0,0.0,0.0,0.0,0.0,1.638576,0.0,0.0,1.3048027,0.0,0.0,0.0,0.0,0.0,0.0,0.54521894,0.13574338,0.0,1.1283737,0.0,0.0,0.0,0.0,0.0,1.078552,0.0,0.0,1.8536793,1.3910785,0.0,0.0,1.2682816,0.0,1.2491102,0.0,0.0,0.0,0.16953686,0.0,0.0,1.3766979,0.0,0.0,0.0,0.0,0.0,0.0,1.2381289,0.0,1.7671456,0.0,0.0,0.0,0.5835843,0.0,0.0,0.0,0.0,0.0,0.0,0.0,0.0,0.0,0.0,0.102992,0.0,0.0,0.0,0.0,0.0,1.2492877,0.0,0.0,0.73313594,0.0,0.0,1.8733833,0.0,1.2392939,0.0,0.0,0.0,0.0,0.0,0.0,0.0,0.0,0.0,0.92233974,0.0,0.0,0.0,0.0,1.5010526,0.7723646,1.3641301,0.0,0.0,0.0,0.0,1.8108381,0.0,0.0,0.0,0.0,0.0,0.0,0.0,0.0,0.0,0.0,0.5848984039791687,0.6488448278059713,0.6304347826086957,0.6521739130434783
NS(=O)(=O)c1cnc(Sc2ccccc2)c(C(=O)NCCc2ccccc2)c1,CHEMBL1094898,NS(=O)(=O)c1cnc(Sc2ccccc2)c(C(=O)NCCc2ccccc2)c1,7.58,active,Active,0.4433442,0.0,0.0,0.0,0.0,0.0,0.0,0.0,0.0,0.0,0.0,0.0,0.0,0.0,0.0,0.0,0.0,0.0,0.0,0.0,0.0,0.0,1.2182137,0.0,0.0,1.1174206,0.0,0.0,0.0,0.0,0.0,0.0,0.17678536,0.0,0.0,0.8885558,0.0,0.0,0.0,0.0,0.0,0.5889602,0.0,0.0,1.5252128,0.80610156,0.0,0.0,0.794499,0.0,0.7800469,0.0,0.0,0.0,0.0,0.0,0.0,1.088583,0.0,0.0,0.0,0.0,0.0,0.23708378,0.74599904,0.0,1.1755308,0.0,0.0,0.0,0.0,0.0,0.0,0.0,0.0,0.0,0.0,0.0,0.0,0.0,0.0,0.0,0.0,0.0,0.0,0.0,0.0,0.696895,0.0,0.0,0.58609396,0.0,0.0,1.2894164,0.0,0.8069378,0.0,0.0,0.0,0.0,0.0,0.0,0.0,0.0,0.0,0.83485305,0.0,0.0,0.0,0.0,0.9664174,0.53732055,0.9594087,0.0,0.0,0.0,0.0,1.1942183,0.0,0.0,0.0,0.0,0.0,0.0,0.0,0.0,0.0,0.0,0.39224983498791555,0.5909032790790052,0.3913043478260869,0.6086956521739131
NS(=O)(=O)c1nc2cc(O)ccc2s1,CHEMBL79738,NS(=O)(=O)c1nc2cc(O)ccc2s1,8.3,active,Active,0.95498776,0.0,0.0,0.0,0.11721341,0.0,0.0,0.0,0.0,0.0,0.0,0.0,0.0,0.0,0.0,0.0,0.0,0.0,0.0,0.0,0.0,0.0,2.3387983,0.0,0.0,1.8636402,0.0,0.0,0.0,0.0,0.0,0.0,0.7816064,0.34443882,0.0,1.5477346,0.0,0.0,0.0,0.0,0.0,1.5100365,0.0,0.0,2.1546059,1.4182845,0.0,0.0,1.8942921,0.0,2.0167916,0.0,0.0,0.0,0.20000249,0.0,0.0,1.9453048,0.0,0.0,0.0,0.0,0.0,0.0,1.5955845,0.0,2.5610688,0.0,0.0,0.0,0.46227258,0.0,0.0,0.0,0.0,0.0,0.0,0.0,0.0,0.0,0.0,0.0,0.0,0.0,0.0,0.0,0.0,1.9384116,0.0,0.0,1.1395241,0.0,0.0,2.6989074,0.0,1.7595758,0.0,0.0,0.0,0.0,0.0,0.0,0.0,0.0,0.0,1.2922829,0.0,0.0,0.0,0.0,1.8673788,0.98171616,1.7673069,0.0,0.0,0.0,0.0,2.4059546,0.0,0.0,0.0,0.0,0.0,0.0,0.0,0.0,0.0,0.0,0.8156687444922595,0.6587311866795543,0.8043478260869565,0.6956521739130435
NS(=O)(=O)c1nc2ccc(O)cc2s1,CHEMBL6685,NS(=O)(=O)c1nc2ccc(O)cc2s1,8.4,active,Active,0.9568975,0.0,0.0,0.0,0.11291481,0.0,0.0,0.0,0.0,0.0,0.0,0.0,0.0,0.0,0.0,0.0,0.0,0.0,0.0,0.0,0.0,0.0,2.336896,0.0,0.0,1.8585776,0.0,0.0,0.0,0.0,0.0,0.0,0.7854601,0.33625215,0.0,1.5457898,0.0,0.0,0.0,0.0,0.0,1.5131267,0.0,0.0,2.1532767,1.4188061,0.0,0.0,1.8934199,0.0,2.0173898,0.0,0.0,0.0,0.20661202,0.0,0.0,1.940237,0.0,0.0,0.0,0.0,0.0,0.0,1.6025629,0.0,2.5640028,0.0,0.0,0.0,0.47748703,0.0,0.0,0.0,0.0,0.0,0.0,0.0,0.0,0.0,0.0,0.0,0.0,0.0,0.0,0.0,0.0,1.938007,0.0,0.0,1.1363306,0.0,0.0,2.6991925,0.0,1.7647763,0.0,0.0,0.0,0.0,0.0,0.0,0.0,0.0,0.0,1.2863774,0.0,0.0,0.0,0.0,1.8688965,0.97927916,1.7696396,0.0,0.0,0.0,0.0,2.4102957,0.0,0.0,0.0,0.0,0.0,0.0,0.0,0.0,0.0,0.0,0.8188971627783457,0.6593518345861649,0.8260869565217391,0.6956521739130435
NS(=O)(=O)c1nc2ccc(OC(=O)/C=C/c3ccccc3)cc2s1,CHEMBL420961,NS(=O)(=O)c1nc2ccc(OC(=O)/C=C/c3ccccc3)cc2s1,7.82,active,Active,0.7645694,0.0,0.0,0.0,0.0,0.0,0.0,0.0,0.0,0.0,0.0,0.0,0.0,0.0,0.0,0.0,0.0,0.0,0.0,0.0,0.0,0.0,1.8923212,0.0,0.0,1.8209486,0.0,0.0,0.0,0.0,0.0,0.0,0.40361503,0.0,0.0,1.344347,0.0,0.0,0.0,0.0,0.0,1.0362792,0.0,0.0,1.7377279,0.9366606,0.0,0.0,1.4309256,0.0,1.4651151,0.0,0.0,0.0,0.0,0.0,0.0,1.6488345,0.0,0.0,0.0,0.0,0.0,0.07794885,1.0896202,0.0,1.9692129,0.0,0.0,0.0,0.0,0.0,0.0,0.0,0.0,0.0,0.0,0.0,0.0,0.0,0.0,0.0,0.0,0.0,0.0,0.0,0.0,1.3667966,0.0,0.0,1.0469992,0.0,0.0,1.9812908,0.0,1.3367225,0.0,0.0,0.0,0.0,0.0,0.0,0.0,0.0,0.0,1.3036643,0.0,0.0,0.0,0.0,1.4296225,0.9319303,1.4828023,0.0,0.0,0.0,0.0,1.9892172,0.0,0.0,0.0,0.0,0.0,0.0,0.0,0.0,0.0,0.0,0.5859524525691518,0.46694843611522885,0.6304347826086957,0.45652173913043476
NS(=O)(=O)c1nc2ccc(OC(=O)C3CCCCC3)cc2s1,CHEMBL312813,NS(=O)(=O)c1nc2ccc(OC(=O)C3CCCCC3)cc2s1,8.22,active,Active,1.0507264,0.0,0.0,0.0,0.0,0.0,0.54334074,0.0,0.0,0.0,0.0,0.0,0.0,0.0,0.0,0.0,0.0,0.0,0.0,0.3125954,0.0,0.0,1.8503239,0.0,0.0,1.6584448,0.0,0.0,0.0,0.0,0.0,0.0,0.4873726,0.0,0.0,1.0417188,0.0,0.0,0.0,0.0,0.15916036,1.3521179,0.0,0.0,2.4062307,1.441074,0.0,0.0,1.4718373,0.0,1.1433519,0.0,0.0,0.0,0.0,0.0,0.0,1.6979264,0.0,0.0,0.0,0.0,0.0,0.37144673,1.2597531,0.0,2.2286859,0.0,0.0,0.0,0.34235784,0.0,0.0,0.0,0.0,0.0,0.0,0.0,0.0,0.0,0.0,0.0,0.0,0.0,0.0,0.0,0.0,1.5810908,0.0,0.0,1.458639,0.0,0.0,1.7021524,0.0,1.2282495,0.0,0.0,0.0,0.0,0.0,0.0,0.0,0.0,0.0,1.1900343,0.0,0.0,0.0,0.0,2.1273108,1.0720993,1.9021337,0.0,0.0,0.0,0.0,1.8992615,0.0,0.0,0.0,0.0,0.0,0.0,0.0,0.0,0.0,0.0,0.6133953886783042,0.5614108186025983,0.6304347826086957,0.5869565217391304
NS(=O)(=O)c1nc2ccc(OC(=O)CC3CCCC3)cc2s1,CHEMBL311089,NS(=O)(=O)c1nc2ccc(OC(=O)CC3CCCC3)cc2s1,8.22,active,Active,0.90815914,0.0,0.0,0.0,0.0,0.0,0.18271208,0.0,0.0,0.0,0.0,0.0,0.0,0.0,0.0,0.0,0.0,0.0,0.0,0.024874222,0.0,0.0,1.683324,0.0,0.0,1.4610564,0.0,0.0,0.0,0.0,0.0,0.0,0.41301575,0.0,0.0,0.91264135,0.0,0.0,0.0,0.0,0.0,1.1803814,0.0,0.0,2.2938356,1.3395191,0.0,0.0,1.2904077,0.0,0.9598224,0.0,0.0,0.0,0.0,0.0,0.0,1.5351473,0.0,0.0,0.0,0.0,0.0,0.377898,1.1388843,0.0,1.9991202,0.0,0.0,0.0,0.33244509,0.0,0.0,0.0,0.0,0.0,0.0,0.0,0.0,0.0,0.0,0.0,0.0,0.0,0.0,0.0,0.0,1.3487517,0.0,0.0,1.2612975,0.0,0.0,1.5470195,0.0,1.0951669,0.0,0.0,0.0,0.0,0.0,0.0,0.0,0.0,0.0,1.0446616,0.0,0.0,0.0,0.0,1.9397509,0.9013905,1.7014425,0.0,0.0,0.0,0.0,1.7223474,0.0,0.0,0.0,0.0,0.0,0.0,0.0,0.0,0.0,0.0,0.5998867562745097,0.5700962342988489,0.6086956521739131,0.5869565217391304
NS(=O)(=O)c1nc2ccc(OC(=O)Cc3ccc(Cl)cc3)cc2s1,CHEMBL311440,NS(=O)(=O)c1nc2ccc(OC(=O)Cc3ccc(Cl)cc3)cc2s1,8.0,active,Active,0.6161779,0.0,0.0,0.0,0.15847579,0.0,0.0,0.0,0.0,0.0,0.0,0.0,0.0,0.0,0.0,0.0,0.0,0.0,0.0,0.0,0.0,0.0,1.5832613,0.0,0.0,1.3581665,0.0,0.0,0.0,0.0,0.16564219,0.0,0.36232623,0.41257077,0.0,1.0528558,0.050621066,0.0,0.0,0.0,0.0,0.8240565,0.0,0.0,1.7037624,0.9618404,0.0,0.0,1.1342167,0.0,1.081545,0.0,0.0,0.0,0.0,0.0,0.0,1.3430967,0.0,0.0,0.0,0.0,0.0,0.105471276,0.91617537,0.0,1.5563298,0.0,0.0,0.0,0.0,0.0,0.0,0.0,0.0,0.0,0.0,0.0,0.0,0.0,0.0,0.0,0.0,0.0,0.0,0.0,0.0,1.0247227,0.0,0.0,0.70885354,0.0,0.0,1.6424534,0.0,1.0646479,0.0,0.0,0.0,0.0,0.0,0.0,0.0,0.0,0.0,0.93274885,0.0,0.0,0.0,0.0,1.2699913,0.6101546,1.1824423,0.0,0.0,0.0,0.0,1.6546139,0.0,0.0,0.0,0.0,0.0,0.0,0.0,0.0,0.0,0.0,0.508415778325196,0.5130893678068277,0.5217391304347826,0.5217391304347826
NS(=O)(=O)c1nc2ccc(OC(=O)Cc3ccccc3)cc2s1,CHEMBL84169,NS(=O)(=O)c1nc2ccc(OC(=O)Cc3ccccc3)cc2s1,7.52,active,Active,0.542817,0.0,0.0,0.0,0.15520939,0.0,0.0,0.0,0.0,0.0,0.0,0.0,0.0,0.0,0.0,0.0,0.0,0.0,0.0,0.0,0.0,0.0,1.5332123,0.0,0.0,1.3613744,0.0,0.0,0.0,0.0,0.2828415,0.0,0.31008628,0.40863568,0.0,1.0632745,0.14305696,0.0,0.0,0.0,0.0,0.75545377,0.090476945,0.0,1.6094301,0.8665999,0.0,0.0,1.0667329,0.0,1.0359778,0.0,0.0,0.0,0.0,0.0,0.0,1.3175799,0.0,0.0,0.0,0.0,0.0,0.30878234,0.85079485,0.0,1.5095793,0.0,0.0,0.0,0.0,0.0,0.0,0.0,0.0,0.0,0.0,0.0,0.0,0.0,0.0,0.017264083,0.0,0.0,0.0,0.0,0.0,0.95925146,0.0,0.0,0.6350336,0.0,0.0,1.6045638,0.0,1.0087643,0.0,0.0,0.0,0.0,0.0,0.0,0.0,0.0,0.0,0.9119985,0.0,0.010662191,0.0,0.0,1.1689583,0.6152716,1.1318735,0.0,0.0,0.027965846,0.0,1.5982736,0.0,0.0,0.0,0.0,0.0,0.0,0.031756513,0.0,0.0,0.0,0.5012965688052843,0.5190785407294374,0.5,0.5217391304347826
NS(=O)(=O)c1nc2ccc(OC(=O)c3ccccc3)cc2s1,CHEMBL82643,NS(=O)(=O)c1nc2ccc(OC(=O)c3ccccc3)cc2s1,8.1,active,Active,0.7370204,0.0,0.0,0.0,0.0,0.0,0.0,0.0,0.0,0.0,0.0,0.0,0.0,0.0,0.0,0.0,0.0,0.0,0.0,0.0,0.0,0.0,1.9239004,0.0,0.0,1.7627467,0.0,0.0,0.0,0.0,0.0,0.0,0.4481773,0.03858381,0.0,1.327715,0.0,0.0,0.0,0.0,0.0,1.0669589,0.0,0.0,1.7340909,0.94558465,0.0,0.0,1.4619887,0.0,1.508371,0.0,0.0,0.0,0.0,0.0,0.0,1.6535158,0.0,0.0,0.0,0.0,0.0,0.08993341,1.1186869,0.0,2.0114763,0.0,0.0,0.0,0.0,0.0,0.0,0.0,0.0,0.0,0.0,0.0,0.0,0.0,0.0,0.0,0.0,0.0,0.0,0.0,0.0,1.4010853,0.0,0.0,1.0073096,0.0,0.0,2.0474901,0.0,1.3685002,0.0,0.0,0.0,0.0,0.0,0.0,0.0,0.0,0.0,1.226666,0.0,0.0,0.0,0.0,1.4383441,0.86677176,1.4712353,0.0,0.0,0.0,0.0,2.0036392,0.0,0.0,0.0,0.0,0.0,0.0,0.0,0.0,0.0,0.0,0.5840838888329261,0.463617626913724,0.6086956521739131,0.45652173913043476
NS(=O)(=O)c1nc2ccc([N+](=O)[O-])cc2s1,CHEMBL186335,NS(=O)(=O)c1nc2ccc([N+](=O)[O-])cc2s1,6.6,medium,Medium,0.5963727,0.0,0.0,0.0,0.10957376,0.0,0.0,0.0,0.0,0.0,0.0,0.0,0.0,0.0,0.0,0.0,0.0,0.0,0.0,0.0,0.0,0.0,1.7565461,0.0,0.0,1.2753152,0.0,0.0,0.0,0.0,0.0,0.0,0.50421005,0.3463847,0.0,1.1203793,0.0,0.0,0.0,0.0,0.0,1.0394892,0.0,0.0,1.7848531,1.1033503,0.0,0.0,1.3107206,0.0,1.3617988,0.0,0.0,0.0,0.09026038,0.0,0.0,1.419781,0.0,0.0,0.0,0.0,0.0,0.0,1.1927592,0.0,1.8528323,0.0,0.0,0.0,0.39577428,0.0,0.0,0.0,0.0,0.0,0.0,0.0,0.0,0.0,0.0,0.0,0.0,0.0,0.0,0.0,0.0,1.253388,0.0,0.0,0.73999834,0.0,0.0,1.9564159,0.0,1.265279,0.0,0.0,0.0,0.0,0.0,0.0,0.0,0.0,0.0,0.8773895,0.0,0.0,0.0,0.0,1.3785735,0.59836274,1.2675985,0.0,0.0,0.0,0.0,1.7245194,0.0,0.0,0.0,0.0,0.0,0.0,0.0,0.0,0.0,0.0,0.5784331706341184,0.6350665624205113,0.5434782608695652,0.6521739130434783
NS(=O)(=O)c1nnc(NC(=O)c2nn(-c3cccc(/N=N/C(C(=O)c4ccccc4)C(=O)c4ccccc4)c3)c(-c3ccccc3)c2C(=O)c2ccccc2)s1,CHEMBL503194,NS(=O)(=O)c1nnc(NC(=O)c2nn(-c3cccc(/N=N/C(C(=O)c4ccccc4)C(=O)c4ccccc4)c3)c(-c3ccccc3)c2C(=O)c2ccccc2)s1,7.18,active,Active,0.503438,0.0,0.0,0.0,0.0065558627,0.0,0.42181,0.0,0.0,0.0,0.0,0.0,0.0,0.0,0.0,0.0,0.0,0.0,0.0,0.50138986,0.0,0.0,1.5058947,0.0,0.6118206,1.681979,0.0,0.0,0.0,0.0,0.15820357,0.0,0.16899699,0.10224879,0.0,1.1340828,0.09789453,0.0,0.45510185,0.0,0.6704821,0.62797886,0.22745581,0.0,1.26868,0.45089582,0.0,0.0,1.0705923,0.14295477,1.0623096,0.0,0.25105336,0.0,0.0,0.0,0.0,1.3456302,0.0,0.0,0.0,0.0,0.10657353,0.626121,0.60166883,0.0,1.4548408,0.0,0.4352881,0.0,0.0,0.0,0.0,0.26923338,0.0,0.0,0.0,0.0,0.0,0.0,0.0,0.0,0.0,0.0,0.0,0.0,0.0,0.9063593,0.0,0.0,0.85532874,0.0,0.0,1.4643387,0.0,1.0193834,0.0,0.0,0.0,0.0,0.0,0.0,0.0,0.0,0.5504118,1.1279795,0.0,0.0,0.0,0.0,0.9994219,0.6978917,1.1361027,0.0,0.0,0.34357885,0.0,1.6209913,0.0,0.0,0.009590087,0.018329218,0.0,0.0,0.0,0.0,0.0,0.0,0.5074527840021753,0.34651872632276554,0.4782608695652174,0.34782608695652173
NS(=O)(=O)c1nnc(NC(=O)c2nn(-c3cccc(/N=N/c4c(O)ccc5ccccc45)c3)c(-c3ccccc3)c2C(=O)c2ccccc2)s1,CHEMBL508578,NS(=O)(=O)c1nnc(NC(=O)c2nn(-c3cccc(/N=N/c4c(O)ccc5ccccc45)c3)c(-c3ccccc3)c2C(=O)c2ccccc2)s1,7.85,active,Active,0.66910076,0.0,0.0,0.0,0.15937623,0.0,0.8138888,0.0,0.0,0.0,0.0,0.0,0.0,0.0,0.0,0.0,0.0,0.0,0.0,0.81291276,0.0,0.0,1.8427234,0.0,1.1565698,2.0560305,0.0,0.0,0.0,0.0,0.18187688,0.0,0.29437286,0.22354494,0.0,1.3692772,0.16206677,0.0,1.078193,0.0,0.9434554,0.845759,0.29850513,0.0,1.3689995,0.49595127,0.0,0.0,1.3933599,0.56660944,1.41491,0.0,0.2895395,0.0,0.0,0.0,0.0,1.6245428,0.0,0.0,0.0,0.0,0.21987788,0.577603,0.7473128,0.0,1.8474648,0.0,0.94285876,0.0,0.0,0.0,0.0,0.6709404,0.0,0.0,0.0,0.0,0.0,0.0,0.0,0.0,0.0,0.0,0.0,0.0,0.0,1.2421896,0.04804011,0.0,1.0696565,0.0,0.0,1.8401809,0.0,1.3032502,0.0,0.0,0.0,0.0,0.0,0.0,0.0,0.0,1.0229125,1.341381,0.0,0.0,0.0,0.0,1.2425565,0.87073106,1.3978077,0.0,0.0,0.5022001,0.0,2.0509913,0.0,0.0,0.4047481,0.067052126,0.0,0.0,0.0,0.0,0.0,0.0,0.4944748107380073,0.3023410814301517,0.4782608695652174,0.30434782608695654
NS(=O)(=O)c1nnc(NC(=O)c2nn(-c3cccc(/N=N/c4ccc(O)cc4)c3)c(-c3ccccc3)c2C(=O)c2ccccc2)s1,CHEMBL510182,NS(=O)(=O)c1nnc(NC(=O)c2nn(-c3cccc(/N=N/c4ccc(O)cc4)c3)c(-c3ccccc3)c2C(=O)c2ccccc2)s1,7.53,active,Active,0.6900903,0.0,0.0,0.0,0.024008427,0.0,0.66311914,0.0,0.0,0.0,0.0,0.0,0.0,0.0,0.0,0.0,0.0,0.0,0.0,0.7090459,0.0,0.0,1.8188635,0.0,0.9022839,1.9937376,0.0,0.0,0.0,0.0,0.026875306,0.0,0.304161,0.064273916,0.0,1.3579608,0.03401074,0.0,0.77505726,0.0,0.7939718,0.8654518,0.16935113,0.0,1.4117173,0.5622352,0.0,0.0,1.376132,0.31961492,1.4017096,0.0,0.15047538,0.0,0.0,0.0,0.0,1.610588,0.0,0.0,0.0,0.0,0.09389742,0.46467265,0.79917705,0.0,1.8285398,0.0,0.70518,0.0,0.0,0.0,0.0,0.44426292,0.0,0.0,0.0,0.0,0.0,0.0,0.0,0.0,0.0,0.0,0.0,0.0,0.0,1.2387229,0.0,0.0,1.0822586,0.0,0.0,1.8214821,0.0,1.291742,0.0,0.0,0.0,0.0,0.0,0.0,0.0,0.0,0.8133401,1.3370789,0.0,0.0,0.0,0.0,1.2517024,0.88140905,1.4096781,0.0,0.0,0.30456206,0.0,2.0039773,0.0,0.0,0.1833522,0.0,0.0,0.0,0.0,0.0,0.0,0.0,0.5100062482697506,0.31657079423706397,0.5,0.30434782608695654
NS(=O)(=O)c1nnc(NC(=O)c2nn(-c3cccc(I)c3)c(-c3ccccc3)c2C(=O)c2ccccc2)s1,CHEMBL513820,NS(=O)(=O)c1nnc(NC(=O)c2nn(-c3cccc(I)c3)c(-c3ccccc3)c2C(=O)c2ccccc2)s1,6.665,medium,Medium,0.32726815,0.0,0.0,0.0,0.3216712,0.0,0.0,0.0,0.0,0.0,0.0,0.0,0.0,0.0,0.0,0.0,0.0,0.0,0.0,0.0,0.0,0.0,1.2330148,0.0,0.0,1.1234661,0.0,0.0,0.0,0.0,0.50748944,0.0,0.16933556,0.63664234,0.0,0.85634226,0.30109438,0.0,0.0,0.0,0.0,0.49256644,0.20047538,0.0,1.4955657,0.7156595,0.0,0.0,0.8219449,0.0,0.7245228,0.0,0.0,0.0,0.0,0.0,0.0,1.0328423,0.0,0.0,0.0,0.0,0.18004958,0.3260757,0.67504656,0.0,1.1616284,0.0,0.0,0.0,0.0,0.0,0.0,0.0,0.0,0.0,0.0,0.0,0.0,0.0,0.0,0.15957764,0.0,0.0,0.0,0.0,0.0,0.5997885,0.0,0.0,0.43858957,0.0,0.077925295,1.3561519,0.0,0.7691539,0.0,0.0,0.0,0.0,0.0,0.0,0.0,0.0,0.0,0.7554432,0.0,0.2688133,0.0,0.0,0.91989946,0.3859105,0.8364298,0.0,0.0,0.4634126,0.0,1.240773,0.0,0.0,0.0,0.046342805,0.0,0.0,0.26899484,0.0,0.0,0.0,0.38178351118947473,0.5845805785144753,0.3913043478260869,0.5869565217391304
NS(=O)(=O)c1nnc(NC(=O)c2nn(-c3cccc(O)c3)c(-c3ccccc3)c2C(=O)c2ccccc2)s1,CHEMBL513659,NS(=O)(=O)c1nnc(NC(=O)c2nn(-c3cccc(O)c3)c(-c3ccccc3)c2C(=O)c2ccccc2)s1,7.29,active,Active,0.7169473,0.0,0.0,0.0,0.0,0.0,0.38248217,0.0,0.0,0.0,0.0,0.0,0.0,0.0,0.0,0.0,0.0,0.0,0.0,0.5283941,0.0,0.0,1.8664855,0.0,0.6141378,1.9757031,0.0,0.0,0.0,0.0,0.0,0.0,0.33986613,0.03893619,0.0,1.3956193,0.0,0.0,0.45582843,0.0,0.48617017,0.9280365,0.10133975,0.0,1.4895453,0.6565486,0.0,0.0,1.4106009,0.016993772,1.4559244,0.0,0.028418764,0.0,0.0,0.0,0.0,1.6427782,0.0,0.0,0.0,0.0,0.014392927,0.34555304,0.89715683,0.0,1.8971138,0.0,0.45595977,0.0,0.0,0.0,0.0,0.18093403,0.0,0.0,0.0,0.0,0.0,0.0,0.0,0.0,0.0,0.0,0.0,0.0,0.0,1.2878052,0.0,0.0,1.0772392,0.0,0.0,1.9143009,0.0,1.3342451,0.0,0.0,0.0,0.0,0.0,0.0,0.0,0.0,0.54265285,1.330254,0.0,0.0,0.0,0.0,1.2993246,0.9074452,1.4520764,0.0,0.0,0.15677752,0.0,2.0409698,0.0,0.0,0.0,0.0,0.0,0.0,0.0,0.0,0.0,0.0,0.5227040426375729,0.3303736108602788,0.5,0.32608695652173914
N[C@@H]1[C@@H](O)[C@H](O)[C@@H](CO)O[C@H]1NC(=S)Nc1ccc(S(N)(=O)=O)cc1,CHEMBL4085325,N[C@@H]1[C@@H](O)[C@H](O)[C@@H](CO)O[C@H]1NC(=S)Nc1ccc(S(N)(=O)=O)cc1,6.69,medium,Medium,1.6039761,0.0,0.0,0.0,0.0,0.0,0.0,0.0,0.0,0.0,0.0,0.0,0.0,0.0,0.0,0.0,0.0,0.0,0.0,0.0,0.0,0.0,1.5873338,0.0,0.0,1.9433898,0.0,0.0,0.0,0.07018195,0.0,0.0,0.32223228,0.0,0.0,1.4409037,0.0,0.0,0.0,0.0,0.0,0.83104604,0.0,0.0,2.0444872,1.8636386,0.0,0.0,1.0155579,0.0,0.613118,0.0,0.0,0.0,0.002928324,0.0,0.0,1.6380974,0.0,0.0,0.0,0.0,0.0,0.0,1.044086,0.0,1.7054025,0.0,0.0,0.0,0.0,0.0,0.0,0.0,0.0,0.0,0.0,0.0,0.0,0.0,0.0,0.07716817,0.0,0.0,0.0,0.0,0.0,1.0011206,0.0,0.0,1.0061744,0.0,0.0,1.3029752,0.0,0.77762526,0.0,0.0,0.0,0.0,0.0,0.0,0.0,0.0,0.0,1.6514983,0.0,0.0,0.0,0.0,1.8164724,1.8111879,1.8099623,0.0,0.0,0.0,0.030651946,2.1772845,0.0,0.10307629,0.0,0.0,0.0,0.0,0.0,0.0,0.0,0.0,0.8332492763771024,0.16753275926570865,0.8478260869565217,0.15217391304347827
Nc1[nH]c2cc(Cl)ccc2c(=O)c1-c1ccccc1,CHEMBL2019153,Nc1[nH]c2cc(Cl)ccc2c(=O)c1-c1ccccc1,5.19,inactive,Inactive,0.64725304,0.0,0.0,0.0,0.62103575,0.0,1.5607929,0.0,0.39873618,0.0,0.0,0.0,0.0,0.0,0.0,0.0,0.0,0.0,0.0,1.4651418,0.0,0.0,1.9228357,0.0,2.1800873,2.334464,0.0,0.0,0.0,0.3991684,0.678961,0.0,0.29325932,0.90642077,0.0,1.406315,0.5311299,0.0,2.3785853,0.0,1.5308596,0.8066716,0.6309482,0.0,1.1983864,0.21831274,0.0,0.0,1.4849527,1.5187587,1.5148847,0.0,0.73929334,0.0,0.0,0.0,0.0,1.6433625,0.0,0.0,0.0,0.0,0.7333437,0.90051615,0.5340797,0.0,1.914389,0.0,1.9161545,0.0,0.0,0.0,0.0,1.6678334,0.0,0.0,0.0,0.0,0.0,0.0,0.0,0.0,0.0,0.0,0.0,0.0,0.116603725,1.2585746,0.5759147,0.0,1.1088032,0.0,0.037672166,1.931546,0.0,1.464105,0.0,0.0,0.0,0.0,0.0,0.0,0.0,0.0,1.9384937,1.3514558,0.0,0.2134878,0.0,0.5160957,1.2157456,0.73875225,1.4185075,0.0,0.0,1.2091044,0.0,2.2940986,0.0,0.0,1.2964355,0.44590932,0.0,0.0,0.19191784,0.0,0.0,0.0,0.36889021712561276,0.13209965955647746,0.41304347826086957,0.10869565217391304
Nc1[nH]c2ccc(Cl)cc2c(=O)c1-c1ccccc1,CHEMBL2019152,Nc1[nH]c2ccc(Cl)cc2c(=O)c1-c1ccccc1,5.04,inactive,Inactive,0.64724684,0.0,0.0,0.0,0.61959624,0.0,1.5586959,0.0,0.3991855,0.0,0.0,0.0,0.0,0.0,0.0,0.0,0.0,0.0,0.0,1.4658946,0.0,0.0,1.9219878,0.0,2.176782,2.3327756,0.0,0.0,0.0,0.39663243,0.6754529,0.0,0.2939244,0.90483433,0.0,1.4048398,0.5296426,0.0,2.3747408,0.0,1.527938,0.8071488,0.62927496,0.0,1.198012,0.21911724,0.0,0.0,1.4846025,1.5149022,1.5147982,0.0,0.73773235,0.0,0.0,0.0,0.0,1.6423448,0.0,0.0,0.0,0.0,0.7338189,0.89712155,0.53569615,0.0,1.9148885,0.0,1.9131781,0.0,0.0,0.0,0.0,1.6652957,0.0,0.0,0.0,0.0,0.0,0.0,0.0,0.0,0.0,0.0,0.0,0.0,0.114187635,1.2581614,0.5744984,0.0,1.1072531,0.0,0.03563177,1.9317153,0.0,1.4647257,0.0,0.0,0.0,0.0,0.0,0.0,0.0,0.0,1.9363717,1.3496399,0.0,0.21102777,0.0,0.5149991,1.2151687,0.73819613,1.4185126,0.0,0.0,1.2072436,0.0,2.2941997,0.0,0.0,1.294218,0.44412148,0.0,0.0,0.19009432,0.0,0.0,0.0,0.36930060235574563,0.13289426936545562,0.3913043478260869,0.13043478260869565
Nc1cc(Cl)c(S(N)(=O)=O)cc1S(N)(=O)=O,CHEMBL266240,Nc1cc(Cl)c(S(N)(=O)=O)cc1S(N)(=O)=O,7.02,active,Active,0.49369106,0.0,0.0,0.0,0.0,0.0,0.0,0.0,0.0,0.0,0.0,0.0,0.0,0.0,0.0,0.0,0.0,0.0,0.0,0.0,0.0,0.0,1.3046314,0.0,0.0,0.1575627,0.0,0.0,0.0,0.0,0.3759138,0.0,0.5926589,0.15635462,0.0,0.5814511,0.0,0.0,0.0,0.0,0.0,1.0704134,0.0,0.0,2.2759087,1.9991878,0.0,0.0,0.94590193,0.0,0.94798464,0.0,0.0,0.0,0.22290283,0.0,0.0,1.0689242,0.0,0.0,0.0,0.0,0.0,0.0,1.475109,0.0,1.4552401,0.0,0.0,0.0,1.8440096,0.0,0.0,0.0,1.0902674,0.0,0.0,0.0,0.0,0.0,0.0,0.89414966,0.0,0.0,0.0,0.0,0.0,1.3212732,0.0,0.0,0.1527887,0.0,0.0,1.6172615,0.0,0.6611441,0.0,0.0,0.0,0.0,0.0,0.0,0.0,0.0,0.0,0.43960232,0.0,0.17998555,0.0,0.0,1.4012017,0.59319425,0.7644872,0.0,0.0,0.0,0.0,0.6964776,0.0,0.0,0.0,0.0,0.0,0.0,0.0,0.0,0.0,0.0,0.5318647246076869,0.729116262598673,0.5217391304347826,0.7391304347826086
Nc1cc(S(N)(=O)=O)ccc1S(=O)(=O)CCCO,CHEMBL105691,Nc1cc(S(N)(=O)=O)ccc1S(=O)(=O)CCCO,7.64,active,Active,0.4709114,0.0,0.0,0.0,0.0,0.0,0.0,0.0,0.0,0.0,0.0,0.0,0.0,0.0,0.0,0.0,0.0,0.0,0.0,0.0,0.0,0.0,1.2713298,0.0,0.0,0.6041048,0.0,0.0,0.0,0.0,0.0,0.0,0.37061372,0.0,0.0,0.75272983,0.0,0.0,0.0,0.0,0.0,0.90728384,0.0,0.0,1.8758428,1.4263585,0.0,0.0,0.870647,0.0,0.9096244,0.0,0.0,0.0,0.008368872,0.0,0.0,1.1269495,0.0,0.0,0.0,0.0,0.0,0.037651263,1.1648552,0.0,1.3884461,0.0,0.0,0.0,0.8992642,0.0,0.0,0.0,0.18586126,0.0,0.0,0.0,0.0,0.0,0.0,0.0,0.0,0.0,0.0,0.0,0.0,1.1175048,0.0,0.0,0.49754214,0.0,0.0,1.3598319,0.0,0.7174776,0.0,0.0,0.0,0.0,0.0,0.0,0.0,0.0,0.0,0.7107263,0.0,0.0,0.0,0.0,1.2081274,0.65862405,0.9360568,0.0,0.0,0.0,0.0,0.82064104,0.0,0.0,0.0,0.0,0.0,0.0,0.0,0.0,0.0,0.0,0.46909674815246344,0.6903212458390844,0.45652173913043476,0.6956521739130435
Nc1cc(S(N)(=O)=O)ccc1S(=O)(=O)CCO,CHEMBL104524,Nc1cc(S(N)(=O)=O)ccc1S(=O)(=O)CCO,7.29,active,Active,0.44222388,0.0,0.0,0.0,0.0,0.0,0.0,0.0,0.0,0.0,0.0,0.0,0.0,0.0,0.0,0.0,0.0,0.0,0.0,0.0,0.0,0.0,1.2634073,0.0,0.0,0.5594499,0.0,0.0,0.0,0.0,0.063896194,0.0,0.35668096,0.0,0.0,0.7297231,0.0,0.0,0.0,0.0,0.0,0.8486421,0.0,0.0,1.7793295,1.4638585,0.0,0.0,0.86803234,0.0,0.88108295,0.0,0.0,0.0,0.048435904,0.0,0.0,1.0802531,0.0,0.0,0.0,0.0,0.0,0.0,1.1339203,0.0,1.3748621,0.0,0.0,0.0,0.8638291,0.0,0.0,0.0,0.12466005,0.0,0.0,0.0,0.0,0.0,0.0,0.41453534,0.0,0.0,0.0,0.0,0.0,1.099049,0.0,0.0,0.34380856,0.0,0.0,1.3093766,0.0,0.6348143,0.0,0.0,0.0,0.0,0.0,0.0,0.0,0.0,0.0,0.66519916,0.0,0.0,0.0,0.0,1.1913533,0.7360621,0.82227165,0.0,0.0,0.0,0.0,0.8206227,0.0,0.0,0.0,0.0,0.0,0.0,0.0,0.0,0.0,0.0,0.464063854921798,0.6958830426289879,0.4782608695652174,0.717391304347826
Nc1ccc(-n2nc(C(=O)Nc3nnc(S(N)(=O)=O)s3)c(C(=O)c3ccccc3)c2-c2ccccc2)cc1,CHEMBL513141,Nc1ccc(-n2nc(C(=O)Nc3nnc(S(N)(=O)=O)s3)c(C(=O)c3ccccc3)c2-c2ccccc2)cc1,5.59,inactive,Inactive,0.71791005,0.0,0.0,0.0,0.0,0.0,0.31091198,0.0,0.0,0.0,0.0,0.0,0.0,0.0,0.0,0.0,0.0,0.0,0.0,0.48814306,0.0,0.0,1.8168888,0.0,0.55186325,1.921117,0.0,0.0,0.0,0.0,0.07238969,0.0,0.32591206,0.07114569,0.0,1.3862585,0.03123196,0.0,0.38550922,0.0,0.43067092,0.89843935,0.12313546,0.0,1.4788822,0.6603824,0.0,0.0,1.3615674,0.006974805,1.3810872,0.0,0.08261056,0.0,0.0,0.0,0.0,1.6156061,0.0,0.0,0.0,0.0,0.001802668,0.4167058,0.85218346,0.0,1.8061726,0.0,0.41618097,0.0,0.0,0.0,0.0,0.1287437,0.0,0.0,0.0,0.0,0.0,0.0,0.0,0.0,0.0,0.0,0.0,0.0,0.0,1.231201,0.0,0.0,1.0359247,0.0,0.0,1.8265505,0.0,1.2640889,0.0,0.0,0.0,0.0,0.0,0.0,0.0,0.0,0.47320312,1.3001908,0.0,0.0,0.0,0.0,1.264645,0.8832824,1.4156096,0.0,0.0,0.1253133,0.0,1.9639869,0.0,0.0,0.0,0.0,0.0,0.0,0.0,0.0,0.0,0.0,0.5207454812752669,0.3380944028872699,0.5217391304347826,0.3695652173913043
Nc1ccc(Nc2nnc(-c3cccc(S(N)(=O)=O)c3)c3ccccc23)cc1,CHEMBL2336902,Nc1ccc(Nc2nnc(-c3cccc(S(N)(=O)=O)c3)c3ccccc23)cc1,6.83,medium,Medium,0.3758456,0.0,0.0,0.0,1.0317073,0.0,0.030071925,0.0,0.0,0.0,0.0,0.0,0.0,0.0,0.0,0.0,0.0,0.0,0.0,0.10672756,0.0,0.0,1.5599896,0.0,1.0258346,1.6617872,0.0,0.0,0.0,0.0,1.509812,0.0,0.19324276,1.3032826,0.0,1.0113544,1.0395036,0.37770826,1.0033159,0.0,0.26340103,0.5231039,1.098286,0.0,1.0734892,0.37714538,0.0,0.0,1.1327938,0.76268786,1.0185513,0.0,1.021724,0.0,0.0,0.0,0.0,1.3196368,0.0,0.0,0.0,0.0,0.74075,1.1938801,0.3511663,0.0,1.4627011,0.0,0.87016344,0.0,0.0,0.0,0.0,0.6844479,0.0,0.0,0.0,0.0,0.0,0.0,0.0,0.39284712,0.0,0.0,0.0,0.0,0.0,0.9912042,0.4590756,0.0,0.53802186,0.0,0.6451343,1.376385,0.0,0.84879315,0.0,0.0,0.0,0.0,0.0,0.0,0.0,0.0,0.6249184,0.9847444,0.0,1.1341674,0.0,0.8615045,0.97794074,0.6557248,0.8527574,0.0,0.0,1.3021787,0.0,1.6021637,0.0,0.0,0.22437024,0.95169705,0.0,0.0,1.0529974,0.0,0.0,0.0,0.009495623041251965,0.21476943761873374,0.021739130434782608,0.2608695652173913
Nc1ccc(S(N)(=O)=O)cc1,CHEMBL21,Nc1ccc(S(N)(=O)=O)cc1,6.1,medium,Medium,0.1592114,0.0,0.0,0.0,0.5719346,0.0,0.0,0.0,0.0,0.0,0.0,0.0,0.0,0.0,0.0,0.0,0.0,0.0,0.0,0.0,0.0,0.0,0.86644536,0.0,0.0,0.2664469,0.0,0.0,0.0,0.0,1.6187406,0.0,0.16660139,0.9266081,0.0,0.42173213,0.839839,0.7869211,0.0,0.0,0.0,0.3499786,0.6352712,0.0,1.3534209,1.0799456,0.0,0.0,0.49703145,0.0,0.29040292,0.0,0.36255637,0.0,0.0,0.0,0.0,0.76075274,0.0,0.0,0.0,0.0,0.0,0.8823042,0.48793638,0.0,0.7007362,0.0,0.0,0.0,0.21781445,0.0,0.0,0.0,0.0,0.0,0.0,0.0,0.0,0.0,0.0,1.2123834,0.0,0.0,0.0,0.0,0.0,0.6282478,0.0,0.0,0.0,0.0,0.8552351,0.6469868,0.0,0.038098767,0.0,0.0,0.0,0.0,0.0,0.0,0.0,0.0,0.0,0.35937926,0.0,1.3448077,0.0,0.16281337,0.7426582,0.44822124,0.22560821,0.0,0.0,0.0,0.0,0.29569864,0.0,0.0,0.0,0.71169776,0.0,0.0,1.1917183,0.0,0.0,0.0,0.24861236988348068,0.8732971536079479,0.2608695652173913,0.8695652173913043
Nc1ccc(S(N)(=O)=O)cc1Br,CHEMBL6724,Nc1ccc(S(N)(=O)=O)cc1Br,6.21,medium,Medium,0.38270923,0.0,0.0,0.0,0.058027253,0.0,0.0,0.0,0.0,0.0,0.0,0.0,0.0,0.0,0.0,0.0,0.0,0.0,0.0,0.0,0.0,0.0,0.98169506,0.0,0.0,0.09551717,0.0,0.0,0.0,0.0,0.60065085,0.0,0.41005185,0.5026137,0.0,0.48910522,0.114136994,0.0,0.0,0.0,0.0,0.69613916,0.0,0.0,2.0971375,1.7058418,0.0,0.0,0.68079937,0.0,0.53385735,0.0,0.0,0.0,0.09250151,0.0,0.0,0.797637,0.0,0.0,0.0,0.0,0.0,0.0,1.1461886,0.0,0.9197824,0.0,0.0,0.0,1.4975129,0.0,0.0,0.0,0.7551236,0.0,0.0,0.0,0.0,0.0,0.0,0.9607719,0.0,0.0,0.0,0.0,0.0,0.7926447,0.0,0.0,0.04109519,0.0,0.086288355,1.2238683,0.0,0.40277684,0.0,0.0,0.0,0.0,0.0,0.0,0.0,0.0,0.0,0.34867397,0.0,0.47795764,0.0,0.0,1.1381588,0.37482733,0.557809,0.0,0.0,0.0,0.0,0.49579751,0.0,0.0,0.0,0.0,0.0,0.0,0.2596959,0.0,0.0,0.0,0.4408480458835737,0.7251469366197706,0.41304347826086957,0.7391304347826086
Nc1ccc(S(N)(=O)=O)cc1Cl,CHEMBL7092,Nc1ccc(S(N)(=O)=O)cc1Cl,6.25,medium,Medium,0.41887718,0.0,0.0,0.0,0.13772036,0.0,0.0,0.0,0.0,0.0,0.0,0.0,0.0,0.0,0.0,0.0,0.0,0.0,0.0,0.0,0.0,0.0,1.2133594,0.0,0.0,0.5227006,0.0,0.0,0.0,0.0,0.6797096,0.0,0.4128972,0.4993748,0.0,0.6289458,0.23058476,0.0,0.0,0.0,0.0,0.7902994,0.0,0.0,1.7804203,1.3837912,0.0,0.0,0.8745836,0.0,0.8295556,0.0,0.0,0.0,0.07898355,0.0,0.0,1.0055205,0.0,0.0,0.0,0.0,0.0,0.0945438,1.003229,0.0,1.2483085,0.0,0.0,0.0,0.85151327,0.0,0.0,0.0,0.020568885,0.0,0.0,0.0,0.0,0.0,0.0,0.6777021,0.0,0.0,0.0,0.0,0.0,1.051702,0.0,0.0,0.24473226,0.0,0.13696137,1.34995,0.0,0.63232136,0.0,0.0,0.0,0.0,0.0,0.0,0.0,0.0,0.0,0.5372321,0.0,0.4285897,0.0,0.0,1.1482961,0.51655746,0.7065307,0.0,0.0,0.0,0.0,0.8394995,0.0,0.0,0.0,0.0,0.0,0.0,0.26301563,0.0,0.0,0.0,0.4467415097144041,0.7179122960194793,0.43478260869565216,0.7391304347826086
Nc1ccc(S(N)(=O)=O)cc1F,CHEMBL6853,Nc1ccc(S(N)(=O)=O)cc1F,5.52,inactive,Inactive,0.20207462,0.0,0.0,0.0,0.55898696,0.0,0.0,0.0,0.0,0.0,0.0,0.0,0.0,0.0,0.0,0.0,0.0,0.0,0.0,0.0,0.0,0.0,0.9924313,0.0,0.0,0.34185365,0.0,0.0,0.0,0.0,1.1424862,0.0,0.27974433,0.9100872,0.0,0.416539,0.63823634,0.22652322,0.0,0.0,0.0,0.5288137,0.3530767,0.0,1.4186392,1.1266321,0.0,0.0,0.66346407,0.0,0.5553049,0.0,0.0,0.0,0.02536378,0.0,0.0,0.79410005,0.0,0.0,0.0,0.0,0.0,0.3988707,0.72629905,0.0,0.9914781,0.0,0.0,0.0,0.5405812,0.0,0.0,0.0,0.0,0.0,0.0,0.0,0.0,0.0,0.0,1.0284982,0.0,0.0,0.0,0.0,0.0,0.78773457,0.0,0.0,0.0,0.0,0.49298945,1.0219098,0.0,0.37820852,0.0,0.0,0.0,0.0,0.0,0.0,0.0,0.0,0.0,0.31410712,0.0,0.9539107,0.0,0.014031392,0.88337785,0.37719777,0.40262625,0.0,0.0,0.0,0.0,0.61376756,0.0,0.0,0.0,0.4178542,0.0,0.0,0.79659784,0.0,0.0,0.0,0.27038165164240735,0.8348176479428744,0.30434782608695654,0.8043478260869565
Nc1ccc(S(N)(=O)=O)cc1I,CHEMBL268177,Nc1ccc(S(N)(=O)=O)cc1I,5.76,inactive,Inactive,0.0,0.0,0.0,0.0,0.8709741,0.0,0.0,0.0,0.0,0.0,0.0,0.0,0.0,0.0,0.0,0.0,0.0,0.0,0.0,0.0,0.0,0.0,0.0,0.0,0.0,0.0,0.0,0.0,0.0,0.0,1.9551158,0.0,0.11242196,1.6860992,0.0,0.0,0.9922381,0.47036424,0.0,0.0,0.0,0.0,0.21294053,0.0,1.8898242,1.6544213,0.0,0.0,0.0,0.0,0.0,0.0,0.0,0.0,0.0031126067,0.0,0.0,0.0,0.0,0.0,0.0,0.0,0.0,0.11756135,0.5908694,0.0,0.0,0.0,0.0,0.0,1.92736,0.0,0.0,0.0,1.8353608,0.0,0.0,0.0,0.0,0.0,0.0,2.2579997,0.0,0.0,0.0,0.0,0.0,0.0,0.0,0.0,0.0,0.0,1.0140086,0.2256469,0.0,0.0,0.0,0.0,0.0,0.0,0.0,0.0,0.0,0.0,0.0,0.0,0.0,1.8818556,0.0,0.0,0.44831166,0.0,0.0,0.0,0.0,0.0,0.0,0.0,0.0,0.0,0.0,0.46231514,0.0,0.0,1.6030453,0.0,0.0,0.0,0.1567570705124638,0.9354658347698191,0.10869565217391304,0.8913043478260869
Nc1ccc2cc(S(N)(=O)=O)oc2c1,CHEMBL355157,Nc1ccc2cc(S(N)(=O)=O)oc2c1,7.6,active,Active,0.6806849,0.0,0.0,0.0,0.62825936,0.0,0.0,0.0,0.0,0.0,0.0,0.0,0.0,0.0,0.0,0.0,0.0,0.0,0.0,0.0,0.0,0.0,1.8527313,0.0,0.0,1.4311775,0.0,0.0,0.0,0.0,0.84017587,0.0,0.55524856,0.9329336,0.0,1.1355305,0.56208193,0.0,0.0,0.0,0.0,1.0551027,0.35418552,0.0,1.7021914,1.1399703,0.0,0.0,1.4254601,0.0,1.4037895,0.0,0.048822135,0.0,0.108126365,0.0,0.0,1.5586958,0.0,0.0,0.0,0.0,0.060178697,0.3731265,1.0537943,0.0,1.915013,0.0,0.0,0.0,0.04006792,0.0,0.0,0.0,0.0,0.0,0.0,0.0,0.0,0.0,0.0,0.40657872,0.0,0.0,0.0,0.0,0.0,1.4814023,0.0,0.0,0.64426273,0.0,0.18607907,1.9530711,0.0,1.1537977,0.0,0.0,0.0,0.0,0.0,0.0,0.0,0.0,0.0,0.9549978,0.0,0.6473569,0.0,0.0,1.4477019,0.7640035,1.2050002,0.0,0.0,0.009050796,0.0,1.8073496,0.0,0.0,0.0,0.29641291,0.0,0.0,0.4460598,0.0,0.0,0.0,0.38563505173665974,0.8249956760747718,0.3913043478260869,0.8043478260869565
Nc1ccc2cc(S(N)(=O)=O)sc2c1,CHEMBL85910,Nc1ccc2cc(S(N)(=O)=O)sc2c1,8.0,active,Active,1.0006838,0.0,0.0,0.0,0.032969408,0.0,0.0,0.0,0.0,0.0,0.0,0.0,0.0,0.0,0.0,0.0,0.0,0.0,0.0,0.0,0.0,0.0,2.2509317,0.0,0.0,1.7977213,0.0,0.0,0.0,0.0,0.074329376,0.0,0.7478401,0.31181374,0.0,1.5762273,0.0,0.0,0.0,0.0,0.0,1.4671565,0.0,0.0,2.1604514,1.4245527,0.0,0.0,1.7862651,0.0,1.8672808,0.0,0.0,0.0,0.18524632,0.0,0.0,1.9244919,0.0,0.0,0.0,0.0,0.0,0.0,1.483516,0.0,2.36175,0.0,0.0,0.0,0.42511415,0.0,0.0,0.0,0.0,0.0,0.0,0.0,0.0,0.0,0.0,0.0,0.0,0.0,0.0,0.0,0.0,1.8375856,0.0,0.0,1.114361,0.0,0.0,2.4956443,0.0,1.617465,0.0,0.0,0.0,0.0,0.0,0.0,0.0,0.0,0.0,1.2879575,0.0,0.0,0.0,0.0,1.8141426,0.9600067,1.7315816,0.0,0.0,0.0,0.0,2.2454498,0.0,0.0,0.0,0.0,0.0,0.0,0.0,0.0,0.0,0.0,0.8151372682170172,0.6569631652888177,0.8043478260869565,0.6739130434782609
Nc1ccc2oc(S(N)(=O)=O)cc2c1,CHEMBL164126,Nc1ccc2oc(S(N)(=O)=O)cc2c1,8.05,active,Active,0.68107164,0.0,0.0,0.0,0.6307952,0.0,0.0,0.0,0.0,0.0,0.0,0.0,0.0,0.0,0.0,0.0,0.0,0.0,0.0,0.0,0.0,0.0,1.8549988,0.0,0.0,1.4345247,0.0,0.0,0.0,0.0,0.8458922,0.0,0.5543363,0.9360043,0.0,1.1382142,0.5643124,0.0,0.0,0.0,0.0,1.0548496,0.35684168,0.0,1.7033013,1.1389728,0.0,0.0,1.4269823,0.0,1.404747,0.0,0.051391914,0.0,0.1065327,0.0,0.0,1.5611836,0.0,0.0,0.0,0.0,0.059572287,0.37873715,1.0515802,0.0,1.9149907,0.0,0.0,0.0,0.035347663,0.0,0.0,0.0,0.0,0.0,0.0,0.0,0.0,0.0,0.0,0.4061281,0.0,0.0,0.0,0.0,0.0,1.4830378,0.0,0.0,0.6475107,0.0,0.18907791,1.9536982,0.0,1.1533784,0.0,0.0,0.0,0.0,0.0,0.0,0.0,0.0,0.0,0.95870006,0.0,0.65144724,0.0,0.0,1.449051,0.76521105,1.2055128,0.0,0.0,0.012740167,0.0,1.8077823,0.0,0.0,0.0,0.29921064,0.0,0.0,0.44878063,0.0,0.0,0.0,0.3823236660084968,0.828254456005811,0.3913043478260869,0.8478260869565217
Nc1cccc(-n2nc(C(=O)Nc3nnc(S(N)(=O)=O)s3)c(C(=O)c3ccccc3)c2-c2ccccc2)c1,CHEMBL513840,Nc1cccc(-n2nc(C(=O)Nc3nnc(S(N)(=O)=O)s3)c(C(=O)c3ccccc3)c2-c2ccccc2)c1,5.565,inactive,Inactive,0.7181113,0.0,0.0,0.0,0.0,0.0,0.31201065,0.0,0.0,0.0,0.0,0.0,0.0,0.0,0.0,0.0,0.0,0.0,0.0,0.4851555,0.0,0.0,1.8172354,0.0,0.5542236,1.9220791,0.0,0.0,0.0,0.0,0.071153395,0.0,0.32594594,0.07010931,0.0,1.3874685,0.031094348,0.0,0.39099407,0.0,0.43073398,0.89890575,0.122980356,0.0,1.4796814,0.659442,0.0,0.0,1.3610315,0.006292578,1.3827028,0.0,0.079284675,0.0,0.0,0.0,0.0,1.6168038,0.0,0.0,0.0,0.0,2.7362257e-05,0.41634125,0.85311174,0.0,1.8079857,0.0,0.41965634,0.0,0.0,0.0,0.0,0.12978236,0.0,0.0,0.0,0.0,0.0,0.0,0.0,0.0,0.0,0.0,0.0,0.0,0.0,1.2330577,0.0,0.0,1.0363249,0.0,0.0,1.8302102,0.0,1.265495,0.0,0.0,0.0,0.0,0.0,0.0,0.0,0.0,0.47404826,1.3000662,0.0,0.0,0.0,0.0,1.2653621,0.8837228,1.4171382,0.0,0.0,0.12325979,0.0,1.9650623,0.0,0.0,0.0,0.0,0.0,0.0,0.0,0.0,0.0,0.0,0.5220743973800942,0.3342913238611643,0.5217391304347826,0.34782608695652173
Nc1ccccc1S(N)(=O)=O,CHEMBL6705,Nc1ccccc1S(N)(=O)=O,5.58,inactive,Inactive,0.08535503,0.0,0.0,0.0,0.44454718,0.0,0.0,0.0,0.0,0.0,0.0,0.0,0.0,0.0,0.0,0.0,0.0,0.0,0.0,0.0,0.0,0.0,0.8517269,0.0,0.0,0.25008446,0.0,0.0,0.0,0.0,1.4914619,0.0,0.15624769,0.7803566,0.0,0.4243737,0.74536914,0.6983579,0.0,0.0,0.0,0.36370432,0.5436651,0.0,1.3548881,1.0556139,0.0,0.0,0.4851489,0.0,0.36188757,0.0,0.2777283,0.0,0.0,0.0,0.0,0.7321163,0.0,0.0,0.0,0.0,0.0,0.83099294,0.5495725,0.0,0.7477716,0.0,0.0,0.0,0.27380097,0.0,0.0,0.0,0.0,0.0,0.0,0.0,0.0,0.0,0.0,1.1235819,0.0,0.0,0.0,0.0,0.0,0.6369596,0.0,0.0,0.0,0.0,0.7600908,0.75373596,0.0,0.10448167,0.0,0.0,0.0,0.0,0.0,0.0,0.0,0.0,0.0,0.34390914,0.0,1.1893017,0.0,0.11470618,0.7080324,0.4419842,0.22283925,0.0,0.0,0.0,0.0,0.2783371,0.0,0.0,0.0,0.64914227,0.0,0.0,1.1087872,0.0,0.0,0.0,0.25447666338168756,0.8583984288020058,0.2826086956521739,0.8478260869565217
Nc1nccc(Nc2ccc(S(N)(=O)=O)cc2)n1,CHEMBL6633,Nc1nccc(Nc2ccc(S(N)(=O)=O)cc2)n1,7.05,active,Active,0.3179892,0.0,0.0,0.0,0.8743961,0.0,0.0,0.0,0.0,0.0,0.0,0.0,0.0,0.0,0.0,0.0,0.0,0.0,0.0,0.0,0.0,0.0,1.4166559,0.0,0.0,1.259527,0.0,0.0,0.0,0.0,1.3832061,0.0,0.21953735,1.1166204,0.0,0.8233203,0.8911127,0.35822052,0.0,0.0,0.0,0.52953297,0.8753453,0.0,1.1943752,0.63463026,0.0,0.0,1.0091741,0.0,0.90685636,0.0,0.62552845,0.0,0.0,0.0,0.0,1.1724882,0.0,0.0,0.0,0.0,0.39465076,0.9045205,0.49052548,0.0,1.368171,0.0,0.0,0.0,0.0,0.0,0.0,0.0,0.0,0.0,0.0,0.0,0.0,0.0,0.0,0.6270757,0.0,0.0,0.0,0.0,0.0,0.9937895,0.05359509,0.0,0.38848317,0.0,0.5940663,1.2928032,0.0,0.69981015,0.0,0.0,0.0,0.0,0.0,0.0,0.0,0.0,0.0,0.8229252,0.0,1.0766938,0.0,0.5570724,0.98813194,0.6380212,0.72274745,0.0,0.0,0.8144033,0.0,1.2964325,0.0,0.0,0.0,0.780426,0.0,0.0,0.96662664,0.0,0.0,0.0,0.30512578671316354,0.8599234113985471,0.32608695652173914,0.8695652173913043
Nc1nnc(S(N)(=O)=O)s1,CHEMBL265674,Nc1nnc(S(N)(=O)=O)s1,5.52,inactive,Inactive,0.8935169,0.0,0.0,0.0,0.0,0.0,0.0,0.0,0.0,0.0,0.0,0.0,0.0,0.0,0.0,0.0,0.0,0.0,0.0,0.0,0.0,0.0,1.9687152,0.0,0.0,0.96644133,0.0,0.0,0.0,0.0,0.0,0.0,0.87883145,0.0,0.0,1.3277655,0.0,0.0,0.0,0.0,0.0,1.5840933,0.0,0.0,2.4561622,1.9614038,0.0,0.0,1.5841378,0.0,1.765592,0.0,0.0,0.0,0.351394,0.0,0.0,1.6105918,0.0,0.0,0.0,0.0,0.0,0.0,1.9939562,0.0,2.218204,0.0,0.0,0.0,1.9141867,0.0,0.0,0.0,0.27546853,0.0,0.0,0.0,0.0,0.0,0.0,0.0,0.0,0.0,0.0,0.0,0.0,1.715569,0.0,0.0,0.8473516,0.0,0.0,2.545009,0.0,1.5449142,0.0,0.0,0.0,0.0,0.0,0.0,0.0,0.0,0.0,0.85505474,0.0,0.0,0.0,0.0,1.8227105,0.763605,1.5902157,0.0,0.0,0.0,0.0,1.7809391,0.0,0.037045307,0.0,0.0,0.0,0.0,0.0,0.0,0.0,0.0,0.8090630765296813,0.858638181791449,0.8043478260869565,0.8260869565217391
Nc1oc2cc(Cl)ccc2c(=O)c1-c1ccc(Cl)cc1,CHEMBL2019141,Nc1oc2cc(Cl)ccc2c(=O)c1-c1ccc(Cl)cc1,5.08,inactive,Inactive,0.7329205,0.0,0.0,0.0,0.5849256,0.0,1.1117777,0.0,0.11280395,0.0,0.0,0.0,0.0,0.0,0.0,0.0,0.0,0.0,0.0,1.1582438,0.0,0.0,1.9705306,0.0,1.5953447,2.2781239,0.0,0.0,0.0,0.0,0.44118235,0.0,0.37648672,0.8678973,0.0,1.3652709,0.3769589,0.0,1.7829626,0.0,0.97047305,0.91236633,0.41845268,0.0,1.3367102,0.37841693,0.0,0.0,1.5628226,0.91220313,1.5799632,0.0,0.4047443,0.0,0.0,0.0,0.0,1.6583165,0.0,0.0,0.0,0.0,0.6844393,0.55890715,0.67494166,0.0,1.9981108,0.0,1.3881125,0.0,0.0,0.0,0.0,1.244414,0.0,0.0,0.0,0.0,0.0,0.0,0.0,0.0,0.0,0.0,0.0,0.0,0.0,1.3496453,0.4554769,0.0,1.1634184,0.0,0.0,2.0200467,0.0,1.5513453,0.0,0.0,0.0,0.0,0.0,0.0,0.0,0.0,1.4590341,1.3370104,0.0,0.043252364,0.0,0.2877464,1.345851,0.72537184,1.4900995,0.0,0.0,1.0489999,0.0,2.3645604,0.0,0.0,0.66815996,0.21761942,0.0,0.0,0.0,0.0,0.0,0.0,0.3748392884439413,0.13912511738099062,0.41304347826086957,0.13043478260869565
Nc1oc2cc(Cl)ccc2c(=O)c1-c1ccccc1,CHEMBL2019138,Nc1oc2cc(Cl)ccc2c(=O)c1-c1ccccc1,5.17,inactive,Inactive,0.6498444,0.0,0.0,0.0,0.61151433,0.0,1.552588,0.0,0.40796658,0.0,0.0,0.0,0.0,0.0,0.0,0.0,0.0,0.0,0.0,1.4854255,0.0,0.0,1.9237204,0.0,2.144367,2.3199117,0.0,0.0,0.0,0.35231078,0.61380684,0.0,0.30848005,0.89154094,0.0,1.3850911,0.5058767,0.0,2.340849,0.0,1.49714,0.824898,0.5995442,0.0,1.1921589,0.22864553,0.0,0.0,1.4958589,1.4694047,1.5331544,0.0,0.7050542,0.0,0.0,0.0,0.0,1.6361666,0.0,0.0,0.0,0.0,0.7460859,0.8344263,0.56574553,0.0,1.9418122,0.0,1.8827056,0.0,0.0,0.0,0.0,1.6439767,0.0,0.0,0.0,0.0,0.0,0.0,0.0,0.0,0.0,0.0,0.0,0.0,0.07927579,1.2693406,0.56744295,0.0,1.1001318,0.0,0.0,1.9507303,0.0,1.4889214,0.0,0.0,0.0,0.0,0.0,0.0,0.0,0.0,1.9185553,1.3306565,0.0,0.16965806,0.0,0.4955487,1.2179935,0.73151803,1.425856,0.0,0.0,1.192848,0.0,2.3126552,0.0,0.0,1.2636845,0.4102651,0.0,0.0,0.14844748,0.0,0.0,0.0,0.36811623472361443,0.13142980187806447,0.3695652173913043,0.13043478260869565
Nc1oc2ccc(Cl)cc2c(=O)c1-c1ccc(Cl)cc1,CHEMBL2019140,Nc1oc2ccc(Cl)cc2c(=O)c1-c1ccc(Cl)cc1,5.44,inactive,Inactive,0.7327343,0.0,0.0,0.0,0.58593833,0.0,1.1132833,0.0,0.112302646,0.0,0.0,0.0,0.0,0.0,0.0,0.0,0.0,0.0,0.0,1.1571512,0.0,0.0,1.9709121,0.0,1.597957,2.2792368,0.0,0.0,0.0,0.0,0.4443785,0.0,0.37575904,0.8690459,0.0,1.3664595,0.37824336,0.0,1.7860739,0.0,0.9728514,0.91168827,0.41995358,0.0,1.3369696,0.37761825,0.0,0.0,1.5627599,0.91534615,1.5797416,0.0,0.40607306,0.0,0.0,0.0,0.0,1.6589353,0.0,0.0,0.0,0.0,0.6837482,0.5621079,0.6733789,0.0,1.9972539,0.0,1.3905389,0.0,0.0,0.0,0.0,1.2463666,0.0,0.0,0.0,0.0,0.0,0.0,0.0,0.0,0.0,0.0,0.0,0.0,0.0,1.3497523,0.45648536,0.0,1.1645521,0.0,0.0,2.0196228,0.0,1.5505116,0.0,0.0,0.0,0.0,0.0,0.0,0.0,0.0,1.4605304,1.3384583,0.0,0.04543012,0.0,0.28875038,1.3460759,0.7257697,1.4898766,0.0,0.0,1.050334,0.0,2.3639767,0.0,0.0,0.6700495,0.219352,0.0,0.0,0.0,0.0,0.0,0.0,0.3785251688336023,0.14275534554053487,0.41304347826086957,0.15217391304347827
Nc1oc2ccc(Cl)cc2c(=O)c1-c1ccccc1,CHEMBL2019137,Nc1oc2ccc(Cl)cc2c(=O)c1-c1ccccc1,4.44,inactive,Inactive,0.6496483,0.0,0.0,0.0,0.61258054,0.0,1.5541726,0.0,0.40743884,0.0,0.0,0.0,0.0,0.0,0.0,0.0,0.0,0.0,0.0,1.4842755,0.0,0.0,1.9241223,0.0,2.1471174,2.3210835,0.0,0.0,0.0,0.35465935,0.61717147,0.0,0.30771405,0.89275026,0.0,1.3863423,0.50722873,0.0,2.3441248,0.0,1.4996439,0.82418424,0.6011241,0.0,1.1924323,0.22780481,0.0,0.0,1.4957929,1.4727134,1.5329212,0.0,0.7064529,0.0,0.0,0.0,0.0,1.6368182,0.0,0.0,0.0,0.0,0.7453585,0.83779544,0.56410044,0.0,1.9409106,0.0,1.8852599,0.0,0.0,0.0,0.0,1.6460323,0.0,0.0,0.0,0.0,0.0,0.0,0.0,0.0,0.0,0.0,0.0,0.0,0.08152787,1.2694534,0.5685046,0.0,1.1013252,0.0,0.0,1.9502842,0.0,1.4880439,0.0,0.0,0.0,0.0,0.0,0.0,0.0,0.0,1.9201303,1.3321807,0.0,0.17195061,0.0,0.49660555,1.2182301,0.7319368,1.425621,0.0,0.0,1.1942525,0.0,2.3120413,0.0,0.0,1.2656735,0.41208905,0.0,0.0,0.15035379,0.0,0.0,0.0,0.37098259853352333,0.13487138469525495,0.3695652173913043,0.15217391304347827
Nc1oc2ccccc2c(=O)c1-c1ccc(Cl)cc1,CHEMBL2019139,Nc1oc2ccccc2c(=O)c1-c1ccc(Cl)cc1,5.06,inactive,Inactive,0.601892,0.0,0.0,0.0,0.69396454,0.0,1.5198915,0.0,0.36192712,0.0,0.0,0.0,0.0,0.0,0.0,0.0,0.0,0.0,0.0,1.3856308,0.0,0.0,1.861019,0.0,2.2085614,2.2830331,0.0,0.0,0.0,0.48533547,0.8104023,0.0,0.24820143,0.9613891,0.0,1.3604841,0.6003766,0.0,2.3873599,0.0029693618,1.5556083,0.7302819,0.7298936,0.0,1.1382184,0.1727511,0.0,0.0,1.4265419,1.6061743,1.4198688,0.0,0.8196428,0.0,0.0,0.0,0.0,1.5912507,0.0,0.0,0.0,0.0,0.7693113,0.97249377,0.44345963,0.0,1.805707,0.0,1.9320143,0.0,0.0,0.0,0.0,1.7092338,0.0,0.0,0.0,0.0,0.0,0.0,0.0,0.0,0.0,0.0,0.0,0.0,0.2224488,1.1838856,0.6543688,0.0,1.0699064,0.0,0.13204618,1.7810768,0.0,1.356744,0.0,0.0,0.0,0.0,0.0,0.0,0.0,0.0,1.9495802,1.331955,0.0,0.34849608,0.0,0.58552706,1.1656669,0.726155,1.3215292,0.0,0.0,1.3176703,0.0,2.18465,0.0,0.0,1.31939,0.52346385,0.0,0.0,0.30002874,0.0,0.0,0.0,0.36983262808424666,0.13397417078725196,0.34782608695652173,0.17391304347826086
Nc1oc2ccccc2c(=O)c1-c1ccccc1,CHEMBL2019136,Nc1oc2ccccc2c(=O)c1-c1ccccc1,5.03,inactive,Inactive,0.5069214,0.0,0.0,0.0,0.72808826,0.0,2.0078642,0.0,0.68732774,0.0,0.0,0.0,0.0,0.0,0.0,0.0,0.0,0.0,0.0,1.7436218,0.0,0.0,1.8055245,0.0,2.8221526,2.3274155,0.0,0.0,0.0,0.93862444,1.0131296,0.051203396,0.16928956,0.9915401,0.0,1.3811388,0.74886835,0.006928727,3.0098188,0.5790189,2.1440423,0.6278383,0.9383478,0.0,0.9746096,0.0032332502,0.0,0.0,1.3482867,2.2328863,1.3615652,0.0,1.1596863,0.0,0.0,0.0,0.0,1.5641445,0.0,0.0,0.0,0.0,0.83909786,1.2862966,0.31533676,0.0,1.7355913,0.0,2.4843016,0.0,0.0,0.0,0.0,2.1568172,0.0,0.0,0.0,0.0,0.0,0.0,0.0,0.0,0.0,0.0,0.0,0.0,0.7328296,1.0899103,0.7836047,0.0,0.9979091,0.0,0.29354307,1.6946332,0.0,1.280041,0.0,0.0,0.0,0.0,0.0,0.0,0.0,0.0,2.4618826,1.3249675,0.0,0.49888253,0.0,0.82141715,1.0206962,0.7326857,1.2443508,0.0,0.0,1.4844362,0.0,2.1198664,0.0,0.0,1.9841788,0.74380374,0.0,0.0,0.5349304,0.0,0.0,0.0,0.34700621234396056,0.11592925649216179,0.32608695652173914,0.13043478260869565
O.O=P(O)(O)C(O)(Cn1ccnc1)P(=O)(O)O,CHEMBL4303669,O.O=P(O)(O)C(O)(Cn1ccnc1)P(=O)(O)O,7.21,active,Active,0.0,0.0,0.0,0.0,1.596885,0.0,0.0,0.0,0.0,0.0,0.0,0.0,0.0,0.0,0.0,0.0,0.0,0.0,0.0,0.0,0.0,0.0,0.0,0.0,0.0,0.0,0.0,0.0,0.0,0.0,3.20373,0.0,0.0,2.5269587,0.0,0.0,1.6709979,1.1137155,0.0,0.0,0.0,0.0,0.9659954,0.0,1.5380902,1.6020074,0.0,0.0,0.0,0.0,0.0,0.0,0.0,0.0,0.0,0.0,0.0,0.0,0.0,0.0,0.0,0.0,0.27312517,0.9186845,0.0,0.0,0.0,0.0,0.0,0.0,1.578257,0.0,0.0,0.0,2.4276211,0.0,0.0,0.0,0.0,0.0,0.0,3.5071921,0.0,0.0,0.0,0.0,0.0,0.0,0.0,0.0,0.0,0.0,1.740981,0.0,0.0,0.0,0.0,0.0,0.0,0.0,0.0,0.0,0.0,0.0,0.0,0.0,0.0,2.7100523,0.0,0.86730736,0.0,0.0,0.0,0.0,0.0,0.1602123,0.0,0.0,0.0,0.0,0.0,1.3224858,0.0,0.0,2.53256,0.0,0.0,0.0,0.15936850914311357,0.9572423027093223,0.10869565217391304,1.0
O=C(/C=C/c1cn(S(=O)(=O)c2ccc(Cl)cc2)c2ccccc12)c1ccncc1,CHEMBL4169670,O=C(/C=C/c1cn(S(=O)(=O)c2ccc(Cl)cc2)c2ccccc12)c1ccncc1,4.87,inactive,Inactive,0.5495515,0.0,0.0,0.0,0.5055497,0.0,0.2714364,0.0,0.0,0.0,0.0,0.0,0.0,0.0,0.0,0.0,0.0,0.0,0.0,0.27173585,0.0,0.0,1.7748114,0.0,0.8278092,1.8671328,0.0,0.0,0.0,0.0,0.6562812,0.0,0.26877782,0.66487783,0.0,1.2157813,0.4784152,0.0,0.7415064,0.0,0.37603128,0.7737484,0.53108096,0.0,1.3110855,0.50770026,0.0,0.0,1.332407,0.3517687,1.3221815,0.0,0.43698752,0.0,0.0,0.0,0.0,1.5207244,0.0,0.0,0.0,0.0,0.3321548,0.6836142,0.64930326,0.0,1.7664324,0.0,0.6491702,0.0,0.0,0.0,0.0,0.43385112,0.0,0.0,0.0,0.0,0.0,0.0,0.0,0.0,0.0,0.0,0.0,0.0,0.0,1.22328,0.12661678,0.0,0.886193,0.0,0.11299178,1.7180083,0.0,1.1639042,0.0,0.0,0.0,0.0,0.0,0.0,0.0,0.0,0.5697695,1.1892682,0.0,0.32321376,0.0,0.21865624,1.2166876,0.7780083,1.2014297,0.0,0.0,0.7186277,0.0,1.8764325,0.0,0.0,0.0,0.35161978,0.0,0.0,0.26293942,0.0,0.0,0.0,0.44919535387959786,0.2603455247057767,0.43478260869565216,0.2826086956521739
O=C(/C=C/c1cn(S(=O)(=O)c2ccc(Cl)cc2Cl)c2ccccc12)c1ccncc1,CHEMBL4160867,O=C(/C=C/c1cn(S(=O)(=O)c2ccc(Cl)cc2Cl)c2ccccc12)c1ccncc1,5.04,inactive,Inactive,0.6711341,0.0,0.0,0.0,0.2909619,0.0,0.019588638,0.0,0.0,0.0,0.0,0.0,0.0,0.0,0.0,0.0,0.0,0.0,0.0,0.17581809,0.0,0.0,1.8823667,0.0,0.32230368,1.9094951,0.0,0.0,0.0,0.0,0.30313334,0.0,0.3750484,0.48281723,0.0,1.3064333,0.22511329,0.0,0.22257257,0.0,0.0,0.9479132,0.20276092,0.0,1.5178428,0.67939717,0.0,0.0,1.4511111,0.0,1.4897319,0.0,0.08316432,0.0,0.0,0.0,0.0,1.6082567,0.0,0.0,0.0,0.0,0.14645231,0.38536006,0.86200756,0.0,1.927692,0.0,0.22801423,0.0,0.0,0.0,0.0,0.017733552,0.0,0.0,0.0,0.0,0.0,0.0,0.0,0.0,0.0,0.0,0.0,0.0,0.0,1.3607417,0.0,0.0,1.0171045,0.0,0.0,1.9584501,0.0,1.3561398,0.0,0.0,0.0,0.0,0.0,0.0,0.0,0.0,0.16994543,1.2394303,0.0,0.0,0.0,0.0,1.3675766,0.78870696,1.3835013,0.0,0.0,0.33602014,0.0,2.036915,0.0,0.0,0.0,0.045868665,0.0,0.0,0.0,0.0,0.0,0.0,0.5653249910361632,0.4530437595446975,0.5652173913043478,0.43478260869565216
O=C(/C=C/c1cn(S(=O)(=O)c2ccc([N+](=O)[O-])cc2)c2ccccc12)c1ccncc1,CHEMBL4174859,O=C(/C=C/c1cn(S(=O)(=O)c2ccc([N+](=O)[O-])cc2)c2ccccc12)c1ccncc1,4.85,inactive,Inactive,0.39607018,0.0,0.0,0.0,0.5187389,0.0,0.4758184,0.0,0.0,0.0,0.0,0.0,0.0,0.0,0.0,0.0,0.0,0.0,0.0,0.36672166,0.0,0.0,1.5680088,0.0,0.98249805,1.6804132,0.0,0.0,0.0,0.0,0.655989,0.0,0.15331735,0.6624818,0.0,1.068032,0.5047244,0.0,0.876113,0.0,0.6871526,0.58042794,0.5928053,0.0,1.1133778,0.33824688,0.0,0.0,1.1127142,0.5242234,1.0832752,0.0,0.55798984,0.0,0.0,0.0,0.0,1.3306677,0.0,0.0,0.0,0.0,0.4141221,0.7887062,0.4768409,0.0,1.5222782,0.0,0.689569,0.0,0.0,0.0,0.0,0.5806398,0.0,0.0,0.0,0.0,0.0,0.0,0.0,0.0,0.0,0.0,0.0,0.0,0.0,0.95256287,0.22808886,0.0,0.7311334,0.0,0.18457465,1.4349661,0.0,0.98544484,0.0,0.0,0.0,0.0,0.0,0.0,0.0,0.0,0.75570667,1.0397173,0.0,0.33505377,0.0,0.32373303,1.0059783,0.6391232,1.0147171,0.0,0.0,0.8976039,0.0,1.6529351,0.0,0.0,0.1672594,0.38696885,0.0,0.0,0.33367902,0.0,0.0,0.0,0.4434778277999398,0.25346363739712097,0.45652173913043476,0.2391304347826087
O=C(/C=C/c1cn(S(=O)(=O)c2cccc([N+](=O)[O-])c2)c2ccccc12)c1ccncc1,CHEMBL4166636,O=C(/C=C/c1cn(S(=O)(=O)c2cccc([N+](=O)[O-])c2)c2ccccc12)c1ccncc1,4.61,inactive,Inactive,0.42136225,0.0,0.0,0.0,0.48618105,0.0,0.50395536,0.0,0.0,0.0,0.0,0.0,0.0,0.0,0.0,0.0,0.0,0.0,0.0,0.40044183,0.0,0.0,1.605419,0.0,0.98745793,1.7228858,0.0,0.0,0.0,0.0,0.6133375,0.0,0.17075528,0.6281151,0.0,1.1056031,0.47107628,0.0,0.87875193,0.0,0.69340336,0.61580634,0.5569987,0.0,1.1459295,0.3580232,0.0,0.0,1.1482555,0.50752735,1.1290535,0.0,0.52869,0.0,0.0,0.0,0.0,1.3644074,0.0,0.0,0.0,0.0,0.3816579,0.7699626,0.50780874,0.0,1.5651058,0.0,0.6994848,0.0,0.0,0.0,0.0,0.57664883,0.0,0.0,0.0,0.0,0.0,0.0,0.0,0.0,0.0,0.0,0.0,0.0,0.0,0.9898879,0.1970014,0.0,0.76746255,0.0,0.14721352,1.4896523,0.0,1.0287766,0.0,0.0,0.0,0.0,0.0,0.0,0.0,0.0,0.76372993,1.0702255,0.0,0.2810904,0.0,0.283719,1.0398809,0.65674734,1.0566925,0.0,0.0,0.8374794,0.0,1.7007792,0.0,0.0,0.16582394,0.35434622,0.0,0.0,0.28509483,0.0,0.0,0.0,0.4459117789394566,0.2556069419935382,0.45652173913043476,0.2608695652173913
O=C(/C=C/c1cn(S(=O)(=O)c2cccc3ccccc23)c2ccccc12)c1ccncc1,CHEMBL4169120,O=C(/C=C/c1cn(S(=O)(=O)c2cccc3ccccc23)c2ccccc12)c1ccncc1,4.19,inactive,Inactive,0.5353843,0.0,0.0,0.0,0.6831135,0.0,0.8777705,0.0,0.0,0.0,0.0,0.0,0.0,0.0,0.0,0.0,0.0,0.0,0.0,0.72795755,0.0,0.0,1.8772302,0.0,1.6015,2.0916626,0.0,0.0,0.0,0.0,0.90535414,0.0,0.24100485,0.8489712,0.0,1.3295085,0.6735811,0.0,1.5699592,0.0,1.0202655,0.7554195,0.77788705,0.0,1.2220625,0.35314274,0.0,0.0,1.4043326,1.0990613,1.3914982,0.0,0.78600574,0.0,0.0,0.0,0.0,1.6151564,0.0,0.0,0.0,0.0,0.52484417,0.9785,0.5435698,0.0,1.8382652,0.0,1.3408407,0.0,0.0,0.0,0.0,1.055588,0.0,0.0,0.0,0.0,0.0,0.0,0.0,0.0,0.0,0.0,0.0,0.0,0.0,1.2475802,0.38311484,0.0,0.9383175,0.0,0.2557951,1.7618437,0.0,1.2094522,0.0,0.0,0.0,0.0,0.0,0.0,0.0,0.0,1.2421561,1.2888494,0.0,0.52021,0.0,0.48555169,1.2049702,0.814287,1.226629,0.0,0.0,1.0622919,0.0,2.0218847,0.0,0.0,0.6864807,0.57769287,0.0,0.0,0.4717657,0.0,0.0,0.0,0.38037610779991166,0.14928499873316536,0.3913043478260869,0.17391304347826086
O=C(/C=C/c1cn(S(=O)(=O)c2ccccc2[N+](=O)[O-])c2ccccc12)c1ccncc1,CHEMBL4167235,O=C(/C=C/c1cn(S(=O)(=O)c2ccccc2[N+](=O)[O-])c2ccccc12)c1ccncc1,4.44,inactive,Inactive,0.4982001,0.0,0.0,0.0,0.31628132,0.0,0.56826,0.0,0.0,0.0,0.0,0.0,0.0,0.0,0.0,0.0,0.0,0.0,0.0,0.46694016,0.0,0.0,1.6624719,0.0,0.9678674,1.7926624,0.0,0.0,0.0,0.0,0.42241412,0.0,0.20623943,0.41760445,0.0,1.1638327,0.34964648,0.0,0.8425498,0.0,0.73773724,0.69132566,0.43992662,0.0,1.2287942,0.42494342,0.0,0.0,1.2147417,0.46449602,1.2081292,0.0,0.4308356,0.0,0.0,0.0,0.0,1.4465657,0.0,0.0,0.0,0.0,0.25701118,0.7105528,0.5987032,0.0,1.6503837,0.0,0.7108847,0.0,0.0,0.0,0.0,0.51841736,0.0,0.0,0.0,0.0,0.0,0.0,0.0,0.0,0.0,0.0,0.0,0.0,0.0,1.0948534,0.093557395,0.0,0.85472953,0.0,0.037310828,1.5940007,0.0,1.0921704,0.0,0.0,0.0,0.0,0.0,0.0,0.0,0.0,0.7505489,1.1507893,0.0,0.10179405,0.0,0.13210732,1.1099967,0.74086237,1.1613492,0.0,0.0,0.6355126,0.0,1.7713578,0.0,0.0,0.17494112,0.24335548,0.0,0.0,0.12399739,0.0,0.0,0.0,0.4562421623662557,0.26627905123273843,0.45652173913043476,0.2826086956521739
O=C(CSC(=S)NN1CCCCC1)NCc1ccc2c(c1)OCO2,CHEMBL4089189,O=C(CSC(=S)NN1CCCCC1)NCc1ccc2c(c1)OCO2,9.19,active,Active,0.707209,0.0,0.0,0.522177,0.0,0.0,0.0,0.0,0.0,0.0,0.0,0.0,0.0,0.0,0.0,0.0,0.0,0.0,0.0,0.0,0.0,0.0,0.5558618,0.0,0.0,0.7657502,0.0,0.0,0.0,0.0,0.0,0.0,0.0,0.0,0.0,0.14345933,0.0,0.0,0.0,0.0,0.0,0.19051611,0.0,0.0,1.6849587,1.1443456,0.0,0.0,0.2979482,0.0,0.0,0.0,0.0,0.0,0.0,0.0,0.0,0.6675739,0.0,0.0,0.0,0.0,0.0,0.6964407,0.21743925,0.0,0.6265652,0.0,0.0,0.0,0.0,0.0,0.0,0.0,0.0,0.0,0.0,0.0,0.0,0.0,0.0,0.0,0.0,0.0,0.0,0.0,0.0,0.3036657,0.0,0.0,0.5076119,0.0,0.0,0.064541966,0.0,0.0,0.0,0.0,0.0,0.0,0.0,0.0,0.0,0.0,0.0,0.69536555,0.0,0.0,0.0,0.0,1.252637,0.7979563,0.7844494,0.0,0.0,0.0,0.0,0.7195426,0.0,0.0,0.0,0.0,0.0,0.0,0.0,0.0,0.0,0.0,0.26315969436310266,0.6193315818455706,0.2391304347826087,0.6086956521739131
O=C(CSC(=S)NN1CCN(c2ccc([N+](=O)[O-])cc2)CC1)NCc1ccc2c(c1)OCO2,CHEMBL4090426,O=C(CSC(=S)NN1CCN(c2ccc([N+](=O)[O-])cc2)CC1)NCc1ccc2c(c1)OCO2,9.1,active,Active,0.4941865,0.0,0.0,0.0,0.0,0.0,0.0,0.0,0.0,0.0,0.0,0.0,0.0,0.0,0.0,0.0,0.0,0.0,0.0,0.0,0.0,0.0,0.60088426,0.0,0.0,0.88204306,0.0,0.0,0.0,0.0,0.0,0.0,0.0,0.0,0.0,0.3055638,0.0,0.0,0.0,0.0,0.0,0.033901162,0.0,0.0,1.2182717,0.72264284,0.0,0.0,0.2994537,0.0,0.0,0.0,0.0,0.0,0.0,0.0,0.0,0.62932605,0.0,0.0,0.0,0.0,0.0,0.65158343,0.102011144,0.0,0.5621113,0.0,0.0,0.0,0.0,0.0,0.0,0.0,0.0,0.0,0.0,0.0,0.0,0.0,0.0,0.0,0.0,0.0,0.0,0.0,0.0,0.1708912,0.0,0.0,0.37043422,0.0,0.0,0.22466432,0.0,0.072191216,0.0,0.0,0.0,0.0,0.0,0.0,0.0,0.0,0.0,0.6938502,0.0,0.0,0.0,0.0,0.8712855,0.6406344,0.6033887,0.0,0.0,0.0,0.0,0.80385596,0.0,0.0,0.0,0.0,0.0,0.0,0.0,0.0,0.0,0.0,0.2726266859585811,0.6510987052701714,0.2608695652173913,0.6521739130434783
O=C(CSC(=S)NN1CCN(c2ncccn2)CC1)NCc1ccc2c(c1)OCO2,CHEMBL4069396,O=C(CSC(=S)NN1CCN(c2ncccn2)CC1)NCc1ccc2c(c1)OCO2,9.07,active,Active,0.68417704,0.0,0.0,0.0,0.0,0.0,0.0,0.0,0.0,0.0,0.0,0.0,0.0,0.0,0.0,0.0,0.0,0.0,0.0,0.0,0.0,0.0,0.86916333,0.0,0.0,1.1733967,0.0,0.0,0.0,0.0,0.0,0.0,0.06777109,0.0,0.0,0.45845962,0.0,0.0,0.0,0.0,0.0,0.26034966,0.0,0.0,1.3902265,0.86251044,0.0,0.0,0.5835486,0.0,0.12309223,0.0,0.0,0.0,0.0,0.0,0.0,0.86649287,0.0,0.0,0.0,0.0,0.0,0.56336844,0.280145,0.0,0.9226018,0.0,0.0,0.0,0.0,0.0,0.0,0.0,0.0,0.0,0.0,0.0,0.0,0.0,0.0,0.0,0.0,0.0,0.0,0.0,0.0,0.49935162,0.0,0.0,0.55843496,0.0,0.0,0.57161397,0.0,0.31930506,0.0,0.0,0.0,0.0,0.0,0.0,0.0,0.0,0.0,0.87140065,0.0,0.0,0.0,0.0,1.1382517,0.8120369,0.8592138,0.0,0.0,0.0,0.0,1.1812351,0.0,0.0,0.0,0.0,0.0,0.0,0.0,0.0,0.0,0.0,0.3385526344522691,0.6018835525009714,0.30434782608695654,0.5652173913043478
O=C(CSC(=S)NN1CCOCC1)NCc1ccc2c(c1)OCO2,CHEMBL4081323,O=C(CSC(=S)NN1CCOCC1)NCc1ccc2c(c1)OCO2,9.54,active,Active,0.5719354,0.0,0.0,0.0,0.0,0.0,0.0,0.0,0.0,0.0,0.0,0.0,0.0,0.0,0.0,0.0,0.0,0.0,0.0,0.0,0.0,0.0,0.47244486,0.0,0.0,0.7260719,0.0,0.0,0.0,0.0,0.29733908,0.0,0.0,0.039035674,0.0,0.27821875,0.0,0.006329559,0.0,0.0,0.0,0.0,0.08621662,0.0,1.2200506,0.8712061,0.0,0.0,0.18496192,0.0,0.0,0.0,0.0,0.0,0.0,0.0,0.0,0.5154902,0.0,0.0,0.0,0.0,0.0,0.514406,0.09369658,0.0,0.42078194,0.0,0.0,0.0,0.0,0.0,0.0,0.0,0.0,0.0,0.0,0.0,0.0,0.0,0.0,0.4503404,0.0,0.0,0.0,0.0,0.0,0.09266265,0.0,0.0,0.15544847,0.0,0.02653107,0.18443836,0.0,0.0,0.0,0.0,0.0,0.0,0.0,0.0,0.0,0.0,0.0,0.56522334,0.0,0.0,0.0,0.0,0.8412122,0.6946241,0.5250156,0.0,0.0,0.0,0.0,0.7454117,0.0,0.0,0.0,0.0,0.0,0.0,0.18692529,0.0,0.0,0.0,0.27550886416036147,0.6556313067895626,0.2826086956521739,0.6521739130434783
O=C(CSC(=S)NN1CCSCC1)NCc1ccc2c(c1)OCO2,CHEMBL4099344,O=C(CSC(=S)NN1CCSCC1)NCc1ccc2c(c1)OCO2,9.47,active,Active,0.59887576,0.0,0.0,0.0,0.0,0.0,0.0,0.0,0.0,0.0,0.0,0.0,0.0,0.0,0.0,0.0,0.0,0.0,0.0,0.0,0.0,0.0,0.53826106,0.0,0.0,0.77347845,0.0,0.0,0.0,0.0,0.0,0.0,0.014266778,0.0,0.0,0.30512887,0.0,0.0,0.0,0.0,0.0,0.06915591,0.0,0.0,1.3146665,0.94179326,0.0,0.0,0.28818226,0.0,0.0,0.0,0.0,0.0,0.0,0.0,0.0,0.5781574,0.0,0.0,0.0,0.0,0.0,0.13189535,0.27320737,0.0,0.5004797,0.0,0.0,0.0,0.0,0.0,0.0,0.0,0.0,0.0,0.0,0.0,0.0,0.0,0.0,0.22181416,0.0,0.0,0.0,0.0,0.0,0.2139969,0.0,0.0,0.30942842,0.0,0.0,0.33572388,0.0,0.08509421,0.0,0.0,0.0,0.0,0.0,0.0,0.0,0.0,0.0,0.7347688,0.0,0.0,0.0,0.0,0.8605618,0.69693285,0.6149885,0.0,0.0,0.0,0.0,0.7908419,0.0,0.0,0.0,0.0,0.0,0.0,0.0,0.0,0.0,0.0,0.2745755579239965,0.6436356089417196,0.2826086956521739,0.6304347826086957
O=C(CSc1nnc(Nc2ccccc2)s1)N/N=C/c1ccc(-c2ccc(Br)cc2)o1,CHEMBL4075535,O=C(CSc1nnc(Nc2ccccc2)s1)N/N=C/c1ccc(-c2ccc(Br)cc2)o1,9.39,active,Active,0.6454178,0.0,0.0,0.0,0.0,0.0,0.0,0.0,0.0,0.0,0.0,0.0,0.0,0.0,0.0,0.0,0.0,0.0,0.0,0.0,0.0,0.0,1.4716811,0.0,0.0,1.6225867,0.0,0.0,0.0,0.0,0.0,0.0,0.23673537,0.051686425,0.0,1.1567945,0.0,0.0,0.0,0.0,0.0,0.67663085,0.0,0.0,1.6100053,0.6812832,0.0,0.0,1.0569568,0.0,1.0225142,0.0,0.0,0.0,0.0,0.0,0.0,1.2907782,0.0,0.0,0.0,0.0,0.056526918,0.0,0.7999728,0.0,1.4062908,0.0,0.0,0.0,0.0,0.0,0.0,0.0,0.0,0.0,0.0,0.0,0.0,0.0,0.0,0.0,0.0,0.0,0.0,0.0,0.0,0.79867005,0.0,0.0,0.9489872,0.0,0.0,1.5985538,0.0,1.1264374,0.0,0.0,0.0,0.0,0.0,0.0,0.0,0.0,0.0,1.1404233,0.0,0.0,0.0,0.0,1.1490769,0.6117306,1.2756158,0.0,0.0,0.25321516,0.0,1.742393,0.0,0.0,0.0,0.0,0.0,0.0,0.0,0.0,0.0,0.0,0.49254468005970725,0.5071567550289403,0.5,0.5
O=C(CSc1nnc(Nc2ccccc2)s1)N/N=C/c1ccc(-c2ccc(Cl)cc2)o1,CHEMBL4100496,O=C(CSc1nnc(Nc2ccccc2)s1)N/N=C/c1ccc(-c2ccc(Cl)cc2)o1,9.72,active,Active,0.8720422,0.0,0.0,0.0,0.0,0.0,0.3822319,0.0,0.0,0.0,0.0,0.0,0.0,0.0,0.0,0.0,0.0,0.0,0.0,0.6758703,0.0,0.0,1.8334665,0.0,0.35366145,2.0865915,0.0,0.0,0.0,0.0,0.0,0.0,0.3403938,0.0,0.0,1.440618,0.0,0.0,0.24993956,0.0,0.46904033,0.93947166,0.0,0.0,1.6509237,0.6937994,0.0,0.0,1.4021486,0.0,1.4319487,0.0,0.0,0.0,0.0,0.0,0.0,1.6330458,0.0,0.0,0.0,0.0,0.0,0.010056362,0.9191992,0.0,1.8047187,0.0,0.24825796,0.0,0.0,0.0,0.0,0.124334745,0.0,0.0,0.0,0.0,0.0,0.0,0.0,0.0,0.0,0.0,0.0,0.0,0.0,1.202344,0.0,0.0,1.3044579,0.0,0.0,1.9052155,0.0,1.4367459,0.0,0.0,0.0,0.0,0.0,0.0,0.0,0.0,0.5377116,1.4621955,0.0,0.0,0.0,0.0,1.3857219,0.8872967,1.6003968,0.0,0.0,0.0,0.0,2.1591918,0.0,0.0,0.0,0.0,0.0,0.0,0.0,0.0,0.0,0.0,0.5376391402324469,0.3293722710918507,0.5434782608695652,0.32608695652173914
O=C(CSc1nnc(Nc2ccccc2)s1)N/N=C/c1ccc(-c2ccc(Cl)cc2Cl)o1,CHEMBL4097972,O=C(CSc1nnc(Nc2ccccc2)s1)N/N=C/c1ccc(-c2ccc(Cl)cc2Cl)o1,9.41,active,Active,0.9594687,0.0,0.0,0.0,0.0,0.0,0.13382475,0.0,0.0,0.0,0.0,0.0,0.0,0.0,0.0,0.0,0.0,0.0,0.0,0.5509317,0.0,0.0,1.9020839,0.0,0.0,2.0917659,0.0,0.0,0.0,0.0,0.0,0.0,0.4274133,0.0,0.0,1.4828991,0.0,0.0,0.0,0.0,0.09061818,1.0751306,0.0,0.0,1.8053299,0.8339651,0.0,0.0,1.4856946,0.0,1.5568092,0.0,0.0,0.0,0.0,0.0,0.0,1.6845518,0.0,0.0,0.0,0.0,0.0,0.0,1.089088,0.0,1.9322562,0.0,0.0,0.0,0.0,0.0,0.0,0.0,0.0,0.0,0.0,0.0,0.0,0.0,0.0,0.0,0.0,0.0,0.0,0.0,0.0,1.3155587,0.0,0.0,1.3846195,0.0,0.0,2.093321,0.0,1.5829018,0.0,0.0,0.0,0.0,0.0,0.0,0.0,0.0,0.16962443,1.4768583,0.0,0.0,0.0,0.0,1.5023775,0.885211,1.7305207,0.0,0.0,0.0,0.0,2.271346,0.0,0.0,0.0,0.0,0.0,0.0,0.0,0.0,0.0,0.0,0.590254756116718,0.40390925666854305,0.6086956521739131,0.41304347826086957
O=C(CSc1nnc(Nc2ccccc2)s1)N/N=C/c1ccc(-c2cccc(Cl)c2)o1,CHEMBL4064130,O=C(CSc1nnc(Nc2ccccc2)s1)N/N=C/c1ccc(-c2cccc(Cl)c2)o1,9.28,active,Active,0.893939,0.0,0.0,0.0,0.0,0.0,0.4138623,0.0,0.0,0.0,0.0,0.0,0.0,0.0,0.0,0.0,0.0,0.0,0.0,0.72493523,0.0,0.0,1.8632224,0.0,0.33492428,2.1136305,0.0,0.0,0.0,0.0,0.0,0.0,0.36258426,0.0,0.0,1.466363,0.0,0.0,0.23418951,0.0,0.46429372,0.9786114,0.0,0.0,1.6770163,0.7121572,0.0,0.0,1.4332021,0.0,1.4775739,0.0,0.0,0.0,0.0,0.0,0.0,1.6585797,0.0,0.0,0.0,0.0,0.0,0.0,0.9573648,0.0,1.8543057,0.0,0.23865642,0.0,0.0,0.0,0.0,0.10109448,0.0,0.0,0.0,0.0,0.0,0.0,0.0,0.0,0.0,0.0,0.0,0.0,0.0,1.2354987,0.0,0.0,1.3305392,0.0,0.0,1.9658282,0.0,1.4874744,0.0,0.0,0.0,0.0,0.0,0.0,0.0,0.0,0.52803737,1.4746057,0.0,0.0,0.0,0.0,1.4108725,0.8888649,1.6420577,0.0,0.0,0.0,0.0,2.2112515,0.0,0.0,0.0,0.0,0.0,0.0,0.0,0.0,0.0,0.0,0.5375120897327614,0.3321821325635222,0.5434782608695652,0.3695652173913043
O=C(CSc1nnc(Nc2ccccc2)s1)N/N=C/c1ccc(-c2cccc([N+](=O)[O-])c2)o1,CHEMBL4072122,O=C(CSc1nnc(Nc2ccccc2)s1)N/N=C/c1ccc(-c2cccc([N+](=O)[O-])c2)o1,9.33,active,Active,0.70915854,0.0,0.0,0.0,0.0,0.0,0.5712853,0.0,0.0,0.0,0.0,0.0,0.0,0.0,0.0,0.0,0.0,0.0,0.0,0.7370817,0.0,0.0,1.6383878,0.0,0.53533447,1.9038378,0.0,0.0,0.0,0.064667225,0.0,0.0,0.22882274,0.0,0.0,1.292858,0.0,0.0,0.42064312,0.0,0.7569184,0.7503595,0.0,0.0,1.4472964,0.5225242,0.0,0.0,1.1935223,0.0,1.2058631,0.0,0.0,0.0,0.0,0.0,0.0,1.4511744,0.0,0.0,0.0,0.0,0.028717767,0.15035026,0.7445182,0.0,1.5803409,0.0,0.31991684,0.0,0.0,0.0,0.0,0.28503585,0.0,0.0,0.0,0.0,0.0,0.0,0.0,0.0,0.0,0.0,0.0,0.0,0.0,0.9551802,0.0,0.0,1.1345024,0.0,0.0,1.6412504,0.0,1.2584975,0.0,0.0,0.0,0.0,0.0,0.0,0.0,0.0,0.71945006,1.3067943,0.0,0.0,0.0,0.0,1.1815045,0.75290626,1.4067366,0.0,0.0,0.17344548,0.0,1.9393204,0.0,0.0,0.0,0.0,0.0,0.0,0.0,0.0,0.0,0.0,0.5214314666245888,0.3333625671505196,0.5,0.34782608695652173
O=C(CSc1nnc(Nc2ccccc2)s1)N/N=C/c1ccc(-c2ccccc2[N+](=O)[O-])o1,CHEMBL4073678,O=C(CSc1nnc(Nc2ccccc2)s1)N/N=C/c1ccc(-c2ccccc2[N+](=O)[O-])o1,9.47,active,Active,0.7858261,0.0,0.0,0.0,0.0,0.0,0.650367,0.0,0.0,0.0,0.0,0.0,0.0,0.0,0.0,0.0,0.0,0.0,0.0,0.8144675,0.0,0.0,1.7024727,0.0,0.53984785,1.9847729,0.0,0.0,0.0,0.033600472,0.0,0.0,0.2639003,0.0,0.0,1.3561896,0.0,0.0,0.41244805,0.0,0.8141852,0.82680655,0.0,0.0,1.529162,0.5844866,0.0,0.0,1.2650439,0.0,1.2904422,0.0,0.0,0.0,0.0,0.0,0.0,1.5371308,0.0,0.0,0.0,0.0,0.0,0.098886855,0.83147216,0.0,1.6710995,0.0,0.35045856,0.0,0.0,0.0,0.0,0.24850227,0.0,0.0,0.0,0.0,0.0,0.0,0.0,0.0,0.0,0.0,0.0,0.0,0.0,1.0624722,0.0,0.0,1.2246584,0.0,0.0,1.7503235,0.0,1.327726,0.0,0.0,0.0,0.0,0.0,0.0,0.0,0.0,0.7279596,1.3911117,0.0,0.0,0.0,0.0,1.2544873,0.83673346,1.5133429,0.0,0.0,0.0,0.0,2.0189264,0.0,0.0,0.0,0.0,0.0,0.0,0.0,0.0,0.0,0.0,0.5281081831200914,0.32713679782617805,0.5217391304347826,0.32608695652173914
O=C(NNC(=S)Nc1ccc(Cl)c(Cl)c1)c1ccccc1O,CHEMBL4476621,O=C(NNC(=S)Nc1ccc(Cl)c(Cl)c1)c1ccccc1O,7.54,active,Active,0.69377255,0.0,0.0,0.0,0.0,0.0,0.17206404,0.0,0.0,0.0,0.0,0.0,0.0,0.0,0.0,0.0,0.0,0.0,0.0,0.36060718,0.0,0.0,1.4050107,0.0,0.09496075,1.6878381,0.0,0.0,0.0,0.19483237,0.0,0.0,0.13605039,0.0,0.0,1.0560654,0.0,0.0,0.0,0.0,0.5562659,0.5794556,0.0,0.0,1.4441003,0.6541744,0.0,0.0,0.9708358,0.0,0.9144839,0.0,0.0,0.0,0.0,0.0,0.0,1.2778596,0.0,0.0,0.0,0.0,0.0,0.0,0.6938296,0.0,1.3859615,0.0,0.0,0.0,0.0,0.0,0.0,0.0,0.0,0.0,0.0,0.0,0.0,0.0,0.0,0.0,0.0,0.0,0.0,0.0,0.0,0.7980193,0.0,0.0,1.0180714,0.0,0.0,1.3481059,0.0,1.0057892,0.0,0.0,0.0,0.0,0.0,0.0,0.0,0.0,0.39581978,1.2844155,0.0,0.0,0.0,0.0,1.1214267,0.82879424,1.2799308,0.0,0.0,0.0,0.0,1.6756265,0.0,0.0,0.0,0.0,0.0,0.0,0.0,0.0,0.0,0.0,0.5111824586342705,0.42644127510526736,0.4782608695652174,0.41304347826086957
O=C(NO)C(F)(F)F,CHEMBL331715,O=C(NO)C(F)(F)F,5.42,inactive,Inactive,0.0,0.0,0.0,0.6015832,1.2583921,0.0,0.0,0.0,0.0,0.0,0.0,0.0,0.0,0.0,0.0,0.0,0.0,0.0,0.0,0.0,0.0,0.0,0.0,0.0,0.0,0.0,0.0,0.0,0.0,0.0,2.5184457,0.0,0.0,2.26983,0.0,0.0,1.337036,0.91524506,0.0,0.0,0.0,0.0,0.64819074,0.0,0.73251694,0.76637274,0.0,0.0,0.0,0.0,0.0,0.0,0.0,0.0,0.0,0.0,0.0,0.0,0.0,0.0,0.0,0.0,0.6212595,0.7681022,0.0,0.0,0.0,0.0,0.0,0.0,1.4279655,0.0,0.0,0.0,2.9552782,0.0,0.0,0.0,0.0,0.0,0.0,3.2142847,0.0,0.0,0.0,0.0,0.0,0.0,0.0,0.0,0.0,0.0,1.579143,0.0,0.0,0.0,0.0,0.0,0.0,0.0,0.0,0.0,0.0,0.0,0.0,0.0,0.0,2.1041489,0.0,0.9944559,0.0,0.0,0.0,0.0,0.0,0.72446465,0.0,0.0,0.0,0.0,0.0,0.9047193,0.0,1.8426319,2.1093054,0.0,0.0,0.0,0.16447718465785616,0.9583439702801545,0.13043478260869565,0.9782608695652174
O=C(Nc1ccc(OS(=O)(=O)c2ccccc2)cc1)C12CC3CC(CC(C3)C1)C2,CHEMBL5404116,O=C(Nc1ccc(OS(=O)(=O)c2ccccc2)cc1)C12CC3CC(CC(C3)C1)C2,6.06,medium,Medium,0.5124166,0.0,0.0,0.60513276,0.0,0.0,0.67596895,0.0,0.0,0.0,0.0,0.0,0.0,0.0,0.0,0.0,0.0,0.0,0.0,0.04235687,0.0,0.0,0.830467,0.0,0.0,0.80554575,0.0,0.0,0.0,0.0,0.0,0.0,0.005604353,0.0,0.0,0.23279624,0.0,0.0,0.0,0.0,0.68172586,0.42849687,0.0,0.0,1.7010028,0.96671623,0.0,0.0,0.54173744,0.0,0.0,0.0,0.0,0.0,0.0,0.0,0.0,0.89474136,0.0,0.0,0.0,0.0,0.0,1.5316714,0.2808962,0.0,1.0313536,0.0,0.0,0.0,0.0,0.0,0.0,0.0,0.0,0.0,0.0,0.0,0.0,0.0,0.0,0.0,0.0,0.0,0.0,0.0,0.0,0.6191981,0.0,0.0,0.7414253,0.0,0.0,0.21382178,0.0,0.04124831,0.0,0.0,0.0,0.0,0.0,0.0,0.0,0.0,0.0,0.5627389,0.0,0.0,0.0,0.0,1.423279,0.8012523,0.92889374,0.0,0.0,0.0,0.0,0.6208607,0.0,0.0,0.0,0.0,0.0,0.0,0.0,0.0,0.0,0.0,0.1944101161389215,0.5457487164386772,0.21739130434782608,0.5652173913043478
O=C(O)c1c(O)cc([N+](=O)[O-])cc1[N+](=O)[O-],CHEMBL447810,O=C(O)c1c(O)cc([N+](=O)[O-])cc1[N+](=O)[O-],5.55,inactive,Inactive,0.20491865,0.0,0.0,0.0,0.0,0.0,0.8966206,0.0,0.0,0.0,0.0,0.0,0.0,0.0,0.0,0.0,0.0,0.0,0.0,0.5948438,0.0,0.0,0.86228716,0.0,0.6604387,1.05996,0.0,0.0,0.0,1.0087007,0.0,0.0,0.0,0.0,0.0,0.51239896,0.0,0.0,0.5428643,0.14958677,1.3031137,0.12534541,0.0,0.0,0.7876778,0.08268498,0.0,0.0,0.45428976,0.061905384,0.37566084,0.0,0.0,0.0,0.0,0.0,0.0,0.73981655,0.0,0.0,0.0,0.0,0.28666613,0.27148098,0.2644043,0.0,0.826458,0.0,0.09485541,0.0,0.0,0.0,0.0,0.46086493,0.0,0.0,0.0,0.0,0.0,0.0,0.0,0.0,0.0,0.0,0.0,0.0,0.4766426,0.23053984,0.18712309,0.0,0.5186898,0.0,0.0,0.7302085,0.0,0.61945343,0.0,0.0,0.0,0.0,0.0,0.0,0.0,0.0,0.9125278,0.67233896,0.0,0.0,0.0,0.0,0.54905087,0.30654657,0.7608425,0.0,0.0,0.6879732,0.0,1.0814626,0.0,0.0,0.1413441,0.0,0.0,0.0,0.0,0.0,0.0,0.0,0.32203197148760243,0.6083484656487065,0.30434782608695654,0.6086956521739131
O=C(O)c1cc(-c2ccc(F)cc2F)ccc1O,CHEMBL898,O=C(O)c1cc(-c2ccc(F)cc2F)ccc1O,5.57,inactive,Inactive,0.34208512,0.0,0.0,0.0,0.6428171,0.0,0.88055336,0.0,0.0,0.0,0.0,0.0,0.0,0.0,0.0,0.0,0.0,0.0,0.0,0.71547204,0.0,0.0,1.3012936,0.0,1.4256963,1.5889174,0.0,0.0,0.0,0.51097095,0.5292694,0.0,0.0754026,0.78448737,0.0,0.8233894,0.5190507,0.0,1.5734777,0.054315224,1.0758526,0.36965927,0.6415284,0.0,0.8578205,0.1111843,0.0,0.0,0.92666394,0.8903693,0.84925526,0.0,0.51592666,0.0,0.0,0.0,0.0,1.0926799,0.0,0.0,0.0,0.0,0.8119528,0.69785464,0.2825277,0.0,1.2698027,0.0,1.0811167,0.0,0.0,0.0,0.0,1.1706749,0.0,0.0,0.0,0.0,0.0,0.0,0.0,0.0,0.0,0.0,0.0,0.0,0.35988885,0.6930992,0.63772684,0.0,0.63549894,0.0,0.12766613,1.2073,0.0,0.903157,0.0,0.0,0.0,0.0,0.0,0.0,0.0,0.0,1.3176453,0.8896308,0.0,0.25956914,0.0,0.5474895,0.81437826,0.46727192,0.8896903,0.0,0.0,1.3761202,0.0,1.5933299,0.0,0.0,0.69812936,0.38822937,0.0,0.0,0.2844791,0.0,0.0,0.0,0.3808327598121433,0.15144121811132258,0.41304347826086957,0.17391304347826086
O=C(O)c1cc(/N=N/c2ccc(S(=O)(=O)Nc3ccccn3)cc2)ccc1O,CHEMBL421,O=C(O)c1cc(/N=N/c2ccc(S(=O)(=O)Nc3ccccn3)cc2)ccc1O,5.35,inactive,Inactive,0.2802459,0.0,0.0,0.0,0.4136029,0.0,0.0,0.0,0.0,0.0,0.0,0.0,0.0,0.0,0.0,0.0,0.0,0.0,0.0,0.0,0.0,0.0,1.2354522,0.0,0.22073217,1.2514988,0.0,0.0,0.0,0.0,0.6147153,0.0,0.09044628,0.5460939,0.0,0.7592662,0.454963,0.07827143,0.048848674,0.0,0.16398342,0.3893853,0.5280437,0.0,1.0729196,0.39596623,0.0,0.0,0.83281296,0.0,0.73605525,0.0,0.43873307,0.0,0.0,0.0,0.0,1.0681593,0.0,0.0,0.0,0.0,0.32955372,0.7813733,0.3894958,0.0,1.1737065,0.0,0.0,0.0,0.0,0.0,0.0,0.00819157,0.0,0.0,0.0,0.0,0.0,0.0,0.0,0.05046965,0.0,0.0,0.0,0.0,0.0,0.72191864,0.097938806,0.0,0.49991035,0.0,0.23201051,1.0900708,0.0,0.67947966,0.0,0.0,0.0,0.0,0.0,0.0,0.0,0.0,0.0624649,0.8252555,0.0,0.35245043,0.0,0.25870886,0.8262034,0.52514744,0.7594903,0.0,0.0,0.7715983,0.0,1.2259771,0.0,0.0,0.0,0.34191293,0.0,0.0,0.36962312,0.0,0.0,0.0,0.3174316608704044,0.8495564389714423,0.32608695652173914,0.8260869565217391
O=C(O)c1cc(Cl)ccc1O,CHEMBL1375,O=C(O)c1cc(Cl)ccc1O,6.14,medium,Medium,0.56932867,0.0,0.0,0.0,0.0,0.0,0.5747715,0.0,0.0,0.0,0.0,0.0,0.0,0.0,0.0,0.0,0.0,0.0,0.0,0.60207,0.0,0.0,1.3793052,0.0,0.5318082,1.5937737,0.0,0.0,0.0,0.14424507,0.0,0.0,0.17376213,0.0,0.0,0.92741036,0.0,0.0,0.4815674,0.0,0.7163376,0.58469975,0.0,0.0,1.2126023,0.4374757,0.0,0.0,1.0027424,0.0,0.98103344,0.0,0.0,0.0,0.0,0.0,0.0,1.2048538,0.0,0.0,0.0,0.0,0.18201178,0.13986978,0.61171085,0.0,1.4068296,0.0,0.2708269,0.0,0.0,0.0,0.0,0.32611716,0.0,0.0,0.0,0.0,0.0,0.0,0.0,0.0,0.0,0.0,0.0,0.0,0.0,0.8504045,0.024302734,0.0,0.91389513,0.0,0.0,1.3847054,0.0,1.0648596,0.0,0.0,0.0,0.0,0.0,0.0,0.0,0.0,0.67934924,1.0684857,0.0,0.0,0.0,0.0,1.0160086,0.6260938,1.1864672,0.0,0.0,0.36557642,0.0,1.6539096,0.0,0.0,0.0,0.0,0.0,0.0,0.0,0.0,0.0,0.0,0.514725093741657,0.35323862161118275,0.5,0.3695652173913043
O=C1/C(=C\c2ccc(O)c(O)c2)S/C(=N/c2ccccc2)N1Cc1ccncc1,CHEMBL4172916,O=C1/C(=C\c2ccc(O)c(O)c2)S/C(=N/c2ccccc2)N1Cc1ccncc1,4.57,inactive,Inactive,0.40795308,0.0,0.0,0.0,0.36750278,0.0,0.7212197,0.0,0.0,0.0,0.0,0.0,0.0,0.0,0.0,0.0,0.0,0.0,0.0,0.6144216,0.0,0.0,1.138213,0.0,1.3839481,1.5293555,0.0,0.0,0.0,0.81142104,0.61510986,0.01201136,0.010611709,0.41009918,0.0,0.8410298,0.4408146,0.15465051,1.398354,0.45180255,1.197795,0.2300719,0.7038718,0.0,0.89033926,0.21071847,0.0,0.0,0.75319785,0.939805,0.57150567,0.0,0.62071145,0.0,0.0,0.0,0.0,1.0379078,0.0,0.0,0.0,0.0,0.51762956,0.98532146,0.13011435,0.0,0.9787199,0.0,1.0212532,0.0,0.0,0.0,0.0,1.0600753,0.0,0.0,0.0,0.0,0.0,0.0,0.0,0.0,0.0,0.0,0.0,0.0,0.5226118,0.5500658,0.5105562,0.0,0.57144517,0.0,0.27260542,0.8711464,0.0,0.62812614,0.0,0.0,0.0,0.0,0.0,0.0,0.0,0.0,1.2945914,0.9774482,0.0,0.24451482,0.0,0.41140983,0.7468655,0.61773777,0.8136334,0.0,0.0,1.046226,0.0,1.3699455,0.0,0.0,0.82956475,0.43481648,0.0,0.0,0.36907423,0.0,0.0,0.0,0.3839041049089422,0.15878061219766593,0.3695652173913043,0.19565217391304346
O=C1/C(=C\c2ccc([N+](=O)[O-])cc2)S/C(=N/c2ccccc2)N1Cc1ccncc1,CHEMBL4177384,O=C1/C(=C\c2ccc([N+](=O)[O-])cc2)S/C(=N/c2ccccc2)N1Cc1ccncc1,4.84,inactive,Inactive,0.23019001,0.0,0.0,0.0,0.34829336,0.0,0.4618272,0.0,0.0,0.0,0.0,0.0,0.0,0.0,0.0,0.0,0.0,0.0,0.0,0.38758692,0.0,0.0,0.86800987,0.0,0.98133403,1.1977867,0.0,0.0,0.0,0.8310285,0.6251014,0.0,0.0,0.41567704,0.0,0.6356393,0.4418988,0.26047325,0.91371953,0.4276689,1.037392,0.030455612,0.6844621,0.0,0.76265,0.116677925,0.0,0.0,0.47969246,0.6381986,0.25723445,0.0,0.651011,0.0,0.0,0.0,0.0,0.78738374,0.0,0.0,0.0,0.0,0.5162386,1.027466,0.0,0.0,0.64081854,0.0,0.596423,0.0,0.0,0.0,0.0,0.7712057,0.0,0.0,0.0,0.0,0.0,0.0,0.0,0.0,0.0,0.0,0.0,0.024301581,0.46145767,0.21795128,0.44322327,0.0,0.36073494,0.0,0.34734142,0.51537716,0.0,0.38336807,0.0,0.0,0.0,0.0,0.0,0.0,0.0,0.0,0.97251,0.7565292,0.0,0.27318397,0.0,0.42965558,0.5220376,0.41787598,0.55992633,0.0,0.0,1.0618031,0.0,1.0117894,0.0,0.0,0.5031974,0.41124594,0.0,0.0,0.42270342,0.0,0.0,0.0,0.3966254201028041,0.18432952087991858,0.3913043478260869,0.19565217391304346
O=P(O)(O)C(NS(=O)(=O)c1ccc(-c2ccc(Cl)cc2)cc1)P(=O)(O)O,CHEMBL3291011,O=P(O)(O)C(NS(=O)(=O)c1ccc(-c2ccc(Cl)cc2)cc1)P(=O)(O)O,5.58,inactive,Inactive,0.0,0.0,0.0,0.0,0.9828301,0.0,0.0,0.0,0.0,0.0,0.0,0.0,0.0,0.0,0.0,0.0,0.0,0.0,0.0,0.0,0.0,0.0,0.071305625,0.0,0.0,0.0,0.0,0.0,0.0,0.0,2.4274473,0.0,0.11081529,1.584078,0.0,0.0,1.1777878,0.89548194,0.0,0.0,0.0,0.0,0.69924814,0.0,1.6932245,1.598971,0.0,0.0,0.0,0.0,0.0,0.0,0.0,0.0,0.0,0.0,0.0,0.03388739,0.0,0.0,0.0,0.0,0.0,0.8016008,0.31072098,0.0,0.0,0.0,0.0,0.0,1.1059799,0.0,0.0,0.0,1.3291564,0.0,0.0,0.0,0.0,0.0,0.0,2.3944259,0.0,0.0,0.0,0.0,0.0,0.20223646,0.0,0.0,0.0,0.0,1.239076,0.027491912,0.0,0.0,0.0,0.0,0.0,0.0,0.0,0.0,0.0,0.0,0.0,0.0,0.0,1.9914547,0.0,0.29756746,0.5054999,0.066240326,0.0,0.0,0.0,0.0,0.0,0.0,0.0,0.0,0.0,0.9695056,0.0,0.0,1.7688001,0.0,0.0,0.0,0.1621716646954444,0.9422890113930019,0.13043478260869565,0.9130434782608695
O=P(O)(O)C(NS(=O)(=O)c1ccc(-c2ccccc2)cc1)P(=O)(O)O,CHEMBL3291009,O=P(O)(O)C(NS(=O)(=O)c1ccc(-c2ccccc2)cc1)P(=O)(O)O,5.85,inactive,Inactive,0.0,0.0,0.0,0.0,1.0189538,0.0,0.0,0.0,0.0,0.0,0.0,0.0,0.0,0.0,0.0,0.0,0.0,0.0,0.0,0.0,0.0,0.0,0.0,0.0,0.0,0.0,0.0,0.0,0.0,0.0,2.6380925,0.0,0.048503276,1.6306945,0.0,0.0,1.3077981,1.1210294,0.0,0.0,0.0,0.0,0.84810925,0.0,1.5976264,1.5339671,0.0,0.0,0.0,0.0,0.0,0.0,0.06574406,0.0,0.0,0.0,0.0,0.0,0.0,0.0,0.0,0.0,0.0,1.020703,0.21316291,0.0,0.0,0.0,0.0,0.0,0.9839139,0.0,0.0,0.0,1.302152,0.0,0.0,0.0,0.0,0.0,0.0,2.5216155,0.0,0.0,0.0,0.0,0.0,0.09530836,0.0,0.0,0.0,0.0,1.399635,0.0,0.0,0.0,0.0,0.0,0.0,0.0,0.0,0.0,0.0,0.0,0.0,0.0,0.0,2.165451,0.0,0.45589006,0.37471423,0.044546098,0.0,0.0,0.0,0.0,0.0,0.0,0.0,0.0,0.0,1.1459918,0.0,0.0,1.9966806,0.0,0.0,0.0,0.16261504529819462,0.9473329062833198,0.13043478260869565,0.9565217391304348
O=P(O)(O)C(NS(=O)(=O)c1ccc(-c2cccs2)cc1)P(=O)(O)O,CHEMBL3291010,O=P(O)(O)C(NS(=O)(=O)c1ccc(-c2cccs2)cc1)P(=O)(O)O,6.3,medium,Medium,0.0,0.0,0.0,0.0,1.0917083,0.0,0.0,0.0,0.0,0.0,0.0,0.0,0.0,0.0,0.0,0.0,0.0,0.0,0.0,0.0,0.0,0.0,0.10520192,0.0,0.0,0.0,0.0,0.0,0.0,0.0,2.4894404,0.0,0.15807527,1.695309,0.0,0.0,1.2659019,0.9003387,0.0,0.0,0.0,0.0,0.7509653,0.0,1.718117,1.6631556,0.0,0.0,0.0,0.0,0.0,0.0,0.0,0.0,0.0,0.0,0.0,0.049288455,0.0,0.0,0.0,0.0,0.0,0.7822294,0.36840212,0.0,0.0047145374,0.0,0.0,0.0,1.1833057,0.0,0.0,0.0,1.3934176,0.0,0.0,0.0,0.0,0.0,0.0,2.525334,0.0,0.0,0.0,0.0,0.0,0.2803586,0.0,0.0,0.0,0.0,1.2724285,0.095219284,0.0,0.0,0.0,0.0,0.0,0.0,0.0,0.0,0.0,0.0,0.0,0.0,0.0,2.080904,0.0,0.346412,0.55077195,0.07416544,0.0,0.0,0.0,0.0,0.0,0.0,0.0,0.0,0.0,1.0320357,0.0,0.0,1.8402557,0.0,0.0,0.0,0.16181715463516655,0.9462793074516708,0.13043478260869565,0.9347826086956521
O=P(O)(O)C(NS(=O)(=O)c1ccc(Cl)cc1)P(=O)(O)O,CHEMBL3291001,O=P(O)(O)C(NS(=O)(=O)c1ccc(Cl)cc1)P(=O)(O)O,5.21,inactive,Inactive,0.0,0.0,0.0,0.0,0.8388047,0.0,0.0,0.0,0.0,0.0,0.0,0.0,0.0,0.0,0.0,0.0,0.0,0.0,0.0,0.0,0.0,0.0,0.0,0.0,0.0,0.0,0.0,0.0,0.0,0.0,2.541008,0.0,0.14916068,1.5387547,0.0,0.0,1.1041046,0.9642232,0.0,0.0,0.0,0.0,0.40078372,0.0,1.992626,2.1641295,0.0,0.0,0.0,0.0,0.0,0.0,0.0,0.0,0.0,0.0,0.0,0.0,0.0,0.0,0.0,0.0,0.0,0.45636454,0.4523487,0.0,0.0,0.0,0.0,0.0,2.1829228,0.0,0.0,0.0,2.94495,0.0,0.0,0.0,0.0,0.0,0.0,3.0949757,0.0,0.0,0.0,0.0,0.0,0.0102247745,0.0,0.0,0.0,0.0,1.3229873,0.0,0.0,0.0,0.0,0.0,0.0,0.0,0.0,0.0,0.0,0.0,0.0,0.0,0.0,2.1322992,0.0,0.0,0.41558298,0.0,0.0,0.0,0.0,0.0,0.0,0.0,0.0,0.0,0.0,0.8285001,0.0,0.0,1.8766059,0.0,0.0,0.0,0.15433615127716183,0.9433022206696077,0.08695652173913043,0.9347826086956521
O=P(O)(O)C(Nc1ccc(O)cc1)P(=O)(O)O,CHEMBL2440438,O=P(O)(O)C(Nc1ccc(O)cc1)P(=O)(O)O,5.09,inactive,Inactive,0.0,0.0,0.0,0.0,1.2877572,0.0,0.0,0.0,0.0,0.0,0.0,0.0,0.0,0.0,0.0,0.0,0.0,0.0,0.0,0.0,0.0,0.0,0.0,0.0,0.0,0.0,0.0,0.0,0.0,0.0,2.8744643,0.0,0.0,1.9788495,0.0,0.0,1.4354192,1.1612844,0.0,0.0,0.0,0.0,0.9521415,0.0,1.4233788,1.4294708,0.0,0.0,0.0,0.0,0.0,0.0,0.0,0.0,0.0,0.0,0.0,0.0,0.0,0.0,0.0,0.0,0.10536348,1.035584,0.0,0.0,0.0,0.0,0.0,0.0,0.9944525,0.0,0.0,0.0,1.564039,0.0,0.0,0.0,0.0,0.0,0.0,2.8676233,0.0,0.0,0.0,0.0,0.0,0.0,0.0,0.0,0.0,0.0,1.5391225,0.0,0.0,0.0,0.0,0.0,0.0,0.0,0.0,0.0,0.0,0.0,0.0,0.0,0.0,2.3558729,0.0,0.69518405,0.10280768,0.0,0.0,0.0,0.0,0.060022093,0.0,0.0,0.0,0.0,0.0,1.2349861,0.0,0.0,2.2201548,0.0,0.0,0.0,0.16540859246276926,0.9591619510676664,0.15217391304347827,0.9565217391304348
O=P(O)(O)C(Nc1ccc(Oc2ccc(Br)cc2)cc1)P(=O)(O)O,CHEMBL2440432,O=P(O)(O)C(Nc1ccc(Oc2ccc(Br)cc2)cc1)P(=O)(O)O,5.13,inactive,Inactive,0.0,0.0,0.0,0.0,1.4402659,0.0,0.0,0.0,0.0,0.0,0.0,0.0,0.0,0.0,0.0,0.0,0.0,0.0,0.0,0.0,0.0,0.0,0.0,0.0,0.0,0.0,0.0,0.0,0.0,0.0,2.719417,0.0,0.0,2.1779633,0.0,0.0,1.468387,0.9945773,0.0,0.0,0.0,0.0,1.0364408,0.0,1.2555907,1.0539223,0.0,0.0,0.0,0.0,0.0,0.0,0.004643386,0.0,0.0,0.0,0.0,0.0,0.0,0.0,0.0,0.0,0.48052222,0.96951115,0.0,0.0,0.0,0.0,0.0,0.0,0.60647464,0.0,0.0,0.0,0.86082476,0.0,0.0,0.0,0.0,0.0,0.0,2.5670407,0.0,0.0,0.0,0.0,0.0,0.0,0.0,0.0,0.0,0.0,1.48191,0.0,0.0,0.0,0.0,0.0,0.0,0.0,0.0,0.0,0.0,0.0,0.0,0.0,0.0,2.3474584,0.0,0.9168319,0.02588933,0.0,0.0,0.0,0.0,0.8471004,0.0,0.0,0.0,0.0,0.0,1.1871897,0.0,0.0,2.1914,0.0,0.0,0.0,0.18276737064778426,0.9665947367702586,0.15217391304347827,0.9782608695652174
O=P(O)(O)C(Nc1ccc(Oc2ccc(Cl)cc2)cc1)P(=O)(O)O,CHEMBL2440431,O=P(O)(O)C(Nc1ccc(Oc2ccc(Cl)cc2)cc1)P(=O)(O)O,5.03,inactive,Inactive,0.0,0.0,0.0,0.0,1.1812195,0.0,0.0,0.0,0.0,0.0,0.0,0.0,0.0,0.0,0.0,0.0,0.0,0.0,0.0,0.0,0.0,0.0,0.057085514,0.0,0.0,0.0,0.0,0.0,0.0,0.0,2.4221954,0.0,0.0,1.7536837,0.0,0.0,1.258012,0.85767585,0.0,0.0,0.0,0.0,0.9517153,0.0,1.308443,1.0700887,0.0,0.0,0.0,0.0,0.0,0.0,0.20934749,0.0,0.0,0.0,0.0,0.01667573,0.0,0.0,0.0,0.0,0.31744832,1.0391556,0.0,0.0,0.0,0.0,0.0,0.0,0.3031737,0.0,0.0,0.0,0.31498322,0.0,0.0,0.0,0.0,0.0,0.0,2.0619707,0.0,0.0,0.0,0.0,0.0,0.0,0.0,0.0,0.0,0.0,1.2322767,0.0,0.0,0.0,0.0,0.0,0.0,0.0,0.0,0.0,0.0,0.0,0.0,0.0,0.0,1.9299959,0.0,0.7220698,0.3315558,0.0,0.0,0.0,0.0,0.46967113,0.0,0.0,0.0,0.0,0.0,1.0916172,0.0,0.0,1.8034956,0.0,0.0,0.0,0.1950831611595718,0.9585070052665081,0.19565217391304346,0.9565217391304348
O=P(O)(O)C(Nc1cccc(-c2ccccc2)c1)P(=O)(O)O,CHEMBL55371,O=P(O)(O)C(Nc1cccc(-c2ccccc2)c1)P(=O)(O)O,5.03,inactive,Inactive,0.0,0.0,0.0,0.0,1.3220875,0.0,0.0,0.0,0.0,0.0,0.0,0.0,0.0,0.0,0.0,0.0,0.0,0.0,0.0,0.0,0.0,0.0,0.0,0.0,0.0,0.0,0.0,0.0,0.0,0.0,2.7958727,0.0,0.0,1.9502378,0.0,0.0,1.5075328,1.1583611,0.0,0.0,0.0,0.0,1.1786937,0.0,1.1969892,0.98770684,0.0,0.0,0.0,0.0,0.0,0.0,0.50322556,0.0,0.0,0.0,0.0,0.0,0.0,0.0,0.0,0.0,0.37962288,1.360136,0.0,0.0,0.0,0.0,0.0,0.0,0.18777037,0.0,0.0,0.0,0.3499212,0.0,0.0,0.0,0.0,0.0,0.0,2.2964094,0.0,0.0,0.0,0.0,0.0,0.0,0.0,0.0,0.0,0.0,1.5016594,0.0,0.0,0.0,0.0,0.0,0.0,0.0,0.0,0.0,0.0,0.0,0.0,0.0,0.067632616,2.2556365,0.0,0.99063617,0.14320403,0.0,0.0,0.0,0.0,0.5803806,0.0,0.0,0.0,0.0,0.0,1.3771476,0.0,0.0,2.1770713,0.0,0.0,0.0,0.20249468685743027,0.9935581982429934,0.19565217391304346,0.9782608695652174
O=P(O)(O)C(Nc1cccc2ccccc12)P(=O)(O)O,CHEMBL2440429,O=P(O)(O)C(Nc1cccc2ccccc12)P(=O)(O)O,5.04,inactive,Inactive,0.0,0.0,0.0,0.0,1.4015968,0.0,0.0,0.0,0.0,0.0,0.0,0.0,0.0,0.0,0.0,0.0,0.0,0.0,0.0,0.0,0.0,0.0,0.0,0.0,0.0,0.0,0.0,0.0,0.0,0.0,2.8660133,0.0,0.0,2.051029,0.0,0.0,1.550738,1.1215543,0.0,0.0,0.0,0.0,1.164039,0.0,1.3338169,1.1315223,0.0,0.0,0.0,0.0,0.0,0.0,0.41229963,0.0,0.0,0.0,0.0,0.0,0.0,0.0,0.0,0.0,0.3692882,1.3069026,0.0,0.0,0.0,0.0,0.0,0.0,0.33799228,0.0,0.0,0.0,0.51003045,0.0,0.0,0.0,0.0,0.0,0.0,2.432394,0.0,0.0,0.0,0.0,0.0,0.0,0.0,0.0,0.0,0.0,1.51981,0.0,0.0,0.0,0.0,0.0,0.0,0.0,0.0,0.0,0.0,0.0,0.0,0.0,0.0,2.3233047,0.0,0.9417671,0.24102569,0.0,0.0,0.0,0.0,0.5396477,0.0,0.0,0.0,0.0,0.0,1.3761045,0.0,0.0,2.195724,0.0,0.0,0.0,0.18676685500703372,0.9654184186689901,0.17391304347826086,0.9782608695652174
O=S(=O)(Oc1ccc(-c2ccc3occc3c2)cc1)c1ccc(F)cc1,CHEMBL4447079,O=S(=O)(Oc1ccc(-c2ccc3occc3c2)cc1)c1ccc(F)cc1,6.85,medium,Medium,0.20550418,0.0,0.0,0.0,1.3177619,0.0,0.0,0.0,0.0,0.0,0.0,0.0,0.0,0.0,0.0,0.0,0.0,0.0,0.0,0.0,0.0,0.0,1.4085493,0.0,0.46723223,1.3752223,0.0,0.0,0.0,0.0,1.7255238,0.0,0.12591618,1.6691221,0.0,0.79810286,1.2201518,0.39831883,0.4733511,0.0,0.0,0.37376544,1.188913,0.0,1.0396768,0.32625863,0.0,0.0,0.9806386,0.26986465,0.8232215,0.0,0.95433223,0.0,0.0,0.0,0.0,1.1486611,0.0,0.0,0.0,0.0,0.92444026,1.1804359,0.24473712,0.0,1.2806841,0.0,0.30001032,0.0,0.0,0.0,0.0,0.33285213,0.0,0.0,0.0,0.0,0.0,0.0,0.0,0.6386528,0.0,0.0,0.0,0.0,0.0,0.8119275,0.5440966,0.0,0.3611127,0.0,0.7908419,1.2146951,0.0,0.68070954,0.0,0.0,0.0,0.0,0.0,0.0,0.0,0.0,0.07565598,0.78145874,0.0,1.4144081,0.0,1.0348568,0.8717774,0.45691845,0.63404757,0.0,0.0,1.6716886,0.0,1.385535,0.0,0.0,0.0,1.0379269,0.0,0.0,1.2706795,0.0,0.0,0.0,0.004659166394875151,0.2096328664207857,0.043478260869565216,0.2391304347826087
O=S(=O)(Oc1ccc(-c2ccc3occc3c2)cc1)c1ccccc1,CHEMBL4554647,O=S(=O)(Oc1ccc(-c2ccc3occc3c2)cc1)c1ccccc1,6.39,medium,Medium,0.19744259,0.0,0.0,0.0,1.2343813,0.0,0.0,0.0,0.0,0.0,0.0,0.0,0.0,0.0,0.0,0.0,0.0,0.0,0.0,0.0,0.0,0.0,1.4218475,0.0,0.6164902,1.4159037,0.0,0.0,0.0,0.0,1.7547141,0.0,0.112378314,1.5748398,0.0,0.84751195,1.2189658,0.48537403,0.5930293,0.0,0.0,0.37088296,1.2219179,0.0,1.0325869,0.30911115,0.0,0.0,0.9757987,0.42828247,0.83979076,0.0,1.0423534,0.0,0.0,0.0,0.0,1.1775354,0.0,0.0,0.0,0.0,0.8606155,1.2777239,0.24988304,0.0,1.2928132,0.0,0.45425162,0.0,0.0,0.0,0.0,0.39896336,0.0,0.0,0.0,0.0,0.0,0.0,0.0,0.60856843,0.0,0.0,0.0,0.0,0.0,0.82077295,0.50010127,0.0,0.36436257,0.0,0.81817234,1.2352326,0.0,0.6746348,0.0,0.0,0.0,0.0,0.0,0.0,0.0,0.0,0.1956782,0.8145379,0.0,1.4094589,0.0,1.0498236,0.8455665,0.50941694,0.64838946,0.0,0.0,1.594271,0.0,1.3736985,0.0,0.0,0.0,1.0791587,0.0,0.0,1.3168355,0.0,0.0,0.0,0.0042616440064159235,0.20900932959033408,0.021739130434782608,0.2391304347826087
O=S(=O)(Oc1ccc(-c2ccc3sccc3c2)cc1)c1ccc(F)cc1,CHEMBL4528023,O=S(=O)(Oc1ccc(-c2ccc3sccc3c2)cc1)c1ccc(F)cc1,5.68,inactive,Inactive,0.22634628,0.0,0.0,0.0,1.2990701,0.0,0.0,0.0,0.0,0.0,0.0,0.0,0.0,0.0,0.0,0.0,0.0,0.0,0.0,0.0,0.0,0.0,1.425209,0.0,0.41771892,1.3721538,0.0,0.0,0.0,0.0,1.6228422,0.0,0.15600017,1.642264,0.0,0.7887533,1.1798407,0.31518945,0.42975083,0.0,0.0,0.41350546,1.1373878,0.0,1.0450965,0.34810033,0.0,0.0,1.0079604,0.19298404,0.8603075,0.0,0.8875703,0.0,0.0,0.0,0.0,1.1524428,0.0,0.0,0.0,0.0,0.9314171,1.0741975,0.3022861,0.0,1.3356757,0.0,0.25337657,0.0,0.0,0.0,0.0,0.29594606,0.0,0.0,0.0,0.0,0.0,0.0,0.0,0.62065,0.0,0.0,0.0,0.0,0.0,0.8421429,0.5195864,0.0,0.35945487,0.0,0.7252032,1.2634727,0.0,0.7324625,0.0,0.0,0.0,0.0,0.0,0.0,0.0,0.0,0.05110071,0.7611117,0.0,1.3432194,0.0,0.99136883,0.8968582,0.45472237,0.6675376,0.0,0.0,1.6313673,0.0,1.4382402,0.0,0.0,0.0,0.9776169,0.0,0.0,1.195544,0.0,0.0,0.0,0.0019408943267542175,0.2061055457895675,0.043478260869565216,0.17391304347826086
O=S(=O)(Oc1ccc(-c2ccc3sccc3c2)cc1)c1ccccc1,CHEMBL4540118,O=S(=O)(Oc1ccc(-c2ccc3sccc3c2)cc1)c1ccccc1,5.83,inactive,Inactive,0.21911827,0.0,0.0,0.0,1.214942,0.0,0.0,0.0,0.0,0.0,0.0,0.0,0.0,0.0,0.0,0.0,0.0,0.0,0.0,0.0,0.0,0.0,1.4391733,0.0,0.56499624,1.4127126,0.0,0.0,0.0,0.0,1.6479255,0.0,0.14366563,1.5469074,0.0,0.8377884,1.1770422,0.39891943,0.5476851,0.0,0.0,0.41221246,1.1683317,0.0,1.0382235,0.33182645,0.0,0.0,1.0042136,0.34832656,0.8783601,0.0,0.97292113,0.0,0.0,0.0,0.0,1.1814681,0.0,0.0,0.0,0.0,0.86787146,1.1672361,0.309734,0.0,1.3500046,0.0,0.4057524,0.0,0.0,0.0,0.0,0.3605809,0.0,0.0,0.0,0.0,0.0,0.0,0.0,0.5898455,0.0,0.0,0.0,0.0,0.0,0.85219705,0.4746107,0.0,0.3626384,0.0,0.74990815,1.2859613,0.0,0.7284579,0.0,0.0,0.0,0.0,0.0,0.0,0.0,0.0,0.17014056,0.7933768,0.0,1.3354229,0.0,1.0045961,0.8716505,0.50713307,0.68321925,0.0,0.0,1.5523367,0.0,1.428512,0.0,0.0,0.0,1.0164365,0.0,0.0,1.2386949,0.0,0.0,0.0,0.004994445591095476,0.20867730640396054,0.043478260869565216,0.21739130434782608
O=[N+]([O-])O[C@@H]1CC2CCC1[C@@H]2O,CHEMBL1094857,O=[N+]([O-])O[C@@H]1CC2CCC1[C@@H]2O,4.19,inactive,Inactive,0.9179256,0.0,0.0,4.5041523,0.0,0.0,2.1845973,0.0,0.0,0.0,0.0,0.0,0.0,0.0,0.0,0.0,0.0,0.0,0.0,1.0496973,0.0,0.0,0.4368388,2.6968193,0.0,0.82400995,0.0,0.0,0.0,0.0,0.0,0.0,0.0,0.0,0.0,0.0138082355,0.0,0.0,0.0,0.0,2.2946768,0.2778538,0.0,0.0,1.7922285,1.1157472,0.0,0.0,0.19520801,0.0,0.0,0.0,0.0,0.0,0.0,0.0,0.0,0.6796187,0.0,0.0,0.0,2.6197371,0.0,1.1086545,0.17755783,0.0,0.82974553,0.0,0.0,0.0,0.0,0.0,0.0,0.0,0.0,0.0,0.0,0.0,0.0,0.0,0.0,0.0,0.0,0.0,0.0,0.0,0.0,0.21308528,0.0,0.0,1.0100647,0.0,0.0,0.0,0.0,0.0,0.0,0.0,0.0,0.0,0.0,0.7103642,0.0,0.0,0.0,0.56862545,0.0,0.0,0.0,0.0,1.644499,0.9927903,1.288344,0.20946977,0.0,0.0,0.19246575,0.72049147,0.0,0.052214377,0.0,0.0,0.0,3.1584826,0.0,0.0,0.0,0.0,0.726361710715677,0.1462107776555641,0.6956521739130435,0.13043478260869565
O=[N+]([O-])O[C@@H]1CC2c3ccccc3C1[C@@H]2O,CHEMBL1094528,O=[N+]([O-])O[C@@H]1CC2c3ccccc3C1[C@@H]2O,4.01,inactive,Inactive,0.72723174,0.0,0.0,0.0,0.0,0.0,0.8077215,0.0,0.0,0.0,0.0,0.0,0.0,0.0,0.0,0.0,0.0,0.0,0.0,0.59530205,0.0,0.0,0.86719674,0.0,0.3723925,1.4399195,0.0,0.0,0.0,1.0758208,0.0,0.28649786,0.0,0.0,0.0,0.84195036,0.0,0.087250516,0.35193557,0.5771893,1.4968563,0.12166416,0.1766854,0.0,1.0498567,0.5320829,0.0,0.0,0.4101467,0.16394952,0.0,0.0,0.021197626,0.0,0.0,0.0,0.0,0.9471704,0.0,0.0,0.0,0.0,0.0,1.0191027,0.018117517,0.0,0.7918822,0.0,0.087898515,0.0,0.0,0.0,0.0,0.22572942,0.0,0.0,0.0,0.0,0.0,0.0,0.0,0.0,0.0,0.0,0.0,0.2121203,0.78636414,0.15329304,0.0,0.0,0.4974389,0.0,0.0,0.4329698,0.0,0.2529627,0.0,0.0,0.0,0.0,0.0,0.0,0.0,0.0,0.2278044,0.8032035,0.0,0.0,0.0,0.0,0.9501546,0.88969076,0.99219257,0.0,0.0,0.040016256,0.0,1.3002646,0.0,0.0,0.29311195,0.0,0.0,0.0,0.044694737,0.0,0.0,0.0,0.34402598139044077,0.006829268283678255,0.32608695652173914,0.0
O=[N+]([O-])O[C@H]1CC2CCC1[C@@H]2O,CHEMBL1094856,O=[N+]([O-])O[C@H]1CC2CCC1[C@@H]2O,4.14,inactive,Inactive,0.9179256,0.0,0.0,4.5041523,0.0,0.0,2.1845973,0.0,0.0,0.0,0.0,0.0,0.0,0.0,0.0,0.0,0.0,0.0,0.0,1.0496973,0.0,0.0,0.4368388,2.6968193,0.0,0.82400995,0.0,0.0,0.0,0.0,0.0,0.0,0.0,0.0,0.0,0.0138082355,0.0,0.0,0.0,0.0,2.2946768,0.2778538,0.0,0.0,1.7922285,1.1157472,0.0,0.0,0.19520801,0.0,0.0,0.0,0.0,0.0,0.0,0.0,0.0,0.6796187,0.0,0.0,0.0,2.6197371,0.0,1.1086545,0.17755783,0.0,0.82974553,0.0,0.0,0.0,0.0,0.0,0.0,0.0,0.0,0.0,0.0,0.0,0.0,0.0,0.0,0.0,0.0,0.0,0.0,0.0,0.0,0.21308528,0.0,0.0,1.0100647,0.0,0.0,0.0,0.0,0.0,0.0,0.0,0.0,0.0,0.0,0.7103642,0.0,0.0,0.0,0.56862545,0.0,0.0,0.0,0.0,1.644499,0.9927903,1.288344,0.20946977,0.0,0.0,0.19246575,0.72049147,0.0,0.052214377,0.0,0.0,0.0,3.1584826,0.0,0.0,0.0,0.0,0.7266720250099853,0.14510674725884276,0.717391304347826,0.13043478260869565
O=[N+]([O-])O[C@H]1C[C@H](O[N+](=O)[O-])[C@@H](O)C[C@@H]1O,CHEMBL1094530,O=[N+]([O-])O[C@H]1C[C@H](O[N+](=O)[O-])[C@@H](O)C[C@@H]1O,4.06,inactive,Inactive,0.7030488,0.0,0.0,2.984749,0.0,0.0,0.34186617,0.0,0.0,0.0,0.0,0.0,0.0,0.0,0.0,0.0,0.0,0.0,0.0,0.050163157,0.0,0.0,0.29525304,1.5759765,0.0,0.6944969,0.0,0.0,0.0,0.5663836,0.0,0.0,0.0,0.0,0.0,0.19724466,0.0,0.0,0.0,0.0,1.0948881,0.0,0.0,0.0,1.2052011,0.8380658,0.0,0.0,0.0,0.0,0.0,0.0,0.0,0.0,0.0,0.0,0.0,0.45414618,0.0,0.0,0.0,2.0591848,0.0,0.14614081,0.16593415,0.0,0.41459417,0.0,0.0,0.0,0.0,0.0,0.0,0.0,0.0,0.0,0.0,0.0,0.0,0.0,0.0,0.0,0.0,0.0,0.0,0.13241807,0.0983157,0.0,0.0,0.0,0.45342034,0.0,0.0,0.0,0.0,0.0,0.0,0.0,0.0,0.0,0.0,1.2633064,0.0,0.0,0.0,0.5255079,0.0,0.0,0.0,0.0,0.92196095,0.75460565,0.8938665,0.0,0.0,0.0,0.107826285,0.7556871,0.0,0.03834375,0.0,0.0,0.0,2.5790985,0.0,0.0,0.0,0.0,0.7234208678121123,0.14949020231632068,0.717391304347826,0.15217391304347827
O=[N+]([O-])c1ccc(-c2ccc(S(=O)(=O)NC(P(=O)(O)O)P(=O)(O)O)cc2)cc1,CHEMBL3291013,O=[N+]([O-])c1ccc(-c2ccc(S(=O)(=O)NC(P(=O)(O)O)P(=O)(O)O)cc2)cc1,7.15,active,Active,0.0,0.0,0.0,0.0,0.963341,0.0,0.0,0.0,0.0,0.0,0.0,0.0,0.0,0.0,0.0,0.0,0.0,0.0,0.0,0.0,0.0,0.0,0.0,0.0,0.0,0.0,0.0,0.0,0.0,0.0,2.3006117,0.0,0.0,1.5157682,0.0,0.0,1.1569607,0.95814675,0.0,0.0,0.0,0.0,0.75557417,0.0,1.4470387,1.3334143,0.0,0.0,0.0,0.0,0.0,0.0,0.034553897,0.0,0.0,0.0,0.0,0.0,0.0,0.0,0.0,0.0,0.0,0.90952486,0.14396492,0.0,0.0,0.0,0.0,0.0,0.8214666,0.0,0.0,0.0,1.0907714,0.0,0.0,0.0,0.0,0.0,0.0,2.2524238,0.0,0.0,0.0,0.0,0.0,0.0,0.0,0.0,0.0,0.0,1.2378939,0.0,0.0,0.0,0.0,0.0,0.0,0.0,0.0,0.0,0.0,0.0,0.0,0.0,0.0,1.8854032,0.0,0.40826586,0.32301402,0.0,0.0,0.0,0.0,0.0,0.0,0.0,0.0,0.0,0.0,0.9645074,0.0,0.0,1.7395574,0.0,0.0,0.0,0.16828330373564818,0.9432367260894918,0.15217391304347827,0.9347826086956521
O=[N+]([O-])c1ccc(S(=O)(=O)NC(P(=O)(O)O)P(=O)(O)O)cc1,CHEMBL3291007,O=[N+]([O-])c1ccc(S(=O)(=O)NC(P(=O)(O)O)P(=O)(O)O)cc1,5.74,inactive,Inactive,0.0,0.0,0.0,0.0,0.8270936,0.0,0.0,0.0,0.0,0.0,0.0,0.0,0.0,0.0,0.0,0.0,0.0,0.0,0.0,0.0,0.0,0.0,0.0,0.0,0.0,0.0,0.0,0.0,0.0,0.0,2.3692577,0.0,0.0,1.4559349,0.0,0.0,1.0842965,1.0377284,0.0,0.0,0.0,0.0,0.49960434,0.0,1.6520798,1.7747698,0.0,0.0,0.0,0.0,0.0,0.0,0.0,0.0,0.0,0.0,0.0,0.0,0.0,0.0,0.0,0.0,0.0,0.6251075,0.22723846,0.0,0.0,0.0,0.0,0.0,1.7229109,0.0,0.0,0.0,2.494661,0.0,0.0,0.0,0.0,0.0,0.0,2.8505595,0.0,0.0,0.0,0.0,0.0,0.0,0.0,0.0,0.0,0.0,1.3138547,0.0,0.0,0.0,0.0,0.0,0.0,0.0,0.0,0.0,0.0,0.0,0.0,0.0,0.0,1.9845207,0.0,0.09692001,0.19150236,0.0,0.0,0.0,0.0,0.0,0.0,0.0,0.0,0.0,0.0,0.8349572,0.0,0.0,1.8295878,0.0,0.0,0.0,0.15499960904287355,0.94318319331544,0.10869565217391304,0.9347826086956521
O=[N+]([O-])c1ccc(S(=O)(=O)Nc2ccccc2)cc1,CHEMBL362436,O=[N+]([O-])c1ccc(S(=O)(=O)Nc2ccccc2)cc1,5.13,inactive,Inactive,0.0,0.0,0.0,0.0,0.8427293,0.0,0.0,0.0,0.0,0.0,0.0,0.0,0.0,0.0,0.0,0.0,0.0,0.0,0.0,0.0,0.0,0.0,0.4432198,0.0,0.0,0.19140247,0.0,0.0,0.0,0.0,1.588154,0.0,0.0,1.2138575,0.0,0.14986244,0.9758239,0.7891706,0.0,0.0,0.0,0.0,0.94416064,0.0,0.69578385,0.2241329,0.0,0.0,0.037411794,0.0,0.0,0.0,0.75771654,0.0,0.0,0.0,0.0,0.31780848,0.0,0.0,0.0,0.0,0.45574343,1.1844045,0.0,0.0,0.18281552,0.0,0.0,0.0,0.0,0.0,0.0,0.0,0.0,0.0,0.0,0.0,0.0,0.0,0.0,0.98137736,0.0,0.0,0.0,0.0,0.0,0.0,0.0,0.0,0.0,0.0,0.9251824,0.13424389,0.0,0.0,0.0,0.0,0.0,0.0,0.0,0.0,0.0,0.0,0.0,0.08516285,0.019328661,1.2894938,0.0,0.82068884,0.15255812,0.0,0.0,0.0,0.0,1.0543616,0.0,0.094513476,0.0,0.0,0.0,0.84105325,0.0,0.0,1.3539846,0.0,0.0,0.0,0.22238248568427713,0.9592972966881312,0.2391304347826087,0.9347826086956521
O=[N+]([O-])c1cccc(S(=O)(=O)NC(P(=O)(O)O)P(=O)(O)O)c1,CHEMBL3291008,O=[N+]([O-])c1cccc(S(=O)(=O)NC(P(=O)(O)O)P(=O)(O)O)c1,5.42,inactive,Inactive,0.0,0.0,0.0,0.0,0.7831966,0.0,0.0,0.0,0.0,0.0,0.0,0.0,0.0,0.0,0.0,0.0,0.0,0.0,0.0,0.0,0.0,0.0,0.0,0.0,0.0,0.0,0.0,0.0,0.0,0.0,2.3107903,0.0,0.0209505,1.409919,0.0,0.0,1.0387324,0.98092186,0.0,0.0,0.0,0.0,0.45071965,0.0,1.6962758,1.8010827,0.0,0.0,0.0,0.0,0.0,0.0,0.0,0.0,0.0,0.0,0.0,0.0,0.0,0.0,0.0,0.0,0.0,0.5987706,0.26974654,0.0,0.0,0.0,0.0,0.0,1.7443602,0.0,0.0,0.0,2.4631922,0.0,0.0,0.0,0.0,0.0,0.0,2.792832,0.0,0.0,0.0,0.0,0.0,0.0,0.0,0.0,0.0,0.0,1.2630057,0.0,0.0,0.0,0.0,0.0,0.0,0.0,0.0,0.0,0.0,0.0,0.0,0.0,0.0,1.9117957,0.0,0.042785976,0.23725635,0.0,0.0,0.0,0.0,0.0,0.0,0.0,0.0,0.0,0.0,0.78994673,0.0,0.0,1.7640929,0.0,0.0,0.0,0.1539873470776483,0.9391550920425442,0.10869565217391304,0.9130434782608695
O=c1cc(C[n+]2cn(Cc3ccc4ccccc4c3)c3ccccc32)c2ccc(O)c(O)c2o1.[Cl-],CHEMBL5180694,O=c1cc(C[n+]2cn(Cc3ccc4ccccc4c3)c3ccccc32)c2ccc(O)c(O)c2o1.[Cl-],5.22,inactive,Inactive,0.72756875,0.0,0.0,0.0,0.8889173,0.0,1.0064127,0.0,0.3327597,0.0,0.0,0.0,0.0,0.0,0.0,0.0,0.0,0.0,0.0,1.0546085,0.0,0.0,1.765096,0.0,2.3221242,2.3307393,0.0,0.0,0.0,0.84019035,1.2448992,0.13298582,0.18866225,1.1733562,0.0,1.3251302,0.84253794,0.036051925,2.6033323,0.54477465,1.313693,0.5682528,1.0972605,0.0,1.1650987,0.30027002,0.0,0.0,1.3008238,1.6710702,1.1181529,0.0,0.9015581,0.0,0.0,0.0,0.0,1.5614775,0.0,0.0,0.0,0.0,0.95838046,1.1133115,0.24874292,0.0,1.6316984,0.0,1.9602684,0.0,0.0,0.0,0.0,1.9134485,0.0,0.0,0.0,0.0,0.0,0.0,0.0,0.020350583,0.0,0.0,0.0,0.0,0.7470053,1.0400225,0.93702835,0.0,0.8843064,0.0,0.4190675,1.5045679,0.0,1.1179665,0.0,0.0,0.0,0.0,0.0,0.0,0.0,0.0,2.072655,1.3677478,0.0,0.6826304,0.0,0.80426353,1.2010727,0.85853803,1.2512553,0.0,0.0,1.6423317,0.0,2.2395706,0.0,0.0,1.4432797,0.7985381,0.0,0.0,0.68711376,0.0,0.0,0.0,0.3548856291909019,0.12377598119736996,0.32608695652173914,0.15217391304347827
O=c1cc(C[n+]2cn(Cc3ccc4ccccc4c3)c3ccccc32)c2ccc(O)cc2o1.[Cl-],CHEMBL5194812,O=c1cc(C[n+]2cn(Cc3ccc4ccccc4c3)c3ccccc32)c2ccc(O)cc2o1.[Cl-],5.22,inactive,Inactive,0.7478826,0.0,0.0,0.0,0.92205495,0.0,1.0280973,0.0,0.33485848,0.0,0.0,0.0,0.0,0.0,0.0,0.0,0.0,0.0,0.0,1.0826416,0.0,0.0,1.8104907,0.0,2.3703184,2.3825989,0.0,0.0,0.0,0.8421499,1.2709328,0.13061097,0.19740403,1.2168891,0.0,1.3532448,0.8678885,0.026217155,2.6613784,0.53566724,1.3292289,0.5902375,1.1201938,0.0,1.190734,0.30774707,0.0,0.0,1.3373579,1.7065536,1.1481999,0.0,0.9245629,0.0,0.0,0.0,0.0,1.5985762,0.0,0.0,0.0,0.0,0.9900406,1.1277846,0.254379,0.0,1.6744633,0.0,2.0014145,0.0,0.0,0.0,0.0,1.9589555,0.0,0.0,0.0,0.0,0.0,0.0,0.0,0.020045158,0.0,0.0,0.0,0.0,0.74981576,1.0684144,0.9643713,0.0,0.9049945,0.0,0.42659792,1.5425763,0.0,1.1477077,0.0,0.0,0.0,0.0,0.0,0.0,0.0,0.0,2.116998,1.3951705,0.0,0.7009287,0.0,0.8223853,1.2341061,0.8710096,1.2802284,0.0,0.0,1.6867843,0.0,2.2993672,0.0,0.0,1.4654031,0.81458896,0.0,0.0,0.69725794,0.0,0.0,0.0,0.35592470870171944,0.12432366127938364,0.34782608695652173,0.13043478260869565
O=c1cc(Cn2c[n+](CCCCCn3c[n+](Cc4cc(=O)oc5cc(O)ccc45)c4ccccc43)c3ccccc32)c2ccc(O)cc2o1.[Cl-].[Cl-],CHEMBL5179974,O=c1cc(Cn2c[n+](CCCCCn3c[n+](Cc4cc(=O)oc5cc(O)ccc45)c4ccccc43)c3ccccc32)c2ccc(O)cc2o1.[Cl-].[Cl-],4.05,inactive,Inactive,0.7273755,0.0,0.0,0.0,0.38970158,0.0,1.1445503,0.0,0.1163511,0.0,0.0,0.0,0.0,0.0,0.0,0.0,0.0,0.0,0.0,1.176956,0.0,0.0,1.7560785,0.0,1.6509237,2.2363677,0.0,0.0,0.0,0.47956613,0.3812397,0.0,0.22695905,0.6458571,0.0,1.2532423,0.29759118,0.0,1.8159294,0.0,1.3142153,0.6923195,0.5062633,0.0,1.3346739,0.3784716,0.0,0.0,1.2987739,0.94650114,1.189711,0.0,0.47968638,0.0,0.0,0.0,0.0,1.5434054,0.0,0.0,0.0,0.0,0.6165405,0.8180542,0.4617262,0.0,1.7379273,0.0,1.2890906,0.0,0.0,0.0,0.0,1.3413929,0.0,0.0,0.0,0.0,0.0,0.0,0.0,0.0,0.0,0.0,0.0,0.0,0.1659262,1.061248,0.5127455,0.0,1.0241432,0.0,0.0,1.6459794,0.0,1.2743245,0.0,0.0,0.0,0.0,0.0,0.0,0.0,0.0,1.5507852,1.3415766,0.0,0.0,0.0,0.23356703,1.2738475,0.74150896,1.3904226,0.0,0.0,1.0548191,0.0,2.2399454,0.0,0.0,0.7787156,0.21511763,0.0,0.0,0.0,0.0,0.0,0.0,0.37840824095356906,0.14317951662913941,0.3913043478260869,0.15217391304347827
O=c1cc(Cn2c[n+](CCCCn3c[n+](Cc4cc(=O)oc5cc(O)ccc45)c4ccccc43)c3ccccc32)c2ccc(O)cc2o1.[Cl-].[Cl-],CHEMBL5174251,O=c1cc(Cn2c[n+](CCCCn3c[n+](Cc4cc(=O)oc5cc(O)ccc45)c4ccccc43)c3ccccc32)c2ccc(O)cc2o1.[Cl-].[Cl-],4.03,inactive,Inactive,0.6920465,0.0,0.0,0.0,0.54562414,0.0,1.073183,0.0,0.13786857,0.0,0.0,0.0,0.0,0.0,0.0,0.0,0.0,0.0,0.0,1.1143585,0.0,0.0,1.7414712,0.0,1.7486011,2.2112057,0.0,0.0,0.0,0.5198492,0.56674486,0.0,0.21801743,0.8180477,0.0,1.2395681,0.4296598,0.0,1.9415956,0.0,1.252631,0.6556948,0.63113105,0.0,1.2703726,0.3399726,0.0,0.0,1.2826757,1.0416209,1.1725687,0.0,0.54990995,0.0,0.0,0.0,0.0,1.5169449,0.0,0.0,0.0,0.0,0.7340793,0.8415751,0.42232877,0.0,1.7075526,0.0,1.378989,0.0,0.0,0.0,0.0,1.4408079,0.0,0.0,0.0,0.0,0.0,0.0,0.0,0.0,0.0,0.0,0.0,0.0,0.25479376,1.0290656,0.61261,0.0,0.9620227,0.0,0.0035838932,1.6235213,0.0,1.2489434,0.0,0.0,0.0,0.0,0.0,0.0,0.0,0.0,1.6255596,1.2992208,0.0,0.07856889,0.0,0.3910043,1.2303863,0.72048336,1.3365581,0.0,0.0,1.2375834,0.0,2.224638,0.0,0.0,0.8660932,0.3376795,0.0,0.0,0.10788803,0.0,0.0,0.0,0.3776169155525563,0.1443108048991312,0.3695652173913043,0.17391304347826086
O=c1oc2cc(O)ccc2s1,CHEMBL442687,O=c1oc2cc(O)ccc2s1,5.75,inactive,Inactive,1.5774503,0.0,0.0,0.0,0.0,0.0,2.703081,0.0,1.183186,0.0,0.0,0.0,0.0,0.0,0.0,0.0,0.0,0.0,0.0,2.770048,0.0,0.0,3.321278,0.0,2.4113686,3.6764698,0.0,0.0,0.0,0.0,0.0,0.0,0.9686239,0.0,0.0,2.6143816,0.0,0.0,2.5326133,0.0,1.988221,2.0903735,0.0,0.0,2.1593978,0.86945045,0.0,0.0,2.8032334,0.9757809,3.1837733,0.0,0.0,0.0,0.21245044,0.0,0.0,2.8212786,0.0,0.0,0.0,0.0,0.0,0.0,1.813063,0.0,3.6358893,0.0,2.0671554,0.0,0.0,0.0,0.0,1.5819889,0.0,0.0,0.0,0.0,0.0,0.0,0.0,0.0,0.0,0.0,0.0,0.0,0.0,2.5905218,0.0,0.0,2.4414604,0.0,0.0,3.7898645,0.0,3.0742266,0.0,0.0,0.0,0.0,0.0,0.0,0.0,0.0,2.5301287,2.2787414,0.0,0.0,0.0,0.0,2.4059935,1.3749834,3.0151012,0.0,0.0,0.0,0.0,4.128991,0.0,0.16453215,1.1844363,0.0,0.0,0.0,0.0,0.0,0.0,0.0,0.3453222754690957,0.08196043996298005,0.34782608695652173,0.08695652173913043
O=c1oc2ccccc2c(Cl)c1/C=N/c1ccc(S(=O)(=O)Nc2nccs2)cc1,CHEMBL2408075,O=c1oc2ccccc2c(Cl)c1/C=N/c1ccc(S(=O)(=O)Nc2nccs2)cc1,7.24,active,Active,0.9015144,0.0,0.0,0.0,0.0,0.0,0.0,0.0,0.0,0.0,0.0,0.0,0.0,0.0,0.0,0.0,0.0,0.0,0.0,0.27904356,0.0,0.0,2.1024973,0.0,0.0,2.046838,0.0,0.0,0.0,0.0,0.0,0.0,0.5569943,0.0,0.0,1.5132331,0.0,0.0,0.0,0.0,0.0,1.261203,0.0,0.0,1.8341031,0.9428395,0.0,0.0,1.6646914,0.0,1.795624,0.0,0.0,0.0,0.040925987,0.0,0.0,1.7956003,0.0,0.0,0.0,0.0,0.0,0.0,1.2397414,0.0,2.2417667,0.0,0.0,0.0,0.0,0.0,0.0,0.0,0.0,0.0,0.0,0.0,0.0,0.0,0.0,0.0,0.0,0.0,0.0,0.0,0.0,1.5888371,0.0,0.0,1.2759353,0.0,0.0,2.3423831,0.0,1.707327,0.0,0.0,0.0,0.0,0.0,0.0,0.0,0.0,0.0,1.3673036,0.0,0.0,0.0,0.0,1.6068029,0.8846161,1.7461337,0.0,0.0,0.0,0.0,2.344885,0.0,0.0,0.0,0.0,0.0,0.0,0.0,0.0,0.0,0.0,0.6930567000541704,0.5213300184485938,0.717391304347826,0.5
[Cl-].[Cl-].[Zn+2],CHEMBL1200679,[Cl-].[Cl-].[Zn+2],5.94,inactive,Inactive,0.0,0.0,0.0,0.0,1.3428156,0.0,0.0,0.0,0.0,0.0,0.0,0.0,0.0,0.0,0.0,0.0,0.0,0.0,0.0,0.0,0.0,0.0,0.0,0.0,0.0,0.0,0.0,0.0,0.0,0.0,2.7561624,0.0,0.0,2.1292918,0.0,0.0,1.5134616,1.0826457,0.0,0.0,0.0,0.0,0.7590675,0.0,0.7070516,0.99360764,0.0,0.0,0.0,0.0,0.0,0.0,0.0,0.0,0.0,0.0,0.0,0.0,0.0,0.0,0.0,0.0,0.4821728,0.5645094,0.0,0.0,0.0,0.0,0.0,0.0,1.5083258,0.0,0.0,0.0,2.8734875,0.0,0.0,0.0,0.0,0.0,0.0,2.9885626,0.0,0.0,0.0,0.0,0.0,0.0,0.0,0.0,0.0,0.0,1.6384892,0.0,0.0,0.0,0.0,0.0,0.0,0.0,0.0,0.0,0.0,0.0,0.0,0.0,0.0,2.4168708,0.0,0.8849347,0.0,0.0,0.0,0.0,0.0,0.3551506,0.0,0.0,0.0,0.0,0.0,1.2095981,0.0,0.8768827,2.3345172,0.0,0.0,0.0,0.16207597529714501,0.9619716464031426,0.13043478260869565,1.0
[NH-]S(=O)(=O)C(F)(F)C(F)(F)C(F)(F)C(F)(F)C(F)(F)C(F)(F)F.[Na+],CHEMBL1076889,[NH-]S(=O)(=O)C(F)(F)C(F)(F)C(F)(F)C(F)(F)C(F)(F)C(F)(F)F.[Na+],6.91,medium,Medium,0.0,0.0,0.0,0.0,1.7852622,0.0,0.0,0.0,0.0,0.0,0.0,0.0,0.0,0.0,0.0,0.0,0.0,0.0,0.0,0.0,0.0,0.0,0.0,0.0,0.0,0.0,0.0,0.0,0.0,0.0,4.3020053,0.0,0.0,3.3140018,0.0,0.0,2.0986147,1.4886363,0.0,0.0,0.0,0.0,0.83932185,0.0,1.7478209,2.0648408,0.0,0.0,0.0,0.0,0.0,0.0,0.0,0.0,0.0,0.0,0.0,0.0,0.0,0.0,0.0,0.0,0.2287067,0.769614,0.0,0.0,0.0,0.0,0.0,0.0,3.021236,0.0,0.0,0.0,5.4496155,0.0,0.0,0.0,0.0,0.0,0.0,5.206604,0.0,0.0,0.0,0.0,0.0,0.0,0.0,0.0,0.0,0.0,2.4413452,0.0,0.0,0.0,0.0,0.0,0.0,0.0,0.0,0.0,0.0,0.0,0.0,0.0,0.0,3.6774106,0.0,1.0256939,0.0,0.0,0.0,0.0,0.0,0.0,0.0,0.0,0.0,0.0,0.0,1.5110853,0.0,0.7234117,3.3502312,0.0,0.0,0.0,0.15575112021544202,0.9555003093225213,0.10869565217391304,0.9782608695652174
